,main_position,player_id,player_name,team,team_id,minutes_played,progressive_carries_rate,progressive_carries_per90,tackle_success_rate,tackles_successful_per90,interceptions_per90,interception_success_rate,clearances_per90,blocks_per90,duels_won_per90,times_dribbled_past_per90,progressive_passes_per90,duel_success_rate,goals_scored_per90,chances_created_per90
7,Right Center Back,3253,Adil Rami,Sevilla,213,2604,48.96694214876033,46.69421487603306,45.66115702479338,1.0330578512396695,48.34710743801653,100.0,7.43801652892562,6.40495867768595,2.066115702479339,8.057851239669422,47.31404958677686,58.057851239669425,21.90082644628099,59.917355371900825
9,Right Center Back,3324,Eric Bertrand Bailly,Villarreal,222,2328,42.561983471074385,35.12396694214876,25.6198347107438,60.33057851239669,61.98347107438017,33.67768595041322,37.60330578512397,19.421487603305785,65.9090909090909,2.479338842975207,25.206611570247933,37.1900826446281,21.90082644628099,37.1900826446281
17,Right Center Back,3638,Shkodran Mustafi,Valencia,207,2791,36.36363636363637,58.67768595041323,57.85123966942148,95.86776859504133,92.97520661157024,59.29752066115702,56.81818181818182,77.68595041322314,95.86776859504133,91.32231404958677,82.64462809917356,53.51239669421488,72.52066115702479,29.958677685950413
21,Left Center Back,4353,Aymeric Laporte,Athletic Club,215,2322,95.86776859504133,81.40495867768594,38.429752066115704,60.33057851239669,58.67768595041323,15.702479338842975,11.15702479338843,39.87603305785124,65.9090909090909,70.45454545454545,87.19008264462809,51.03305785123967,92.76859504132231,77.27272727272727
22,Left Center Back,4406,Aymen Abdennour,Valencia,207,2054,32.438016528925615,44.214876033057855,79.54545454545455,55.99173553719008,88.42975206611571,65.9090909090909,11.983471074380166,54.132231404958674,44.421487603305785,75.20661157024794,18.801652892561986,41.942148760330575,21.90082644628099,44.214876033057855
24,Right Center Back,4498,Jean-Sylvain Claude Babin,Granada,1049,2336,41.735537190082646,15.909090909090908,31.40495867768595,3.925619834710744,25.0,5.991735537190083,61.15702479338842,13.016528925619836,5.371900826446281,9.50413223140496,14.46280991735537,43.18181818181818,92.76859504132231,22.107438016528928
34,Left Center Back,5201,Sergio Ramos García,Real Madrid,220,2128,16.94214876033058,59.50413223140496,84.29752066115702,57.64462809917356,94.21487603305785,80.37190082644628,9.297520661157025,58.47107438016529,61.15702479338842,80.16528925619835,76.85950413223141,88.22314049586777,81.81818181818183,86.36363636363636
35,Left Center Back,5202,José Ignacio Fernández Iglesias,Real Madrid,220,1114,7.43801652892562,10.330578512396695,23.140495867768596,45.45454545454545,96.07438016528926,99.58677685950413,11.983471074380166,88.01652892561982,40.082644628099175,69.62809917355372,6.6115702479338845,17.56198347107438,21.90082644628099,55.16528925619835
39,Right Center Back,5213,Gerard Piqué Bernabéu,Barcelona,217,2770,94.62809917355372,98.7603305785124,7.024793388429752,14.669421487603307,22.31404958677686,26.446280991735538,40.909090909090914,26.65289256198347,16.94214876033058,68.38842975206612,85.12396694214877,11.570247933884298,72.52066115702479,55.16528925619835
43,Left Center Back,5249,Diego Roberto Godín Leal,Atlético Madrid,212,2885,69.21487603305785,25.206611570247933,19.834710743801654,67.97520661157024,91.52892561983471,70.24793388429752,33.264462809917354,11.15702479338843,67.97520661157024,63.63636363636363,21.90082644628099,19.834710743801654,51.2396694214876,29.958677685950413
44,Right Center Back,5259,José María Giménez de Vargas,Atlético Madrid,212,2506,50.0,16.94214876033058,40.082644628099175,77.68595041322314,37.8099173553719,14.049586776859504,42.14876033057851,31.818181818181817,80.78512396694215,72.72727272727273,48.34710743801653,45.45454545454545,51.2396694214876,80.57851239669421
49,Right Center Back,5485,Raphaël Varane,Real Madrid,220,2139,3.71900826446281,38.01652892561984,7.851239669421488,16.528925619834713,80.57851239669421,62.396694214876035,46.69421487603306,71.48760330578511,20.041322314049587,29.958677685950413,26.65289256198347,11.983471074380166,21.90082644628099,10.330578512396695
53,Left Center Back,5506,Javier Alejandro Mascherano,Barcelona,217,2864,85.9504132231405,97.52066115702479,68.59504132231406,86.98347107438018,28.09917355371901,19.00826446280992,4.132231404958678,69.62809917355372,88.42975206611571,89.46280991735537,96.69421487603306,75.20661157024794,21.90082644628099,88.42975206611571
62,Left Center Back,5598,Óscar Esau Duarte Gaitán,Espanyol,214,1215,24.380165289256198,14.256198347107437,15.702479338842975,13.429752066115702,75.82644628099173,30.991735537190085,67.35537190082644,43.18181818181818,15.082644628099173,71.28099173553719,56.19834710743802,24.586776859504134,77.27272727272727,48.14049586776859
80,Right Center Back,6376,Stefan Savić,Atlético Madrid,212,937,4.132231404958678,12.396694214876034,99.17355371900827,84.71074380165288,70.24793388429752,44.421487603305785,38.84297520661157,0.8264462809917356,76.44628099173553,50.413223140495866,43.388429752066116,95.0413223140496,21.90082644628099,3.71900826446281
103,Right Center Back,6561,Luis Hernández Rodríguez,Sporting Gijón,1041,3351,54.132231404958674,23.553719008264462,36.77685950413223,18.181818181818183,100.0,84.29752066115702,50.82644628099173,4.545454545454546,21.487603305785125,13.223140495867769,68.18181818181817,48.553719008264466,21.90082644628099,93.38842975206612
107,Left Center Back,6573,Bernardo José Espinosa Zúñiga,Sporting Gijón,1041,1494,31.818181818181817,9.50413223140496,98.7603305785124,52.47933884297521,86.15702479338843,44.421487603305785,77.06611570247934,86.98347107438018,55.578512396694215,53.925619834710744,40.082644628099175,99.17355371900827,72.52066115702479,79.13223140495867
111,Left Center Back,6592,Rúben Miguel Nunes Vezo,Valencia,207,927,58.67768595041323,55.78512396694215,7.851239669421488,89.25619834710744,99.58677685950413,51.652892561983464,50.0,99.17355371900827,77.89256198347107,99.58677685950413,88.01652892561982,2.066115702479339,21.90082644628099,86.36363636363636
124,Left Center Back,6614,Alexis Ruano Delgado,Getafe,216,1394,13.636363636363635,12.8099173553719,38.429752066115704,12.396694214876034,89.25619834710744,23.96694214876033,27.27272727272727,15.702479338842975,4.545454545454546,85.3305785123967,19.834710743801654,9.917355371900827,72.52066115702479,94.42148760330579
134,Left Center Back,6647,Zouhair Feddal,Levante UD,221,2606,88.01652892561982,64.46280991735537,45.66115702479338,27.892561983471076,92.14876033057851,28.512396694214875,87.19008264462809,25.0,26.65289256198347,46.48760330578512,86.15702479338843,35.9504132231405,51.2396694214876,71.900826446281
143,Left Center Back,6665,Íñigo Martínez Berridi,Real Sociedad,210,2787,86.57024793388429,90.49586776859503,71.900826446281,69.21487603305785,84.29752066115702,28.92561983471074,16.735537190082646,20.24793388429752,64.25619834710744,74.79338842975206,88.84297520661157,61.98347107438017,51.2396694214876,18.388429752066116
164,Left Center Back,6702,David Rodríguez Lombán,Granada,1049,2707,19.834710743801654,6.198347107438017,21.90082644628099,1.6528925619834711,73.34710743801654,52.066115702479344,34.29752066115703,67.35537190082644,1.0330578512396695,65.28925619834712,22.727272727272727,18.59504132231405,21.90082644628099,18.388429752066116
169,Right Center Back,6713,Diego Javier Llorente Ríos,Rayo Vallecano,360,3066,27.685950413223143,56.611570247933884,10.330578512396695,47.72727272727273,87.80991735537191,66.73553719008265,10.743801652892563,47.93388429752066,48.96694214876033,70.45454545454545,46.28099173553719,10.743801652892563,65.70247933884298,77.27272727272727
175,Right Center Back,6727,Raúl Albentosa Redal,Málaga,223,2514,96.69421487603306,45.04132231404959,56.19834710743802,40.289256198347104,84.29752066115702,52.892561983471076,39.87603305785124,17.768595041322314,42.768595041322314,77.89256198347107,89.6694214876033,56.19834710743802,77.27272727272727,84.29752066115702
191,Left Center Back,6752,Víctor Ruíz Torre,Villarreal,222,2986,86.57024793388429,88.42975206611571,52.47933884297521,11.776859504132231,97.93388429752066,88.42975206611571,35.9504132231405,43.18181818181818,11.776859504132231,25.413223140495866,73.96694214876032,51.03305785123967,21.90082644628099,3.71900826446281
195,Right Center Back,6762,Álvaro González Soberón,Espanyol,214,3351,84.71074380165288,57.02479338842975,91.94214876033058,40.289256198347104,50.20661157024794,42.768595041322314,53.71900826446281,22.520661157024794,40.082644628099175,52.68595041322314,83.88429752066115,88.22314049586777,21.90082644628099,86.36363636363636
205,Left Center Back,6777,Sidnei Rechel da Silva Júnior,RC Deportivo La Coruña,219,3067,18.181818181818183,54.33884297520662,93.38842975206612,70.24793388429752,96.69421487603306,85.53719008264463,42.561983471074385,3.71900826446281,73.14049586776859,38.22314049586777,54.958677685950406,94.62809917355372,21.90082644628099,48.14049586776859
206,Left Center Back,6778,Iván Ramis Barrios,Eibar,322,1949,21.90082644628099,28.719008264462808,84.29752066115702,3.925619834710744,78.92561983471074,77.68595041322314,45.04132231404959,2.6859504132231407,5.371900826446281,23.140495867768596,42.561983471074385,88.22314049586777,21.90082644628099,63.42975206611571
210,Right Center Back,6788,Xabier Etxeita Gorritxategi,Athletic Club,215,2601,90.49586776859503,62.8099173553719,27.066115702479337,38.84297520661157,42.768595041322314,4.132231404958678,19.421487603305785,60.9504132231405,34.090909090909086,65.28925619834712,57.02479338842975,20.867768595041323,21.90082644628099,59.917355371900825
214,Right Center Back,6794,Gustavo Daniel Cabral Cáceres,Celta Vigo,209,2892,39.66942148760331,76.03305785123968,67.76859504132231,94.21487603305785,78.92561983471074,16.94214876033058,29.75206611570248,30.785123966942145,91.32231404958677,95.0413223140496,40.909090909090914,52.47933884297521,21.90082644628099,29.958677685950413
220,Left Center Back,6804,Sergi Gómez Solà,Celta Vigo,209,2699,1.2396694214876034,19.421487603305785,64.87603305785123,59.09090909090909,95.0413223140496,61.15702479338842,32.02479338842975,47.107438016528924,55.578512396694215,66.73553719008265,41.735537190082646,59.71074380165289,21.90082644628099,44.214876033057855
223,Left Center Back,6825,Daniel Filipe Martins Carriço,Sevilla,213,1027,65.9090909090909,54.958677685950406,61.77685950413223,52.47933884297521,65.08264462809917,26.446280991735538,69.42148760330579,61.98347107438017,55.578512396694215,54.958677685950406,34.710743801652896,73.96694214876032,81.81818181818183,25.413223140495866
224,Right Center Back,6827,Daniele Bonera,Villarreal,222,926,37.1900826446281,56.19834710743802,4.545454545454546,5.371900826446281,50.20661157024794,37.60330578512397,3.512396694214876,39.87603305785124,6.8181818181818175,13.223140495867769,63.42975206611571,5.785123966942149,21.90082644628099,29.958677685950413
228,Right Center Back,6837,Mauro Javier Dos Santos,Eibar,322,2793,23.34710743801653,18.59504132231405,78.51239669421489,64.6694214876033,71.07438016528926,54.958677685950406,44.62809917355372,9.917355371900827,69.42148760330579,83.05785123966942,66.94214876033058,83.26446280991735,21.90082644628099,29.958677685950413
238,Left Center Back,6861,Juan Torres Ruiz,Getafe,216,1956,21.487603305785125,27.479338842975203,86.36363636363636,92.14876033057851,95.45454545454545,89.25619834710744,39.25619834710744,36.77685950413223,90.49586776859503,46.48760330578512,65.70247933884298,79.54545454545455,59.29752066115702,63.42975206611571
242,Right Center Back,6869,Alejandro Arribas Garrido,RC Deportivo La Coruña,219,2885,34.29752066115703,28.09917355371901,89.6694214876033,78.51239669421489,91.52892561983471,66.73553719008265,55.371900826446286,26.65289256198347,80.78512396694215,92.56198347107438,46.69421487603306,84.0909090909091,72.52066115702479,40.70247933884297
243,Left Center Back,6872,Bruno González Cabrera,Real Betis,218,2988,1.6528925619834711,10.743801652892563,56.19834710743802,73.55371900826447,82.85123966942149,37.1900826446281,85.53719008264463,23.553719008264462,73.14049586776859,57.64462809917356,13.842975206611571,54.132231404958674,21.90082644628099,3.71900826446281
265,Right Center Back,7034,Mateo Pablo Musacchio,Villarreal,222,1119,77.27272727272727,70.0413223140496,78.099173553719,76.65289256198346,53.51239669421488,69.21487603305785,18.181818181818183,35.53719008264463,55.578512396694215,26.446280991735538,33.88429752066116,33.264462809917354,81.81818181818183,55.16528925619835
270,Right Center Back,7161,Germán Alejandro Pezzella,Real Betis,218,2142,7.024793388429752,13.223140495867769,81.19834710743802,83.05785123966942,89.25619834710744,51.03305785123967,73.55371900826447,83.26446280991735,79.13223140495867,91.73553719008265,42.14876033057851,67.76859504132231,94.83471074380165,10.330578512396695
280,Left Center Back,7907,Pedro Bigas Rigo,Las Palmas,208,2418,57.85123966942148,80.16528925619835,60.537190082644635,71.900826446281,98.34710743801654,77.27272727272727,67.97520661157024,51.652892561983464,73.14049586776859,33.264462809917354,17.97520661157025,65.49586776859503,92.76859504132231,63.42975206611571
287,Right Center Back,8440,Aythami Artiles Oliva,Las Palmas,208,2795,29.75206611570248,49.586776859504134,84.29752066115702,59.09090909090909,50.20661157024794,24.380165289256198,77.68595041322314,34.29752066115703,64.25619834710744,59.917355371900825,73.14049586776859,88.22314049586777,21.90082644628099,55.16528925619835
295,Left Center Back,8818,Jorge Meré Pérez,Sporting Gijón,1041,2230,7.851239669421488,8.057851239669422,30.57851239669421,79.13223140495867,67.35537190082644,36.77685950413223,36.36363636363637,15.082644628099173,79.13223140495867,74.17355371900827,13.842975206611571,27.27272727272727,21.90082644628099,10.330578512396695
300,Left Center Back,10476,Timothée Kolodziejczak,Sevilla,213,2420,93.80165289256198,89.6694214876033,12.190082644628099,26.65289256198347,75.82644628099173,74.3801652892562,3.512396694214876,2.066115702479339,30.37190082644628,36.98347107438016,70.86776859504133,20.24793388429752,21.90082644628099,48.14049586776859
301,Left Center Back,10609,Jérémy Mathieu,Barcelona,217,1106,80.78512396694215,96.69421487603306,49.79338842975206,36.570247933884296,77.47933884297521,96.69421487603306,39.87603305785124,72.52066115702479,41.52892561983471,48.760330578512395,54.132231404958674,65.49586776859503,21.90082644628099,89.87603305785123
331,Left Center Back,16456,Enzo Pablo Roco Roco,Espanyol,214,2418,25.6198347107438,24.380165289256198,15.702479338842975,13.429752066115702,85.12396694214877,85.9504132231405,52.47933884297521,44.214876033057855,12.396694214876034,71.28099173553719,43.80165289256198,14.256198347107437,77.27272727272727,22.107438016528928
332,Right Center Back,16539,Diego Antonio Reyes Rosales,Real Sociedad,210,2419,21.074380165289256,40.909090909090914,82.23140495867769,86.36363636363636,99.17355371900827,90.28925619834712,18.59504132231405,44.214876033057855,89.87603305785123,52.68595041322314,33.057851239669425,85.9504132231405,77.27272727272727,63.42975206611571
333,Right Center Back,16622,Mikel González de Martín Martínez,Real Sociedad,210,1575,65.28925619834712,51.652892561983464,27.892561983471076,40.289256198347104,65.70247933884298,36.36363636363637,65.08264462809917,50.82644628099173,46.074380165289256,76.44628099173553,27.27272727272727,38.63636363636363,21.90082644628099,14.46280991735537
335,Right Center Back,17054,Emiliano Daniel Velázquez Maldonado,Getafe,216,1023,2.8925619834710745,8.677685950413224,48.34710743801653,91.11570247933885,93.80165289256198,47.31404958677686,26.446280991735538,14.256198347107437,87.19008264462809,83.05785123966942,70.24793388429752,31.198347107438018,100.0,92.97520661157024
345,Left Center Back,19454,Ricardo Miguel Moreira da Costa,Granada,1049,1308,9.50413223140496,11.570247933884298,45.66115702479338,27.892561983471076,17.768595041322314,57.85123966942148,34.917355371900825,31.818181818181817,32.02479338842975,19.62809917355372,16.528925619834713,58.057851239669425,72.52066115702479,18.388429752066116
349,Right Center Back,20016,Kléper Laveran Lima Ferreira,Real Madrid,220,1942,51.652892561983464,62.1900826446281,93.80165289256198,54.54545454545454,81.40495867768594,67.35537190082644,6.6115702479338845,63.63636363636363,44.421487603305785,79.13223140495867,48.760330578512395,75.6198347107438,59.29752066115702,89.87603305785123
416,Right Center Back,26012,David Navarro Pedrós,Levante UD,221,1859,29.338842975206614,19.00826446280992,39.46280991735537,15.495867768595042,56.81818181818182,19.00826446280992,43.388429752066116,5.371900826446281,13.842975206611571,36.98347107438016,31.818181818181817,33.264462809917354,21.90082644628099,3.71900826446281
420,Right Center Back,26087,Carlos Gurpegi Nausia,Athletic Club,215,1114,22.31404958677686,21.90082644628099,35.74380165289256,35.33057851239669,92.56198347107438,83.67768595041323,61.15702479338842,12.190082644628099,40.082644628099175,96.69421487603306,51.652892561983464,47.31404958677686,21.90082644628099,55.16528925619835
424,Right Center Back,26222,José Eduardo Rosa Vale de Castro,Rayo Vallecano,360,2048,74.79338842975206,63.42975206611571,15.702479338842975,44.421487603305785,67.97520661157024,53.51239669421488,20.66115702479339,14.256198347107437,44.421487603305785,31.611570247933884,97.10743801652893,16.528925619834713,81.81818181818183,72.93388429752066
434,Left Center Back,26669,Weligton Róbson Pena de Oliveira,Málaga,223,2792,24.793388429752067,27.479338842975203,88.84297520661157,67.97520661157024,66.94214876033058,22.31404958677686,41.52892561983471,39.87603305785124,67.97520661157024,87.39669421487604,83.47107438016529,82.23140495867769,21.90082644628099,68.18181818181817
456,Right Center Back,27144,Antonio Amaya Carazo,Rayo Vallecano,360,929,12.396694214876034,36.36363636363637,1.2396694214876034,30.37190082644628,90.70247933884298,30.991735537190085,61.15702479338842,90.9090909090909,36.77685950413223,83.05785123966942,72.31404958677686,2.8925619834710745,86.98347107438018,3.71900826446281
460,Right Center Back,27184,Marcos Alberto Angeleri,Málaga,223,1209,71.07438016528926,46.074380165289256,3.71900826446281,26.65289256198347,65.08264462809917,49.586776859504134,33.264462809917354,3.3057851239669422,15.082644628099173,13.223140495867769,17.97520661157025,0.8264462809917356,21.90082644628099,48.14049586776859
461,Left Center Back,27239,Aleksandar Pantić,Eibar,322,1673,4.545454545454546,4.132231404958678,9.917355371900827,18.181818181818183,82.85123966942149,29.545454545454547,66.11570247933885,11.15702479338843,15.082644628099173,76.44628099173553,45.24793388429752,7.231404958677685,21.90082644628099,14.46280991735537
475,Left Center Back,27349,Heiko Westermann,Real Betis,218,1866,28.92561983471074,20.66115702479339,62.396694214876035,83.05785123966942,71.07438016528926,48.34710743801653,90.49586776859503,26.65289256198347,82.85123966942149,88.63636363636364,16.115702479338843,53.51239669421488,59.29752066115702,29.958677685950413
477,Right Center Back,27403,Santiago Vergini,Getafe,216,2230,31.198347107438018,39.66942148760331,69.62809917355372,52.47933884297521,98.7603305785124,70.66115702479338,12.8099173553719,5.371900826446281,48.96694214876033,84.0909090909091,20.24793388429752,58.057851239669425,21.90082644628099,10.330578512396695
482,Left Center Back,27482,Aderllan Leandro de Jesus Santos,Valencia,207,1581,32.438016528925615,23.140495867768596,0.8264462809917356,52.47933884297521,89.25619834710744,61.98347107438017,41.52892561983471,54.958677685950406,46.074380165289256,63.63636363636363,9.710743801652892,0.4132231404958678,21.90082644628099,14.46280991735537
487,Right Center Back,27656,Carl Medjani,Levante UD,221,1307,79.13223140495867,58.26446280991735,97.52066115702479,22.520661157024794,9.710743801652892,7.43801652892562,43.80165289256198,9.090909090909092,25.413223140495866,28.305785123966942,50.82644628099173,98.7603305785124,72.52066115702479,71.900826446281
500,Left Center Back,3041,Ciaran Clark,Aston Villa,59,1513,54.958677685950406,47.31404958677686,2.6859504132231407,9.297520661157025,72.10743801652893,47.31404958677686,93.18181818181817,73.55371900826447,10.743801652892563,35.53719008264463,35.12396694214876,3.925619834710744,65.70247933884298,59.917355371900825
502,Right Center Back,3044,Chancel Mbemba Mangulu,Newcastle United,37,3108,84.29752066115702,52.892561983471076,41.735537190082646,84.29752066115702,66.32231404958677,40.082644628099175,97.52066115702479,53.30578512396694,85.53719008264463,81.81818181818183,55.371900826446286,42.561983471074385,21.90082644628099,37.1900826446281
511,Left Center Back,3077,Jan Vertonghen,Tottenham Hotspur,38,2718,79.75206611570248,85.9504132231405,96.07438016528926,75.41322314049587,8.057851239669422,11.776859504132231,46.074380165289256,41.735537190082646,74.58677685950413,31.611570247933884,47.31404958677686,95.86776859504133,21.90082644628099,55.16528925619835
512,Left Center Back,3081,Jamaal Lascelles,Newcastle United,37,942,52.066115702479344,41.32231404958678,0.4132231404958678,1.0330578512396695,97.31404958677686,56.611570247933884,99.58677685950413,85.74380165289256,2.066115702479339,35.53719008264463,26.033057851239672,1.2396694214876034,99.17355371900827,68.18181818181817
516,Right Center Back,3090,Nicolás Hernán Otamendi,Manchester City,36,2807,45.867768595041326,83.47107438016529,53.71900826446281,95.45454545454545,96.07438016528926,73.14049586776859,91.32231404958677,28.305785123966942,97.31404958677686,95.0413223140496,71.48760330578511,62.396694214876035,51.2396694214876,40.70247933884297
523,Right Center Back,3101,Vincent Kompany,Manchester City,36,1217,36.77685950413223,76.85950413223141,84.29752066115702,59.09090909090909,68.59504132231406,80.37190082644628,82.64462809917356,10.330578512396695,64.25619834710744,94.00826446280992,77.68595041322314,88.22314049586777,97.52066115702479,74.79338842975206
529,Right Center Back,3244,John Stones,Everton,29,2916,66.52892561983471,84.29752066115702,96.07438016528926,57.64462809917356,34.29752066115703,57.85123966942148,5.371900826446281,79.54545454545455,59.50413223140496,34.710743801652896,40.49586776859504,97.10743801652893,21.90082644628099,40.70247933884297
532,Right Center Back,3263,Craig Cathcart,Watford,23,3201,14.46280991735537,8.057851239669422,9.50413223140496,18.181818181818183,5.991735537190083,49.586776859504134,67.97520661157024,12.190082644628099,16.94214876033058,25.413223140495866,52.68595041322314,10.330578512396695,44.83471074380165,25.413223140495866
540,Left Center Back,3288,Miguel Ángel Britos Cabrera,Watford,23,2263,45.04132231404959,22.31404958677686,10.950413223140496,10.330578512396695,26.859504132231404,31.818181818181817,89.6694214876033,13.636363636363635,8.057851239669422,21.694214876033058,60.12396694214877,8.884297520661157,21.90082644628099,3.71900826446281
542,Right Center Back,3290,Federico Fernández,Swansea City,26,3009,76.03305785123968,86.36363636363636,90.9090909090909,88.42975206611571,66.32231404958677,82.02479338842976,82.02479338842976,53.30578512396694,89.87603305785123,90.28925619834712,82.02479338842976,91.32231404958677,44.83471074380165,82.02479338842976
548,Left Center Back,3300,Maya Yoshida,Southampton,25,939,33.47107438016529,57.85123966942148,38.429752066115704,42.561983471074385,86.98347107438018,96.69421487603306,65.08264462809917,94.62809917355372,47.31404958677686,61.98347107438017,84.29752066115702,51.03305785123967,86.98347107438018,68.18181818181817
553,Right Center Back,3309,Sebastian Prödl,Watford,23,1783,88.84297520661157,9.090909090909092,84.29752066115702,55.99173553719008,26.859504132231404,20.66115702479339,48.96694214876033,29.132231404958674,59.917355371900825,39.66942148760331,15.702479338842975,88.22314049586777,90.28925619834712,33.88429752066116
555,Left Center Back,3311,Daley Blind,Manchester United,39,3284,92.14876033057851,94.62809917355372,13.223140495867769,78.099173553719,81.40495867768594,76.85950413223141,14.256198347107437,60.9504132231405,76.44628099173553,87.39669421487604,97.93388429752066,12.8099173553719,44.83471074380165,99.58677685950413
569,Left Center Back,3341,Steve Cook,AFC Bournemouth,28,3388,47.107438016528924,69.42148760330579,15.702479338842975,9.297520661157025,61.98347107438017,57.85123966942148,85.12396694214877,30.785123966942145,6.198347107438017,46.48760330578512,64.87603305785123,11.15702479338843,90.28925619834712,33.88429752066116
581,Left Center Back,3389,Eliaquim Mangala,Manchester City,36,2152,2.066115702479339,30.165289256198346,76.65289256198346,55.99173553719008,54.958677685950406,63.84297520661158,48.34710743801653,5.371900826446281,55.578512396694215,79.13223140495867,3.71900826446281,77.06611570247934,21.90082644628099,3.71900826446281
583,Left Center Back,3394,Laurent Koscielny,Arsenal,1,3094,74.3801652892562,89.25619834710744,47.93388429752066,47.72727272727273,79.9586776859504,76.03305785123968,75.6198347107438,65.49586776859503,50.6198347107438,26.446280991735538,51.2396694214876,62.8099173553719,92.76859504132231,82.02479338842976
584,Right Center Back,3407,Scott Dann,Crystal Palace,31,3293,97.10743801652893,29.338842975206614,52.47933884297521,7.024793388429752,22.31404958677686,26.446280991735538,58.88429752066116,64.25619834710744,8.057851239669422,21.694214876033058,42.97520661157025,67.35537190082644,96.28099173553719,72.93388429752066
594,Right Center Back,3456,Kurt Happy Zouma,Chelsea,33,1986,27.27272727272727,15.909090909090908,27.892561983471076,21.280991735537192,5.991735537190083,2.479338842975207,95.0413223140496,25.0,23.96694214876033,1.6528925619834711,3.3057851239669422,38.63636363636363,59.29752066115702,3.71900826446281
603,Left Center Back,3471,Dejan Lovren,Liverpool,24,2080,67.35537190082644,51.2396694214876,34.710743801652896,47.72727272727273,22.31404958677686,16.115702479338843,93.18181818181817,49.3801652892562,42.768595041322314,81.81818181818183,63.42975206611571,24.586776859504134,21.90082644628099,92.14876033057851
606,Right Center Back,3475,Per Mertesacker,Arsenal,1,2249,92.76859504132231,77.68595041322314,90.49586776859503,10.950413223140496,11.363636363636363,86.98347107438018,50.413223140495866,1.2396694214876034,13.016528925619836,4.75206611570248,24.586776859504134,94.21487603305785,21.90082644628099,10.330578512396695
609,Right Center Back,3480,Geoff Cameron,Stoke City,30,2536,54.54545454545454,68.59504132231406,81.81818181818183,73.55371900826447,83.47107438016529,78.30578512396694,22.727272727272727,33.057851239669425,62.8099173553719,97.52066115702479,78.51239669421489,59.71074380165289,21.90082644628099,88.42975206611571
610,Right Center Back,3482,James Collins,West Ham United,40,1508,33.88429752066116,20.24793388429752,15.702479338842975,9.297520661157025,40.909090909090914,26.446280991735538,100.0,89.0495867768595,10.743801652892563,60.74380165289256,35.9504132231405,24.586776859504134,21.90082644628099,14.46280991735537
611,Left Center Back,3483,Mamadou Sakho,Liverpool,24,1973,83.88429752066115,86.77685950413223,15.702479338842975,30.37190082644628,69.42148760330579,94.62809917355372,86.77685950413223,64.87603305785123,36.77685950413223,6.40495867768595,75.0,24.586776859504134,59.29752066115702,63.42975206611571
653,Right Center Back,3596,Gareth McAuley,West Bromwich Albion,27,3200,46.48760330578512,14.87603305785124,18.181818181818183,27.892561983471076,34.29752066115703,60.74380165289256,94.00826446280992,59.71074380165289,27.685950413223143,34.090909090909086,38.84297520661157,14.87603305785124,44.83471074380165,55.16528925619835
676,Left Center Back,3644,Ashley Williams,Swansea City,26,3387,75.20661157024794,80.57851239669421,70.66115702479338,75.41322314049587,71.07438016528926,55.578512396694215,98.7603305785124,82.43801652892562,69.00826446280992,13.223140495867769,69.83471074380165,56.611570247933884,65.70247933884298,86.36363636363636
677,Right Center Back,3645,Gary Cahill,Chelsea,33,1983,40.082644628099175,33.88429752066116,88.01652892561982,50.6198347107438,12.396694214876034,60.12396694214877,86.36363636363636,92.14876033057851,53.30578512396694,15.909090909090908,0.6198347107438017,91.73553719008265,86.98347107438018,29.958677685950413
691,Left Center Back,3669,Virgil van Dijk,Southampton,25,3203,61.15702479338842,60.74380165289256,65.9090909090909,71.900826446281,76.85950413223141,55.578512396694215,97.10743801652893,16.115702479338843,76.44628099173553,2.066115702479339,52.68595041322314,76.2396694214876,81.81818181818183,74.79338842975206
697,Left Center Back,3693,Damien Delaney,Crystal Palace,31,3006,64.0495867768595,16.528925619834713,12.190082644628099,13.429752066115702,20.66115702479339,14.87603305785124,80.78512396694215,68.80165289256198,13.016528925619836,48.760330578512395,59.50413223140496,13.223140495867769,65.70247933884298,77.27272727272727
708,Right Center Back,3813,Wes Morgan,Leicester City,22,3581,18.59504132231405,6.6115702479338845,66.52892561983471,37.60330578512397,35.12396694214876,49.586776859504134,69.42148760330579,71.48760330578511,40.082644628099175,3.0991735537190084,2.066115702479339,70.24793388429752,65.70247933884298,22.107438016528928
714,Left Center Back,3843,Angelo Obinze Ogbonna,West Ham United,40,2552,35.12396694214876,33.47107438016529,75.6198347107438,64.6694214876033,73.34710743801654,82.64462809917356,66.94214876033058,22.520661157024794,62.8099173553719,8.057851239669422,16.94214876033058,70.66115702479338,21.90082644628099,22.107438016528928
721,Right Center Back,3960,José Miguel da Rocha Fonte,Southampton,25,3481,73.55371900826447,68.18181818181817,76.03305785123968,40.289256198347104,42.768595041322314,21.487603305785125,64.46280991735537,38.01652892561984,36.77685950413223,41.32231404958678,57.85123966942148,65.49586776859503,65.70247933884298,40.70247933884297
731,Right Center Back,4035,Ryan Shawcross,Stoke City,30,1879,78.099173553719,31.40495867768595,31.40495867768595,70.24793388429752,54.132231404958674,75.20661157024794,74.17355371900827,21.074380165289256,70.86776859504133,68.38842975206612,23.96694214876033,34.29752066115703,21.90082644628099,10.330578512396695
745,Right Center Back,4280,Winston Reid,West Ham United,40,2265,80.16528925619835,36.77685950413223,97.10743801652893,90.28925619834712,64.25619834710744,59.29752066115702,89.25619834710744,63.01652892561983,90.9090909090909,57.64462809917356,19.421487603305785,97.93388429752066,51.2396694214876,68.18181818181817
757,Left Center Back,4629,José Ramiro Funes Mori,Everton,29,2260,98.7603305785124,97.10743801652893,15.702479338842975,38.84297520661157,78.92561983471074,42.768595041322314,96.28099173553719,34.29752066115703,38.84297520661157,61.98347107438017,75.6198347107438,17.56198347107438,98.34710743801654,68.18181818181817
764,Left Center Back,4746,Younes Kaboul,Sunderland,41,2075,76.44628099173553,50.413223140495866,47.5206611570248,63.84297520661158,69.42148760330579,65.9090909090909,97.93388429752066,89.6694214876033,65.9090909090909,42.35537190082644,54.54545454545454,48.553719008264466,21.90082644628099,82.02479338842976
794,Right Center Back,6300,Sebastián Coates Nión,Sunderland,41,1316,73.96694214876032,22.727272727272727,25.6198347107438,98.55371900826447,54.54545454545454,21.074380165289256,48.96694214876033,47.93388429752066,98.7603305785124,95.86776859504133,37.60330578512397,27.892561983471076,21.90082644628099,44.214876033057855
797,Left Center Back,6560,Marc Muniesa Martínez,Stoke City,30,1124,91.32231404958677,76.44628099173553,65.28925619834712,88.84297520661157,90.08264462809917,89.25619834710744,4.958677685950414,95.45454545454545,89.0495867768595,97.93388429752066,66.32231404958677,63.22314049586777,21.90082644628099,89.87603305785123
801,Right Center Back,6746,Gabriel Armando de Abreu,Arsenal,1,1687,35.9504132231405,81.81818181818183,27.066115702479337,81.61157024793388,82.23140495867769,29.545454545454547,91.73553719008265,45.867768595041326,79.13223140495867,43.80165289256198,12.8099173553719,20.867768595041323,65.70247933884298,14.46280991735537
833,Right Center Back,9626,Tommy Elphick,AFC Bournemouth,28,1038,52.892561983471076,31.818181818181817,42.768595041322314,23.7603305785124,39.46280991735537,26.446280991735538,27.685950413223143,0.4132231404958678,26.65289256198347,42.35537190082644,49.3801652892562,54.75206611570248,81.81818181818183,25.413223140495866
843,Right Center Back,9930,Ryan Bennett,Norwich City,56,1881,22.727272727272727,5.785123966942149,6.198347107438017,4.75206611570248,7.231404958677685,4.75206611570248,94.00826446280992,21.074380165289256,4.132231404958678,35.53719008264463,44.62809917355372,3.925619834710744,21.90082644628099,68.18181818181817
855,Right Center Back,10958,Chris Smalling,Manchester United,39,3280,72.31404958677686,71.900826446281,72.93388429752066,79.9586776859504,40.909090909090914,40.909090909090914,82.02479338842976,26.65289256198347,79.13223140495867,31.611570247933884,12.396694214876034,68.18181818181817,21.90082644628099,55.16528925619835
859,Left Center Back,11012,Jonathan Grant Evans,West Bromwich Albion,27,2824,60.74380165289256,48.34710743801653,8.677685950413224,77.27272727272727,75.82644628099173,78.30578512396694,36.98347107438016,72.52066115702479,73.14049586776859,88.01652892561982,67.35537190082644,6.6115702479338845,51.2396694214876,68.18181818181817
870,Right Center Back,13286,Lamine Koné,Sunderland,41,1416,50.413223140495866,29.75206611570248,37.1900826446281,45.45454545454545,97.31404958677686,73.55371900826447,92.56198347107438,69.62809917355372,34.090909090909086,24.380165289256198,36.36363636363637,19.00826446280992,94.83471074380165,68.18181818181817
884,Left Center Back,16890,John O''Shea,Sunderland,41,2161,38.84297520661157,7.024793388429752,52.47933884297521,33.47107438016529,56.81818181818182,83.05785123966942,92.14876033057851,8.47107438016529,30.37190082644628,45.04132231404959,10.537190082644628,51.03305785123967,21.90082644628099,10.330578512396695
889,Right Center Back,18872,Martin Škrtel,Liverpool,24,1977,63.22314049586777,70.0413223140496,4.958677685950414,13.429752066115702,37.8099173553719,69.21487603305785,99.17355371900827,37.1900826446281,15.082644628099173,15.909090909090908,44.214876033057855,6.198347107438017,59.29752066115702,74.79338842975206
890,Right Center Back,19288,Martín Gastón Demichelis,Manchester City,36,938,26.859504132231404,78.51239669421489,21.90082644628099,71.900826446281,86.98347107438018,39.66942148760331,90.9090909090909,46.69421487603306,76.44628099173553,100.0,76.03305785123968,33.264462809917354,21.90082644628099,94.42148760330579
893,Right Center Back,20005,Toby Alderweireld,Tottenham Hotspur,38,3564,68.59504132231406,88.84297520661157,67.14876033057851,16.528925619834713,29.958677685950413,33.67768595041322,78.71900826446281,47.93388429752066,20.041322314049587,51.446280991735534,96.28099173553719,77.68595041322314,90.28925619834712,74.79338842975206
896,Left Center Back,20046,Phil Jagielka,Everton,29,1977,10.330578512396695,37.1900826446281,9.090909090909092,30.37190082644628,37.8099173553719,30.991735537190085,95.86776859504133,64.25619834710744,36.77685950413223,63.63636363636363,72.31404958677686,12.396694214876034,21.90082644628099,44.214876033057855
903,Left Center Back,20285,Joleon Lescott,Aston Villa,59,3011,23.96694214876033,17.768595041322314,80.57851239669421,42.561983471074385,45.24793388429752,90.28925619834712,87.60330578512396,34.29752066115703,47.31404958677686,48.760330578512395,21.074380165289256,85.12396694214877,65.70247933884298,37.1900826446281
904,Left Center Back,20287,John Terry,Chelsea,33,2266,40.909090909090914,5.1652892561983474,59.71074380165289,21.280991735537192,46.48760330578512,92.97520661157024,30.785123966942145,19.421487603305785,23.96694214876033,10.537190082644628,1.2396694214876034,71.69421487603306,51.2396694214876,37.1900826446281
908,Left Center Back,20527,Jonas Olsson,West Bromwich Albion,27,2358,6.6115702479338845,2.6859504132231407,61.77685950413223,2.6859504132231407,12.396694214876034,80.37190082644628,73.14049586776859,74.79338842975206,3.3057851239669422,28.305785123966942,20.66115702479339,73.96694214876032,51.2396694214876,51.03305785123967
912,Right Center Back,21212,Russell Martin,Norwich City,56,2822,89.25619834710744,48.760330578512395,3.71900826446281,7.024793388429752,15.495867768595042,11.776859504132231,71.48760330578511,56.19834710743802,8.057851239669422,53.925619834710744,89.25619834710744,5.1652892561983474,86.98347107438018,84.29752066115702
923,Right Center Back,24380,Tetchi Jores Charlemagne Ulrich Okore,Aston Villa,59,1127,47.5206611570248,30.785123966942145,29.132231404958674,92.97520661157024,52.47933884297521,60.12396694214877,79.9586776859504,59.71074380165289,94.62809917355372,68.38842975206612,4.958677685950414,40.909090909090914,21.90082644628099,22.107438016528928
926,Left Center Back,26207,Fabricio Coloccini,Newcastle United,37,2449,71.48760330578511,42.97520661157025,91.94214876033058,73.55371900826447,39.46280991735537,71.48760330578511,25.206611570247933,81.61157024793388,70.86776859504133,94.00826446280992,6.198347107438017,88.22314049586777,51.2396694214876,37.1900826446281
937,Left Center Back,31296,Sébastien Aymar Bassong Nguena,Norwich City,56,2824,87.60330578512396,37.60330578512397,74.17355371900827,11.776859504132231,11.363636363636363,57.85123966942148,94.62809917355372,7.43801652892562,11.776859504132231,15.909090909090908,15.289256198347106,71.69421487603306,51.2396694214876,18.388429752066116
941,Left Center Back,40121,Philipp Wollscheid,Stoke City,30,2816,13.223140495867769,26.239669421487605,48.760330578512395,91.73553719008265,85.53719008264463,68.18181818181817,74.17355371900827,36.36363636363637,92.97520661157024,79.13223140495867,38.22314049586777,64.0495867768595,21.90082644628099,40.70247933884297
943,Left Center Back,40123,Robert Huth,Leicester City,22,3301,2.479338842975207,1.2396694214876034,76.65289256198346,19.834710743801654,19.834710743801654,9.090909090909092,98.34710743801654,39.87603305785124,18.388429752066116,13.223140495867769,1.6528925619834711,77.06611570247934,81.81818181818183,7.43801652892562
951,Right Center Back,42700,Micah Richards,Aston Villa,59,2173,95.0413223140496,66.11570247933885,92.97520661157024,81.61157024793388,51.446280991735534,83.67768595041323,49.586776859504134,49.3801652892562,84.29752066115702,38.22314049586777,11.15702479338843,93.80165289256198,59.29752066115702,84.29752066115702
969,Center Back,3034,Kamil Glik,Torino,241,3102,79.13223140495867,78.099173553719,86.77685950413223,46.48760330578512,26.859504132231404,41.735537190082646,60.12396694214877,45.04132231404959,49.79338842975206,46.48760330578512,9.090909090909092,90.49586776859503,21.90082644628099,25.413223140495866
970,Right Center Back,3103,Milan Biševac,Lazio,236,1032,63.63636363636363,53.71900826446281,3.71900826446281,8.057851239669422,31.198347107438018,5.991735537190083,40.49586776859504,23.553719008264462,9.50413223140496,9.50413223140496,32.438016528925615,5.1652892561983474,81.81818181818183,59.917355371900825
974,Left Center Back,3167,Antonio Rüdiger,AS Roma,229,2713,41.32231404958678,79.33884297520662,21.90082644628099,33.47107438016529,5.991735537190083,34.710743801652896,8.677685950413224,66.52892561983471,34.090909090909086,48.760330578512395,59.09090909090909,24.586776859504134,72.52066115702479,68.18181818181817
982,Right Center Back,3577,Molla Wagué,Udinese,230,1866,33.057851239669425,15.289256198347106,50.82644628099173,66.11570247933885,60.537190082644635,45.867768595041326,28.719008264462808,63.01652892561983,70.86776859504133,0.4132231404958678,5.785123966942149,66.94214876033058,21.90082644628099,68.18181818181817
984,Left Center Back,3588,Wesley Hoedt,Lazio,236,2251,10.743801652892563,40.49586776859504,29.132231404958674,33.47107438016529,40.909090909090914,67.76859504132231,20.24793388429752,30.165289256198346,32.02479338842975,72.72727272727273,64.87603305785123,29.75206611570248,21.90082644628099,3.71900826446281
1005,Right Center Back,5551,João Miranda de Souza Filho,Inter Milan,238,2908,8.677685950413224,43.388429752066116,21.074380165289256,38.84297520661157,53.51239669421488,54.54545454545454,47.5206611570248,61.98347107438017,36.77685950413223,54.958677685950406,56.611570247933884,19.421487603305785,51.2396694214876,51.03305785123967
1009,Center Back,5584,Giancarlo González Castro,Palermo,2256,3265,37.60330578512397,17.355371900826448,15.702479338842975,3.3057851239669422,29.958677685950413,26.446280991735538,79.33884297520662,57.438016528925615,3.3057851239669422,24.380165289256198,17.355371900826448,14.256198347107437,65.70247933884298,25.413223140495866
1019,Left Center Back,5675,Kalidou Koulibaly,Napoli,227,2980,71.900826446281,94.21487603305785,95.0413223140496,99.58677685950413,51.446280991735534,49.586776859504134,35.53719008264463,54.958677685950406,100.0,65.28925619834712,86.15702479338843,92.56198347107438,21.90082644628099,83.05785123966942
1029,Right Center Back,6360,Cristian Eduardo Zapata Valencia,AC Milan,243,1312,19.00826446280992,46.074380165289256,84.29752066115702,52.47933884297521,46.48760330578512,98.7603305785124,42.97520661157025,95.86776859504133,55.578512396694215,4.75206611570248,37.1900826446281,88.22314049586777,72.52066115702479,71.900826446281
1032,Left Center Back,6585,Jeison Fabián Murillo Cerón,Inter Milan,238,3002,73.14049586776859,73.34710743801654,41.11570247933884,79.13223140495867,58.67768595041323,98.14049586776859,10.330578512396695,50.82644628099173,77.89256198347107,76.44628099173553,39.25619834710744,36.36363636363637,65.70247933884298,37.1900826446281
1047,Right Center Back,6894,Ezequiel Muñoz,Genoa,233,1586,83.05785123966942,47.31404958677686,28.512396694214875,75.41322314049587,52.47933884297521,72.52066115702479,30.785123966942145,97.52066115702479,75.20661157024794,80.78512396694215,4.545454545454546,29.132231404958674,21.90082644628099,14.46280991735537
1048,Left Center Back,6938,Felipe Dias da Silva dal Belo,Udinese,230,2427,59.50413223140496,21.074380165289256,37.60330578512397,92.56198347107438,61.98347107438017,65.28925619834712,28.719008264462808,89.0495867768595,92.14876033057851,52.68595041322314,50.20661157024794,44.214876033057855,51.2396694214876,48.14049586776859
1051,Right Center Back,6943,Andrea Barzagli,Juventus,224,2892,44.62809917355372,60.33057851239669,41.11570247933884,19.834710743801654,19.834710743801654,61.57024793388429,2.066115702479339,17.768595041322314,22.727272727272727,15.909090909090908,85.53719008264463,52.892561983471076,51.2396694214876,92.14876033057851
1058,Left Center Back,6953,Daniele Rugani,Juventus,224,1024,70.45454545454545,95.45454545454545,33.88429752066116,87.80991735537191,4.338842975206612,2.479338842975207,17.56198347107438,18.59504132231405,87.19008264462809,66.73553719008265,79.75206611570248,31.198347107438018,21.90082644628099,25.413223140495866
1059,Left Center Back,6954,Giorgio Chiellini,Juventus,224,1956,81.81818181818183,92.97520661157024,32.438016528925615,61.77685950413223,5.991735537190083,1.6528925619834711,13.429752066115702,6.40495867768595,51.85950413223141,7.231404958677685,94.21487603305785,17.56198347107438,59.29752066115702,95.86776859504133
1081,Right Center Back,7002,Rafael Tolói,Atalanta,228,1966,23.34710743801653,21.487603305785125,97.93388429752066,99.17355371900827,60.537190082644635,88.01652892561982,53.30578512396694,38.01652892561984,99.3801652892562,98.7603305785124,28.92561983471074,98.34710743801654,59.29752066115702,29.958677685950413
1090,Right Center Back,7019,Matías Agustín Silvestre,Sampdoria,234,1956,45.45454545454545,66.52892561983471,11.570247933884298,5.991735537190083,13.842975206611571,69.21487603305785,52.47933884297521,77.68595041322314,5.371900826446281,39.66942148760331,18.801652892561986,9.50413223140496,21.90082644628099,10.330578512396695
1099,Right Center Back,7030,Raúl Albiol i Tortajada,Napoli,227,3355,93.38842975206612,91.73553719008265,1.6528925619834711,5.991735537190083,17.768595041322314,30.165289256198346,38.01652892561984,33.057851239669425,6.8181818181818175,69.62809917355372,88.42975206611571,2.479338842975207,44.83471074380165,44.214876033057855
1112,Right Center Back,7048,Konstantinos Manolas,AS Roma,229,3366,11.570247933884298,45.45454545454545,24.173553719008265,35.33057851239669,17.768595041322314,26.446280991735538,16.735537190082646,35.53719008264463,30.37190082644628,51.446280991735534,30.57851239669421,21.90082644628099,65.70247933884298,33.88429752066116
1116,Right Center Back,7052,Alessandro Gamberini,Chievo,231,2056,3.3057851239669422,3.71900826446281,39.46280991735537,10.950413223140496,17.768595041322314,34.710743801652896,60.12396694214877,95.0413223140496,9.50413223140496,0.8264462809917356,2.479338842975207,33.264462809917354,21.90082644628099,44.214876033057855
1119,Right Center Back,7056,Nenad Tomović,Fiorentina,239,1776,72.72727272727273,95.0413223140496,35.74380165289256,57.64462809917356,12.396694214876034,19.00826446280992,7.851239669421488,70.45454545454545,51.2396694214876,46.48760330578512,86.77685950413223,24.586776859504134,21.90082644628099,95.45454545454545
1127,Left Center Back,7119,Francesco Acerbi,Sassuolo,232,3367,44.214876033057855,71.48760330578511,44.00826446280991,35.33057851239669,81.40495867768594,95.45454545454545,52.47933884297521,42.561983471074385,30.37190082644628,29.958677685950413,57.438016528925615,40.082644628099175,90.28925619834712,25.413223140495866
1133,Left Center Back,7137,Ervin Zukanović,AS Roma,229,1871,82.64462809917356,82.64462809917356,35.74380165289256,0.4132231404958678,35.9504132231405,64.87603305785123,79.9586776859504,80.78512396694215,0.4132231404958678,17.768595041322314,62.396694214876035,47.31404958677686,97.52066115702479,84.29752066115702
1145,Right Center Back,7160,Lorenzo Tonelli,Empoli,290,2438,81.40495867768594,67.35537190082644,59.09090909090909,63.22314049586777,64.25619834710744,92.14876033057851,63.84297520661158,59.71074380165289,53.30578512396694,8.677685950413224,52.066115702479344,41.32231404958678,77.27272727272727,63.42975206611571
1151,Right Center Back,7172,Simone Romagnoli,Carpi,1683,2817,17.355371900826448,3.3057851239669422,25.6198347107438,42.561983471074385,7.231404958677685,71.07438016528926,83.26446280991735,82.43801652892562,47.31404958677686,21.694214876033058,8.264462809917356,37.1900826446281,21.90082644628099,18.388429752066116
1152,Center Back,7173,Leonardo Bonucci,Juventus,224,3260,30.165289256198346,74.79338842975206,53.30578512396694,23.7603305785124,57.85123966942148,90.9090909090909,28.09917355371901,21.90082644628099,20.041322314049587,28.305785123966942,95.45454545454545,43.80165289256198,81.81818181818183,94.42148760330579
1155,Right Center Back,7176,Sebastian De Maio,Genoa,233,2334,88.42975206611571,66.94214876033058,60.537190082644635,75.41322314049587,61.98347107438017,98.14049586776859,59.50413223140496,66.52892561983471,82.02479338842976,84.0909090909091,41.32231404958678,72.52066115702479,51.2396694214876,22.107438016528928
1158,Left Center Back,7458,Alessio Romagnoli,AC Milan,243,3096,53.71900826446281,72.31404958677686,44.62809917355372,27.892561983471076,46.48760330578512,80.37190082644628,34.917355371900825,49.3801652892562,32.02479338842975,19.62809917355372,31.40495867768595,57.02479338842975,21.90082644628099,59.917355371900825
1165,Center Back,7467,Nicolás Andrés Burdisso,Genoa,233,2619,51.03305785123967,39.25619834710744,56.19834710743802,14.669421487603307,31.198347107438018,19.00826446280992,72.31404958677686,29.132231404958674,16.94214876033058,10.537190082644628,23.553719008264462,69.21487603305785,21.90082644628099,18.388429752066116
1172,Left Center Back,7476,Emiliano Moretti,Torino,241,3290,90.9090909090909,92.14876033057851,12.8099173553719,33.47107438016529,4.338842975206612,40.909090909090914,1.6528925619834711,19.421487603305785,34.090909090909086,16.94214876033058,84.71074380165288,16.115702479338843,44.83471074380165,94.42148760330579
1183,Right Center Back,7771,Dario Dainelli,Chievo,231,1404,46.48760330578512,65.70247933884298,15.702479338842975,18.181818181818183,48.34710743801653,11.776859504132231,32.02479338842975,11.15702479338843,21.487603305785125,66.73553719008265,45.867768595041326,24.586776859504134,72.52066115702479,68.18181818181817
1194,Center Back,7799,Danilo Larangeira,Udinese,230,3177,38.01652892561984,19.834710743801654,79.54545454545455,19.834710743801654,17.768595041322314,13.223140495867769,51.446280991735534,83.26446280991735,18.388429752066116,23.140495867768596,64.87603305785123,78.51239669421489,21.90082644628099,14.46280991735537
1201,Center Back,7962,Andrea Ranocchia,Sampdoria,234,1317,55.78512396694215,61.57024793388429,15.702479338842975,37.60330578512397,15.495867768595042,5.991735537190083,46.074380165289256,86.36363636363636,42.768595041322314,19.62809917355372,66.32231404958677,24.586776859504134,21.90082644628099,44.214876033057855
1203,Left Center Back,7966,Filip Helander,Hellas Verona,226,1968,15.289256198347106,24.380165289256198,30.165289256198346,42.561983471074385,0.8264462809917356,1.0330578512396695,33.88429752066116,88.01652892561982,47.31404958677686,6.40495867768595,7.851239669421488,41.942148760330575,86.98347107438018,3.71900826446281
1205,Right Center Back,8102,Edoardo Goldaniga,Palermo,2256,1301,64.87603305785123,32.231404958677686,90.08264462809917,66.11570247933885,74.58677685950413,17.56198347107438,70.24793388429752,54.958677685950406,70.86776859504133,19.62809917355372,32.438016528925615,93.38842975206612,96.28099173553719,44.214876033057855
1219,Left Center Back,8275,Davide Astori,Fiorentina,239,2994,75.6198347107438,90.08264462809917,43.388429752066116,49.3801652892562,56.81818181818182,56.19834710743802,15.289256198347106,39.87603305785124,45.45454545454545,85.3305785123967,90.49586776859503,32.231404958677686,21.90082644628099,51.03305785123967
1220,Right Center Back,8278,Nicolás Federico Spolli,Chievo,231,1119,9.917355371900827,4.545454545454546,24.173553719008265,35.33057851239669,28.09917355371901,16.528925619834713,83.26446280991735,7.851239669421488,28.92561983471074,36.98347107438016,0.6198347107438017,15.702479338842975,21.90082644628099,55.16528925619835
1223,Right Center Back,8291,Arlind Afrim Ajeti,Frosinone,291,1398,5.371900826446281,2.6859504132231407,45.66115702479338,24.793388429752067,59.71074380165289,91.52892561983471,90.08264462809917,93.80165289256198,27.685950413223143,50.413223140495866,7.231404958677685,58.057851239669425,72.52066115702479,68.18181818181817
1227,Right Center Back,8421,Matteo Bianchetti,Hellas Verona,226,1590,28.512396694214875,34.50413223140496,18.59504132231405,90.28925619834712,44.214876033057855,40.909090909090914,75.0,91.73553719008265,91.73553719008265,98.34710743801654,74.3801652892562,27.892561983471076,65.70247933884298,74.79338842975206
1239,Left Center Back,8664,Andrea Costa,Empoli,290,2163,82.23140495867769,73.34710743801654,84.29752066115702,2.6859504132231407,52.47933884297521,54.132231404958674,44.214876033057855,79.54545454545455,3.3057851239669422,13.223140495867769,39.66942148760331,88.22314049586777,59.29752066115702,10.330578512396695
1243,Left Center Back,8847,Santiago Juan Gentiletti Selak,Lazio,236,1779,56.40495867768595,82.23140495867769,63.42975206611571,89.6694214876033,75.82644628099173,86.98347107438018,2.479338842975207,78.51239669421489,89.0495867768595,86.57024793388429,80.99173553719008,55.578512396694215,21.90082644628099,3.71900826446281
1244,Right Center Back,8848,Paolo Cannavaro,Sassuolo,232,2805,39.25619834710744,26.859504132231404,56.19834710743802,21.280991735537192,17.768595041322314,10.12396694214876,29.338842975206614,57.438016528925615,21.487603305785125,41.32231404958678,23.140495867768596,54.75206611570248,21.90082644628099,55.16528925619835
1245,Left Center Back,8849,Domenico Maietta,Bologna,240,1689,38.429752066115704,38.84297520661157,96.07438016528926,97.10743801652893,59.71074380165289,84.91735537190083,45.45454545454545,41.735537190082646,94.62809917355372,92.56198347107438,60.74380165289256,92.14876033057851,21.90082644628099,14.46280991735537
1247,Right Center Back,8852,Thomas Heurtaux,Udinese,230,940,97.93388429752066,77.27272727272727,2.6859504132231407,42.561983471074385,35.9504132231405,8.47107438016529,71.900826446281,97.93388429752066,34.090909090909086,50.413223140495866,64.0495867768595,1.6528925619834711,21.90082644628099,29.958677685950413
1249,Right Center Back,8873,Marios Oikonomou,Bologna,240,1592,57.438016528925615,55.371900826446286,32.438016528925615,83.05785123966942,44.214876033057855,49.586776859504134,56.81818181818182,100.0,80.78512396694215,39.66942148760331,68.80165289256198,24.586776859504134,21.90082644628099,37.1900826446281
1253,Left Center Back,8877,Boštjan Cesar,Chievo,231,2804,51.03305785123967,34.50413223140496,84.29752066115702,30.37190082644628,22.31404958677686,14.46280991735537,69.42148760330579,59.71074380165289,29.338842975206614,41.32231404958678,27.685950413223143,81.40495867768594,51.2396694214876,18.388429752066116
1254,Left Center Back,9884,Niklas Moisander,Sampdoria,234,1780,67.76859504132231,64.0495867768595,78.92561983471074,52.47933884297521,4.338842975206612,5.991735537190083,57.85123966942148,68.80165289256198,55.578512396694215,4.75206611570248,36.77685950413223,84.0909090909091,21.90082644628099,80.57851239669421
1258,Right Center Back,9939,Maurício dos Santos Nascimento,Lazio,236,1788,11.983471074380166,42.561983471074385,71.07438016528926,95.0413223140496,46.48760330578512,21.90082644628099,77.06611570247934,61.98347107438017,97.31404958677686,95.0413223140496,47.93388429752066,80.16528925619835,21.90082644628099,14.46280991735537
1259,Right Center Back,9940,Armando Izzo,Genoa,233,2802,66.94214876033058,73.96694214876032,87.39669421487604,93.59504132231406,93.38842975206612,78.92561983471074,30.165289256198346,84.71074380165288,95.45454545454545,54.958677685950406,49.3801652892562,90.9090909090909,21.90082644628099,89.87603305785123
1275,Left Center Back,11499,Riccardo Gagliolo,Carpi,1683,2718,92.76859504132231,52.27272727272727,40.49586776859504,97.93388429752066,86.15702479338843,52.47933884297521,51.446280991735534,90.08264462809917,97.93388429752066,99.17355371900827,92.56198347107438,35.53719008264463,51.2396694214876,91.11570247933885
1300,Right Center Back,16202,Nikola Maksimović,Torino,241,1500,99.17355371900827,98.34710743801654,69.00826446280992,96.69421487603306,50.20661157024794,32.64462809917356,5.785123966942149,13.016528925619836,96.28099173553719,85.3305785123967,91.73553719008265,63.63636363636363,21.90082644628099,100.0
1341,Center Back,25931,Gonzalo Javier Rodríguez,Fiorentina,239,3269,16.115702479338843,59.917355371900825,49.79338842975206,37.60330578512397,33.264462809917354,53.51239669421488,26.446280991735538,38.01652892561984,36.77685950413223,77.89256198347107,76.44628099173553,45.04132231404959,92.76859504132231,68.18181818181817
1361,Right Center Back,30745,Daniele Gastaldello,Bologna,240,2441,47.93388429752066,32.64462809917356,92.56198347107438,66.11570247933885,32.438016528925615,64.46280991735537,57.85123966942148,29.75206611570248,70.86776859504133,26.446280991735538,22.31404958677686,96.69421487603306,51.2396694214876,48.14049586776859
1377,Right Center Back,31488,Vangelis Moras,Hellas Verona,226,2814,85.3305785123967,62.1900826446281,77.27272727272727,74.3801652892562,15.495867768595042,38.63636363636363,54.33884297520662,33.057851239669425,73.14049586776859,28.305785123966942,53.30578512396694,74.79338842975206,51.2396694214876,68.18181818181817
1400,Left Center Back,38237,Gabriel Alejandro Paletta,Atalanta,228,2252,14.049586776859504,18.181818181818183,84.29752066115702,85.3305785123967,10.537190082644628,44.421487603305785,25.206611570247933,41.735537190082646,83.88429752066115,57.64462809917356,28.512396694214875,72.52066115702479,51.2396694214876,37.1900826446281
1414,Left Center Back,40350,Siniša Anđelković,Palermo,2256,1959,0.8264462809917356,1.6528925619834711,87.39669421487604,70.24793388429752,9.710743801652892,47.31404958677686,24.380165289256198,91.32231404958677,70.86776859504133,3.71900826446281,4.132231404958678,82.64462809917356,21.90082644628099,44.214876033057855
1418,Right Center Back,40426,Guglielmo Stendardo,Atalanta,228,1128,6.198347107438017,11.15702479338843,33.88429752066116,80.78512396694215,2.479338842975207,4.75206611570248,22.31404958677686,26.65289256198347,85.53719008264463,68.38842975206612,5.371900826446281,45.867768595041326,77.27272727272727,22.107438016528928
1419,Right Center Back,40427,Cesare Bovo,Torino,241,1877,97.52066115702479,93.80165289256198,31.40495867768595,42.561983471074385,48.34710743801653,45.45454545454545,6.198347107438017,21.074380165289256,41.52892561983471,17.768595041322314,98.34710743801654,30.165289256198346,86.98347107438018,98.7603305785124
1427,Right Center Back,40945,Alex Rodrigo Dias da Costa,AC Milan,243,2250,55.371900826446286,44.62809917355372,63.42975206611571,71.900826446281,34.29752066115703,22.727272727272727,66.52892561983471,35.53719008264463,65.9090909090909,23.140495867768596,2.8925619834710745,46.28099173553719,94.83471074380165,79.13223140495867
1431,Left Center Back,45590,Nicolò Cherubin,Atalanta,228,941,9.090909090909092,11.983471074380166,67.14876033057851,4.75206611570248,1.6528925619834711,63.01652892561983,47.5206611570248,96.28099173553719,2.066115702479339,61.15702479338842,29.338842975206614,24.586776859504134,86.98347107438018,29.958677685950413
1433,Left Center Back,46670,Iván Rodrigo Piris Leguizamón,Udinese,230,1871,59.917355371900825,52.27272727272727,70.24793388429752,91.11570247933885,67.97520661157024,20.24793388429752,4.545454545454546,74.79338842975206,92.56198347107438,77.27272727272727,77.27272727272727,79.54545454545455,21.90082644628099,91.11570247933885
1437,Right Center Back,174418,Modibo Diakité,Sampdoria,234,2337,91.73553719008265,35.53719008264463,15.702479338842975,23.7603305785124,28.92561983471074,38.63636363636363,72.72727272727273,98.34710743801654,22.727272727272727,24.380165289256198,11.570247933884298,15.289256198347106,51.2396694214876,51.03305785123967
1465,Left Center Back,387847,Leonardo Blanchard,Frosinone,291,2517,100.0,49.586776859504134,89.25619834710744,32.02479338842975,13.842975206611571,10.743801652892563,85.9504132231405,99.58677685950413,32.02479338842975,72.72727272727273,93.38842975206612,84.71074380165288,90.28925619834712,59.917355371900825
1473,Right Center Back,3164,Marcelo Antônio Guedes Filho,Hannover 96,178,1758,70.45454545454545,72.72727272727273,42.768595041322314,36.570247933884296,13.842975206611571,3.3057851239669422,84.0909090909091,39.87603305785124,34.090909090909086,21.694214876033058,61.57024793388429,38.63636363636363,65.70247933884298,33.88429752066116
1475,Left Center Back,3197,Dante Bonfim da Costa Santos,Wolfsburg,179,2125,42.14876033057851,91.32231404958677,77.68595041322314,66.11570247933885,42.768595041322314,51.03305785123967,8.264462809917356,67.97520661157024,61.15702479338842,57.64462809917356,94.62809917355372,69.21487603305785,59.29752066115702,55.16528925619835
1480,Right Center Back,3502,Joël Andre Job Matip,Schalke 04,181,3142,96.28099173553719,93.38842975206612,68.18181818181817,61.77685950413223,63.42975206611571,95.86776859504133,47.5206611570248,73.55371900826447,66.94214876033058,3.0991735537190084,83.05785123966942,78.099173553719,81.81818181818183,88.42975206611571
1487,Left Center Back,3774,Papiss Mison Djilobodji,Werder Bremen,176,1297,40.49586776859504,75.20661157024794,49.79338842975206,23.7603305785124,90.70247933884298,76.44628099173553,88.42975206611571,75.82644628099173,18.388429752066116,19.62809917355372,98.7603305785124,37.1900826446281,96.28099173553719,96.69421487603306
1488,Right Center Back,3959,Andreas Christensen,Borussia Mönchengladbach,185,2854,31.198347107438018,71.07438016528926,81.19834710743802,54.54545454545454,42.768595041322314,43.388429752066116,23.140495867768596,83.88429752066115,58.26446280991735,43.80165289256198,26.65289256198347,85.53719008264463,86.98347107438018,18.388429752066116
1489,Left Center Back,4174,Ragnar Klavan,Augsburg,172,2875,17.768595041322314,65.28925619834712,72.93388429752066,25.413223140495866,25.0,75.20661157024794,61.98347107438017,31.818181818181817,25.413223140495866,11.15702479338843,55.78512396694215,73.96694214876032,21.90082644628099,63.42975206611571
1496,Right Center Back,5244,Medhi Amine El Mouttaqi Benatia,Bayern Munich,169,1007,20.66115702479339,83.05785123966942,71.900826446281,15.495867768595042,58.67768595041323,12.8099173553719,7.024793388429752,4.132231404958678,18.388429752066116,43.80165289256198,78.099173553719,80.78512396694215,81.81818181818183,59.917355371900825
1498,Right Center Back,5467,Leon Aderemi Balogun,FSV Mainz 05,177,1575,43.80165289256198,49.586776859504134,49.79338842975206,96.28099173553719,84.29752066115702,39.25619834710744,68.59504132231406,86.98347107438018,98.34710743801654,55.78512396694215,53.71900826446281,65.49586776859503,65.70247933884298,59.917355371900825
1502,Right Center Back,5537,Fabian Lukas Schär,Hoffenheim,175,1861,99.58677685950413,88.01652892561982,5.371900826446281,9.297520661157025,56.81818181818182,95.0413223140496,63.84297520661158,75.82644628099173,10.743801652892563,92.56198347107438,93.80165289256198,7.231404958677685,59.29752066115702,79.13223140495867
1513,Left Center Back,5572,Mats Hummels,Borussia Dortmund,180,2669,85.3305785123967,99.17355371900827,58.26446280991735,86.98347107438018,63.42975206611571,96.69421487603306,14.256198347107437,9.50413223140496,88.01652892561982,31.611570247933884,99.17355371900827,65.49586776859503,72.52066115702479,77.27272727272727
1514,Right Center Back,5578,Jérôme Boateng,Bayern Munich,169,1558,80.78512396694215,97.93388429752066,74.17355371900827,7.024793388429752,22.31404958677686,89.25619834710744,1.2396694214876034,1.6528925619834711,8.057851239669422,19.62809917355372,99.58677685950413,81.81818181818183,21.90082644628099,99.17355371900827
1515,Right Center Back,5579,Joshua Kimmich,Bayern Munich,169,1369,76.85950413223141,100.0,71.900826446281,48.760330578512395,8.057851239669422,42.14876033057851,0.4132231404958678,16.528925619834713,51.85950413223141,90.28925619834712,100.0,80.78512396694215,21.90082644628099,97.93388429752066
1536,Left Center Back,6322,Niklas Süle,Hoffenheim,175,3070,52.47933884297521,74.3801652892562,5.785123966942149,18.181818181818183,19.834710743801654,23.140495867768596,63.22314049586777,79.54545454545455,13.842975206611571,7.231404958677685,67.76859504132231,4.545454545454546,21.90082644628099,48.14049586776859
1540,Right Center Back,6359,Johan Danon Djourou-Gbadjere,Hamburger SV,171,2416,58.26446280991735,28.719008264462808,6.6115702479338845,21.280991735537192,8.884297520661157,44.421487603305785,21.487603305785125,49.3801652892562,20.041322314049587,17.768595041322314,58.67768595041323,8.264462809917356,77.27272727272727,7.851239669421488
1542,Right Center Back,6924,Alejandro Gálvez Jimena,Werder Bremen,176,1394,11.15702479338843,14.256198347107437,10.950413223140496,47.72727272727273,79.9586776859504,47.31404958677686,9.297520661157025,8.47107438016529,44.421487603305785,85.3305785123967,72.31404958677686,8.884297520661157,72.52066115702479,3.71900826446281
1544,Right Center Back,7016,Benedikt Höwedes,Schalke 04,181,923,98.34710743801654,92.56198347107438,100.0,79.9586776859504,72.10743801652893,86.98347107438018,19.421487603305785,23.553719008264462,84.71074380165288,13.223140495867769,78.92561983471074,100.0,86.98347107438018,96.69421487603306
1557,Right Center Back,8216,Sven Bender,Borussia Dortmund,180,1289,61.98347107438017,96.28099173553719,7.851239669421488,60.33057851239669,48.34710743801653,34.710743801652896,32.64462809917356,84.71074380165288,58.26446280991735,28.305785123966942,92.14876033057851,7.851239669421488,21.90082644628099,96.69421487603306
1560,Left Center Back,8220,David Olatukunbo Alaba,Bayern Munich,169,2468,87.19008264462809,99.58677685950413,23.140495867768596,2.066115702479339,22.31404958677686,72.52066115702479,0.8264462809917356,16.94214876033058,1.0330578512396695,5.785123966942149,97.52066115702479,17.56198347107438,51.2396694214876,98.34710743801654
1561,Right Center Back,8221,Jonathan Tah,Bayer Leverkusen,904,2698,28.09917355371901,59.09090909090909,23.140495867768596,26.033057851239672,74.58677685950413,82.02479338842976,23.7603305785124,52.27272727272727,27.685950413223143,79.13223140495867,61.15702479338842,24.586776859504134,21.90082644628099,44.214876033057855
1577,Right Center Back,8244,Sokratis Papastathopoulos,Borussia Dortmund,180,2121,49.586776859504134,85.3305785123967,58.67768595041323,85.3305785123967,13.842975206611571,86.98347107438018,9.917355371900827,24.380165289256198,85.53719008264463,39.66942148760331,95.0413223140496,52.066115702479344,59.29752066115702,40.70247933884297
1579,Right Center Back,8270,Daniel Schwaab,VfB Stuttgart,174,2392,69.83471074380165,69.00826446280992,20.454545454545457,67.97520661157024,24.173553719008265,46.28099173553719,17.56198347107438,17.768595041322314,61.15702479338842,90.9090909090909,90.9090909090909,13.636363636363635,21.90082644628099,74.79338842975206
1587,Left Center Back,8313,Kyriakos Papadopoulos,Bayer Leverkusen,904,927,43.388429752066116,5.1652892561983474,94.21487603305785,98.55371900826447,2.066115702479339,1.0330578512396695,54.33884297520662,88.01652892561982,96.69421487603306,96.28099173553719,21.487603305785125,83.26446280991735,21.90082644628099,68.18181818181817
1591,Right Center Back,8318,Jeffrey Gouweleeuw,Augsburg,172,1018,62.8099173553719,79.75206611570248,56.19834710743802,62.8099173553719,1.2396694214876034,2.479338842975207,56.19834710743802,74.79338842975206,67.97520661157024,9.50413223140496,91.32231404958677,69.21487603305785,21.90082644628099,82.02479338842976
1605,Left Center Back,8395,Håvard Nordtveit,Borussia Mönchengladbach,185,2488,77.68595041322314,87.60330578512396,75.0,25.413223140495866,15.495867768595042,15.289256198347106,25.206611570247933,73.55371900826447,22.727272727272727,31.611570247933884,95.86776859504133,60.9504132231405,97.52066115702479,84.29752066115702
1612,Left Center Back,8405,Benjamin Hübner,Ingolstadt,189,2785,78.51239669421489,9.917355371900827,51.652892561983464,69.21487603305785,17.768595041322314,11.776859504132231,57.85123966942148,65.49586776859503,67.97520661157024,59.917355371900825,25.6198347107438,49.17355371900827,51.2396694214876,29.958677685950413
1618,Right Center Back,8516,Ronaldo Aparecido Rodrigues,Wolfsburg,179,2678,95.45454545454545,90.9090909090909,61.15702479338842,50.0,78.099173553719,99.17355371900827,26.446280991735538,50.82644628099173,52.47933884297521,39.66942148760331,90.08264462809917,73.14049586776859,21.90082644628099,87.60330578512396
1637,Left Center Back,8559,Stefan Bell,FSV Mainz 05,177,2683,69.21487603305785,87.19008264462809,54.132231404958674,49.3801652892562,87.80991735537191,97.52066115702479,55.78512396694215,79.54545454545455,50.6198347107438,61.98347107438017,87.60330578512396,55.578512396694215,51.2396694214876,55.16528925619835
1640,Right Center Back,8570,Niklas Stark,Hertha Berlin,173,1388,60.33057851239669,84.71074380165288,99.58677685950413,30.37190082644628,40.909090909090914,73.96694214876032,31.40495867768595,45.867768595041326,36.77685950413223,34.090909090909086,45.24793388429752,99.58677685950413,94.83471074380165,18.388429752066116
1642,Left Center Back,8573,Ömer Toprak,Bayer Leverkusen,904,1586,16.528925619834713,35.9504132231405,62.8099173553719,85.9504132231405,77.47933884297521,63.84297520661158,21.074380165289256,93.38842975206612,82.02479338842976,63.63636363636363,70.86776859504133,40.082644628099175,65.70247933884298,92.14876033057851
1649,Right Center Back,8580,Sebastian Langkamp,Hertha Berlin,173,2030,56.40495867768595,75.6198347107438,80.16528925619835,66.11570247933885,4.338842975206612,17.56198347107438,70.66115702479338,26.65289256198347,61.15702479338842,43.80165289256198,68.80165289256198,71.07438016528926,21.90082644628099,44.214876033057855
1654,Left Center Back,8678,David Ángel Abraham,Eintracht Frankfurt,184,2589,14.87603305785124,25.6198347107438,98.34710743801654,83.88429752066115,69.42148760330579,94.00826446280992,54.958677685950406,58.47107438016529,80.78512396694215,28.305785123966942,24.586776859504134,95.86776859504133,21.90082644628099,59.917355371900825
1664,Left Center Back,8812,Marco Russ,Eintracht Frankfurt,184,2397,90.08264462809917,54.33884297520662,56.19834710743802,32.02479338842975,40.909090909090914,92.97520661157024,13.429752066115702,53.30578512396694,38.429752066115704,57.64462809917356,28.09917355371901,69.21487603305785,92.76859504132231,74.79338842975206
1666,Right Center Back,8814,Nico Elvedi,Borussia Mönchengladbach,185,1561,89.6694214876033,83.88429752066115,19.421487603305785,71.900826446281,73.34710743801654,35.53719008264463,11.983471074380166,92.56198347107438,76.44628099173553,57.64462809917356,58.26446280991735,29.132231404958674,21.90082644628099,77.27272727272727
1667,Left Center Back,8815,Jannik Vestergaard,Werder Bremen,176,3062,62.396694214876035,57.438016528925615,65.9090909090909,76.65289256198346,48.34710743801653,71.900826446281,76.03305785123968,67.97520661157024,82.85123966942149,46.48760330578512,73.55371900826447,76.2396694214876,65.70247933884298,37.1900826446281
1677,Left Center Back,8828,Dominique Heintz,FC Köln,186,2967,48.96694214876033,80.99173553719008,29.75206611570248,55.99173553719008,25.826446280991732,26.446280991735538,38.429752066115704,71.48760330578511,58.26446280991735,57.64462809917356,79.33884297520662,35.12396694214876,72.52066115702479,29.958677685950413
1678,Right Center Back,8829,Frederik Hillesborg Sørensen,FC Köln,186,1759,53.30578512396694,41.735537190082646,42.14876033057851,80.78512396694215,28.09917355371901,13.636363636363635,62.603305785123965,92.97520661157024,83.47107438016529,81.81818181818183,92.97520661157024,43.18181818181818,21.90082644628099,51.03305785123967
1684,Left Center Back,8900,Mërgim Mavraj,FC Köln,186,1016,5.785123966942149,26.239669421487605,75.0,97.52066115702479,0.4132231404958678,0.4132231404958678,95.45454545454545,80.78512396694215,94.62809917355372,66.73553719008265,8.677685950413224,60.9504132231405,21.90082644628099,3.71900826446281
1688,Left Center Back,8956,Timo Baumgartl,VfB Stuttgart,174,1572,35.53719008264463,43.80165289256198,24.793388429752067,63.84297520661158,3.0991735537190084,26.446280991735538,71.07438016528926,96.69421487603306,64.25619834710744,86.57024793388429,62.8099173553719,24.586776859504134,21.90082644628099,3.71900826446281
1691,Left Center Back,8965,Fabian Lustenberger,Hertha Berlin,173,2772,15.702479338842975,13.636363636363635,46.69421487603306,82.23140495867769,31.198347107438018,92.97520661157024,14.87603305785124,45.867768595041326,86.36363636363636,93.38842975206612,9.710743801652892,59.09090909090909,51.2396694214876,80.57851239669421
1697,Right Center Back,9106,Marvin Matip,Ingolstadt,189,2966,42.97520661157025,33.057851239669425,64.0495867768595,16.528925619834713,25.826446280991732,19.00826446280992,80.78512396694215,56.19834710743802,16.115702479338843,72.72727272727273,30.165289256198346,65.49586776859503,72.52066115702479,63.42975206611571
1704,Right Center Back,9217,Aytac Sulu,Darmstadt 98,872,3061,4.958677685950414,0.4132231404958678,44.00826446280991,45.45454545454545,31.198347107438018,23.553719008264462,76.44628099173553,76.65289256198346,42.768595041322314,13.223140495867769,13.223140495867769,40.082644628099175,99.58677685950413,86.36363636363636
1710,Left Center Back,9363,André Ramalho Silva,Bayer Leverkusen,904,1024,12.8099173553719,67.76859504132231,33.88429752066116,87.80991735537191,24.173553719008265,7.43801652892562,62.603305785123965,97.10743801652893,87.19008264462809,97.10743801652893,81.40495867768594,31.198347107438018,21.90082644628099,25.413223140495866
1711,Left Center Back,9396,Ermin Bičakčić,Hoffenheim,175,1669,65.9090909090909,64.87603305785123,51.2396694214876,42.561983471074385,10.537190082644628,3.71900826446281,88.84297520661157,98.7603305785124,40.082644628099175,72.72727272727273,38.22314049586777,47.31404958677686,21.90082644628099,33.88429752066116
1713,Right Center Back,9399,Javier Martínez Aginaga,Bayern Munich,169,1011,57.02479338842975,95.86776859504133,96.07438016528926,93.59504132231406,32.438016528925615,57.85123966942148,2.8925619834710745,44.214876033057855,93.38842975206612,33.264462809917354,69.42148760330579,95.86776859504133,81.81818181818183,97.52066115702479
1716,Left Center Back,9404,Luca Caldirola,Darmstadt 98,872,3152,30.57851239669421,2.066115702479339,54.54545454545454,61.77685950413223,3.0991735537190084,7.43801652892562,36.98347107438016,66.52892561983471,62.8099173553719,75.6198347107438,35.53719008264463,60.9504132231405,21.90082644628099,48.14049586776859
1746,Right Center Back,11286,Dominik Maroh,FC Köln,186,2130,8.264462809917356,38.429752066115704,26.446280991735538,61.77685950413223,55.371900826446286,94.00826446280992,65.70247933884298,90.49586776859503,58.26446280991735,57.64462809917356,11.983471074380166,21.487603305785125,81.81818181818183,3.71900826446281
1763,Left Center Back,12327,John Anthony Brooks,Hertha Berlin,173,1851,26.033057851239672,85.3305785123967,47.107438016528924,44.421487603305785,37.8099173553719,91.52892561983471,58.88429752066116,15.082644628099173,48.34710743801653,43.80165289256198,80.57851239669421,60.9504132231405,59.29752066115702,29.958677685950413
1774,Right Center Back,13319,Niko Bungert,FSV Mainz 05,177,1848,94.21487603305785,78.92561983471074,73.55371900826447,30.37190082644628,33.264462809917354,32.64462809917356,16.115702479338843,28.305785123966942,25.413223140495866,31.611570247933884,29.75206611570248,49.79338842975206,21.90082644628099,10.330578512396695
1783,Left Center Back,16534,Roman Neustädter,Schalke 04,181,2401,61.57024793388429,70.66115702479338,20.454545454545457,67.97520661157024,35.9504132231405,35.9504132231405,23.7603305785124,70.45454545454545,74.58677685950413,36.98347107438016,60.12396694214877,31.198347107438018,21.90082644628099,37.1900826446281
1814,Right Center Back,23341,Alexander Milosevic,Hannover 96,178,922,68.18181818181817,7.43801652892562,2.066115702479339,22.520661157024794,37.8099173553719,8.47107438016529,19.421487603305785,57.438016528925615,25.413223140495866,13.223140495867769,10.537190082644628,3.3057851239669422,21.90082644628099,3.71900826446281
1833,Left Center Back,26791,Emir Spahić,Hamburger SV,171,2411,26.446280991735538,63.42975206611571,19.00826446280992,46.48760330578512,55.78512396694215,38.01652892561984,84.71074380165288,76.65289256198346,49.79338842975206,52.68595041322314,82.02479338842976,28.512396694214875,21.90082644628099,22.107438016528928
1845,Left Center Back,35033,Slobodan Rajković,Darmstadt 98,872,1114,0.4132231404958678,0.8264462809917356,69.62809917355372,52.47933884297521,8.884297520661157,10.12396694214876,84.0909090909091,94.21487603305785,55.578512396694215,48.760330578512395,14.87603305785124,78.92561983471074,81.81818181818183,55.16528925619835
1847,Right Center Back,36359,Carlos Augusto Zambrano Ochandarte,Eintracht Frankfurt,184,1947,64.46280991735537,61.15702479338842,94.62809917355372,57.64462809917356,61.98347107438017,80.37190082644628,15.702479338842975,2.6859504132231407,61.15702479338842,89.46280991735537,34.29752066115703,97.52066115702479,21.90082644628099,10.330578512396695
1852,Right Center Back,38172,Toni Šunjić,VfB Stuttgart,174,1573,25.206611570247933,24.380165289256198,33.057851239669425,54.54545454545454,45.24793388429752,32.64462809917356,88.01652892561982,7.024793388429752,58.26446280991735,80.78512396694215,7.231404958677685,44.62809917355372,65.70247933884298,37.1900826446281
1860,Right Center Back,40468,Cleber Janderson Pereira Reis,Hamburger SV,171,1400,34.710743801652896,50.82644628099173,59.71074380165289,100.0,73.34710743801654,84.91735537190083,78.099173553719,84.71074380165288,99.3801652892562,88.63636363636364,75.0,38.63636363636363,72.52066115702479,18.388429752066116
1862,Left Center Back,40470,Georg Niedermeier,VfB Stuttgart,174,1475,20.24793388429752,53.30578512396694,64.46280991735537,33.47107438016529,44.214876033057855,63.01652892561983,21.90082644628099,81.61157024793388,23.96694214876033,1.2396694214876034,30.991735537190085,34.710743801652896,98.7603305785124,79.13223140495867
1870,Right Center Back,40543,Jeong-Ho Hong,Augsburg,172,1760,19.421487603305785,47.93388429752066,56.19834710743802,28.92561983471074,22.31404958677686,69.21487603305785,81.40495867768594,77.68595041322314,28.512396694214875,4.75206611570248,61.98347107438017,49.79338842975206,90.28925619834712,51.03305785123967
1873,Right Center Back,51388,Assani Lukimya-Mulongoti,Werder Bremen,176,926,48.34710743801653,40.082644628099175,91.32231404958677,94.62809917355372,29.338842975206614,80.37190082644628,78.71900826446281,56.19834710743802,93.80165289256198,63.63636363636363,80.16528925619835,88.22314049586777,21.90082644628099,29.958677685950413
1879,Left Center Back,400614,Christian Schulz,Hannover 96,178,2218,59.09090909090909,42.14876033057851,88.42975206611571,8.057851239669422,37.8099173553719,9.50413223140496,75.0,52.27272727272727,9.50413223140496,59.917355371900825,33.47107438016529,92.97520661157024,81.81818181818183,55.16528925619835
1899,Left Center Back,9461,Timm Klose,Norwich City,56,945,83.47107438016529,30.785123966942145,35.74380165289256,50.6198347107438,94.62809917355372,75.20661157024794,96.69421487603306,85.74380165289256,53.30578512396694,74.17355371900827,50.20661157024794,47.31404958677686,86.98347107438018,3.71900826446281
