,main_position,player_id,player_name,team,team_id,minutes_played,dribbles_completed_per90,dribble_success_rate,crosses_completed_per90,key_passes_per90,ball_recoveries_per90,pressures_per90,fouls_won_per90,goal_assists_per90,progressive_carries_per90,goals_scored_per90,goals_minus_xg_per90,progressive_carries_rate,chances_created_per90
14,Left Midfield,3601,Charly Musonda Junior,Real Betis,218,1212,97.98994974874373,72.8643216080402,23.869346733668344,19.09547738693467,53.266331658291456,61.30653266331658,98.99497487437185,26.13065326633166,87.43718592964824,17.33668341708543,57.03517587939698,62.311557788944725,17.33668341708543
19,Left Wing,4320,Neymar da Silva Santos Junior,Barcelona,217,3136,99.49748743718592,84.67336683417085,70.35175879396985,96.4824120603015,20.85427135678392,11.055276381909549,99.49748743718592,93.71859296482413,95.97989949748744,98.49246231155779,86.4321608040201,29.145728643216078,96.4824120603015
32,Left Midfield,5199,Jorge Resurrección Merodio,Atlético Madrid,212,3162,10.552763819095476,42.211055276381906,30.65326633165829,82.91457286432161,71.35678391959799,66.83417085427136,54.2713567839196,96.73366834170855,22.613065326633166,41.45728643216081,68.5929648241206,31.65829145728643,87.43718592964824
33,Right Wing,5200,Lucas Vázquez Iglesias,Real Madrid,220,929,86.4321608040201,94.9748743718593,97.98994974874373,93.71859296482413,92.46231155778895,98.49246231155779,97.98994974874373,100.0,93.96984924623115,90.20100502512562,93.71859296482413,58.79396984924623,97.48743718592965
37,Left Wing,5207,Cristiano Ronaldo dos Santos Aveiro,Real Madrid,220,3336,40.45226130653266,69.34673366834171,48.49246231155779,25.628140703517587,0.5025125628140703,0.5025125628140703,28.643216080402013,89.69849246231156,51.75879396984925,100.0,81.90954773869346,86.93467336683418,38.44221105527638
51,Right Wing,5503,Lionel Andrés Messi Cuccittini,Barcelona,217,2863,100.0,99.49748743718592,3.2663316582914574,83.66834170854271,2.512562814070352,1.0050251256281406,80.15075376884423,98.99497487437185,94.47236180904522,98.99497487437185,93.71859296482413,25.628140703517587,90.7035175879397
56,Right Wing,5560,Carlos Alberto Vela Garrido,Real Sociedad,210,2973,58.291457286432156,32.663316582914575,54.52261306532663,65.57788944723619,39.698492462311556,21.608040201005025,92.96482412060301,46.231155778894475,44.72361809045226,45.7286432160804,7.035175879396985,10.552763819095476,65.32663316582915
63,Left Midfield,5633,Yannick Ferreira Carrasco,Atlético Madrid,212,1489,98.49246231155779,72.36180904522614,30.65326633165829,45.22613065326633,99.49748743718592,55.27638190954774,60.30150753768844,20.100502512562816,97.48743718592965,68.34170854271356,37.185929648241206,85.92964824120602,39.698492462311556
67,Right Wing,5718,Rodrigo Moreno Machado,Valencia,207,1395,33.66834170854271,16.08040201005025,65.82914572864321,46.733668341708544,19.597989949748744,43.21608040201005,48.99497487437186,75.37688442211056,36.18090452261307,35.427135678391956,1.0050251256281406,22.110552763819097,50.25125628140703
70,Right Wing,5724,Fayçal Fajr,RC Deportivo La Coruña,219,2883,9.045226130653267,35.427135678391956,61.80904522613066,74.87437185929649,55.27638190954774,48.24120603015075,19.09547738693467,35.92964824120603,12.562814070351758,45.7286432160804,81.90954773869346,13.5678391959799,70.85427135678391
77,Left Wing,6356,Michael Krohn-Dehli,Sevilla,213,1490,18.341708542713565,24.120603015075375,39.44723618090452,84.92462311557789,47.73869346733669,44.221105527638194,17.839195979899497,71.60804020100502,66.33165829145729,13.5678391959799,2.512562814070352,42.71356783919598,82.66331658291458
78,Right Midfield,6357,Jonathan dos Santos Ramírez,Villarreal,222,1866,27.889447236180903,74.37185929648241,44.472361809045225,39.949748743718594,74.62311557788944,82.91457286432161,22.613065326633166,12.060301507537687,7.537688442211055,3.2663316582914574,23.115577889447238,4.0201005025125625,35.678391959798994
84,Right Midfield,6381,Saúl Ñíguez Esclapez,Atlético Madrid,212,2421,17.08542713567839,18.090452261306535,11.055276381909549,8.040201005025125,63.5678391959799,90.45226130653266,21.85929648241206,26.13065326633166,25.376884422110553,41.45728643216081,68.5929648241206,38.69346733668342,7.2864321608040195
91,Right Wing,6390,Markel Susaeta Laskurain,Athletic Club,215,2046,46.231155778894475,8.542713567839195,84.42211055276381,77.1356783919598,63.5678391959799,78.89447236180904,50.0,94.9748743718593,32.1608040201005,37.437185929648244,63.5678391959799,47.23618090452261,81.90954773869346
94,Right Wing,6393,Iñaki Williams Arthuer,Athletic Club,215,1954,41.959798994974875,64.82412060301507,46.733668341708544,1.507537688442211,31.4070351758794,23.115577889447238,67.8391959798995,50.502512562814076,13.06532663316583,87.68844221105527,98.24120603015075,61.30653266331658,3.015075376884422
97,Right Wing,6399,Gareth Frank Bale,Real Madrid,220,1939,47.98994974874372,41.20603015075377,92.46231155778895,81.90954773869346,4.0201005025125625,3.015075376884422,34.92462311557789,98.49246231155779,59.798994974874375,99.49748743718592,100.0,52.76381909547738,88.19095477386935
102,Left Midfield,6559,Juan Carlos Pérez López,Málaga,223,1301,15.07537688442211,64.07035175879398,46.733668341708544,29.64824120603015,12.814070351758794,8.542713567839195,40.45226130653266,50.502512562814076,9.045226130653267,13.5678391959799,30.90452261306533,42.211055276381906,28.391959798994975
104,Right Midfield,6563,Juan Pablo Añor Acosta,Málaga,223,1676,75.87939698492463,17.08542713567839,11.055276381909549,64.321608040201,93.21608040201005,79.89949748743719,82.66331658291458,15.07537688442211,58.79396984924623,62.8140703517588,57.03517587939698,43.71859296482412,60.30150753768844
110,Left Wing,6581,Jonathan Rodríguez Menéndez,Sporting Gijón,1041,3072,53.768844221105525,14.07035175879397,81.90954773869346,36.68341708542713,36.18090452261307,26.13065326633166,58.040201005025125,79.14572864321609,60.30150753768844,41.45728643216081,72.36180904522614,93.46733668341709,43.969849246231156
112,Right Wing,6594,Santiago Mina Lorenzo,Valencia,207,1671,15.07537688442211,2.512562814070352,23.869346733668344,2.512562814070352,9.798994974874372,86.18090452261306,92.96482412060301,15.07537688442211,21.35678391959799,62.8140703517588,72.36180904522614,37.68844221105528,2.261306532663317
120,Right Midfield,6608,Nabil El Zhar,Las Palmas,208,1580,51.75879396984925,9.045226130653267,48.49246231155779,17.839195979899497,52.26130653266332,30.15075376884422,63.5678391959799,84.17085427135679,67.8391959798995,33.165829145728644,51.75879396984925,68.34170854271356,24.623115577889447
121,Left Midfield,6609,Denis Suárez Fernández,Villarreal,222,2336,63.81909547738693,37.185929648241206,68.84422110552764,72.8643216080402,48.49246231155779,65.82914572864321,56.03015075376885,57.78894472361809,88.94472361809045,45.7286432160804,63.5678391959799,88.44221105527639,72.11055276381909
130,Left Wing,6626,Mubarak Wakaso,Las Palmas,208,930,69.84924623115577,67.08542713567839,39.44723618090452,15.829145728643216,98.49246231155779,69.84924623115577,96.4824120603015,5.025125628140704,51.256281407035175,24.371859296482413,72.36180904522614,11.055276381909549,9.547738693467336
136,Right Midfield,6651,Joaquín Sánchez Rodríguez,Real Betis,218,2056,75.12562814070351,68.5929648241206,80.15075376884423,89.9497487437186,72.8643216080402,9.547738693467336,65.82914572864321,82.1608040201005,61.30653266331658,7.788944723618091,11.809045226130653,46.231155778894475,90.7035175879397
144,Left Wing,6666,Sabin Merino Zuloaga,Athletic Club,215,1205,26.884422110552762,7.035175879396985,34.92462311557789,14.07035175879397,14.572864321608039,32.663316582914575,5.527638190954774,5.025125628140704,14.07035175879397,89.19597989949749,78.89447236180904,47.73869346733669,7.2864321608040195
145,Left Midfield,6668,José Luis Morales Nogales,Levante UD,221,2886,88.94472361809045,47.98994974874372,83.16582914572864,73.86934673366834,57.286432160804026,42.71356783919598,24.371859296482413,46.231155778894475,78.64321608040201,62.8140703517588,76.13065326633166,91.4572864321608,70.85427135678391
146,Left Wing,6669,David Zurutuza Veillet,Real Sociedad,210,1302,45.22613065326633,42.71356783919598,19.597989949748744,10.050251256281408,86.68341708542714,58.79396984924623,81.65829145728644,79.14572864321609,26.633165829145728,13.5678391959799,23.115577889447238,17.587939698492463,17.33668341708543
156,Left Wing,6685,Mikel Oyarzabal Ugarte,Real Sociedad,210,1490,15.07537688442211,2.0100502512562812,30.65326633165829,53.015075376884425,49.74874371859296,89.44723618090453,75.62814070351759,20.100502512562816,40.45226130653266,87.68844221105527,96.73366834170855,67.33668341708542,48.743718592964825
157,Right Wing,6690,Xabier Prieto Argarate,Real Sociedad,210,2508,9.798994974874372,50.25125628140703,71.60804020100502,45.22613065326633,31.4070351758794,24.623115577889447,76.38190954773869,39.949748743718594,6.532663316582915,28.894472361809044,57.03517587939698,20.100502512562816,43.969849246231156
171,Right Wing,6720,Pablo Sarabia García,Getafe,216,2791,40.45226130653266,8.040201005025125,83.16582914572864,89.44723618090453,77.1356783919598,76.88442211055276,66.83417085427136,75.37688442211056,82.91457286432161,64.321608040201,81.90954773869346,88.94472361809045,88.94472361809045
173,Left Wing,6724,Manuel Agudo Durán,Celta Vigo,209,2517,88.44221105527639,22.613065326633166,50.502512562814076,85.92964824120602,75.87939698492463,29.64824120603015,88.69346733668341,88.44221105527639,53.517587939698494,92.21105527638191,88.69346733668341,28.643216080402013,84.92462311557789
176,Right Wing,6728,Federico Nicolás Cartabia,RC Deportivo La Coruña,219,1392,89.9497487437186,95.97989949748744,66.58291457286433,56.28140703517588,87.93969849246231,92.46231155778895,98.49246231155779,75.37688442211056,77.88944723618091,56.78391959798995,72.36180904522614,7.035175879396985,59.798994974874375
185,Left Midfield,6740,Gonzalo Castro Irizábal,Málaga,223,1489,77.1356783919598,79.39698492462311,98.99497487437185,87.43718592964824,84.67336683417085,20.603015075376884,47.73869346733669,71.60804020100502,84.67336683417085,13.5678391959799,46.733668341708544,97.48743718592965,84.42211055276381
186,Right Midfield,6742,Sergio Gontán Gallardo,Eibar,322,2508,39.19597989949749,33.41708542713568,92.96482412060301,59.04522613065326,91.95979899497488,95.97989949748744,78.64321608040201,39.949748743718594,62.311557788944725,28.894472361809044,46.733668341708544,79.39698492462311,59.04522613065326
226,Left Midfield,6829,Samuel Castillejo Azuaga,Villarreal,222,1766,58.291457286432156,11.557788944723619,55.778894472361806,43.21608040201005,85.92964824120602,88.44221105527639,84.92462311557789,15.07537688442211,68.34170854271356,10.050251256281408,30.90452261306533,73.36683417085426,37.185929648241206
229,Right Wing,6838,Hernán Arsenio Pérez González,Espanyol,214,2514,93.96984924623115,67.8391959798995,75.62814070351759,24.623115577889447,79.89949748743719,75.37688442211056,69.84924623115577,10.301507537688442,62.8140703517588,72.61306532663316,81.90954773869346,59.2964824120603,19.597989949748744
230,Right Wing,6841,Víctor Machín Pérez,Sevilla,213,2139,50.753768844221106,33.41708542713568,52.51256281407035,61.30653266331658,73.86934673366834,77.88944723618091,91.20603015075378,60.80402010050251,86.4321608040201,20.603015075376884,19.34673366834171,92.46231155778895,64.82412060301507
231,Left Wing,6842,Iker Muniain Goñi,Athletic Club,215,1205,52.76381909547738,91.4572864321608,34.92462311557789,53.015075376884425,83.16582914572864,7.537688442211055,97.48743718592965,5.025125628140704,41.20603015075377,41.45728643216081,14.824120603015075,8.040201005025125,44.72361809045226
244,Left Midfield,6873,Francisco Portillo Soler,Real Betis,218,1024,92.46231155778895,100.0,11.055276381909549,62.562814070351756,80.40201005025126,41.70854271356784,44.221105527638194,5.025125628140704,18.090452261306535,3.2663316582914574,30.90452261306533,0.5025125628140703,52.26130653266332
252,Right Wing,6907,Pedro León Sánchez Gil,Getafe,216,2137,80.40201005025126,75.62814070351759,81.15577889447236,53.015075376884425,13.5678391959799,38.69346733668342,50.753768844221106,60.80402010050251,42.211055276381906,20.603015075376884,14.824120603015075,64.321608040201,55.27638190954774
255,Right Wing,6918,Isaac Ajayi Success,Granada,1049,2619,65.07537688442211,9.547738693467336,61.80904522613066,17.839195979899497,16.582914572864322,12.060301507537687,96.98492462311557,20.100502512562816,73.86934673366834,59.54773869346733,46.733668341708544,89.44723618090453,14.572864321608039
261,Left Midfield,6934,Jerónimo Figueroa Cabrera,Las Palmas,208,1395,86.93467336683418,97.98994974874373,41.70854271356784,70.85427135678391,69.84924623115577,27.63819095477387,64.321608040201,75.37688442211056,73.36683417085426,3.2663316582914574,19.34673366834171,17.08542713567839,73.11557788944724
267,Right Wing,7105,Fabián Ariel Orellana Valenzuela,Celta Vigo,209,3076,92.96482412060301,49.246231155778894,28.14070351758794,57.286432160804026,88.44221105527639,9.045226130653267,90.45226130653266,79.14572864321609,82.41206030150754,59.54773869346733,19.34673366834171,27.63819095477387,63.06532663316583
276,Left Wing,7900,Tiago Manuel Dias Correia,Rayo Vallecano,360,2510,74.12060301507537,58.79396984924623,89.9497487437186,21.85929648241206,50.25125628140703,12.814070351758794,10.301507537688442,82.1608040201005,70.35175879396985,28.894472361809044,51.75879396984925,94.47236180904522,26.13065326633166
288,Left Wing,8522,Armindo Tué Na Bangna,Real Sociedad,210,1295,98.99497487437185,88.69346733668341,91.95979899497488,68.34170854271356,96.4824120603015,71.85929648241206,58.040201005025125,20.100502512562816,97.98994974874373,37.437185929648244,5.276381909547738,73.86934673366834,67.08542713567839
289,Left Wing,8523,Yevhen Konoplyanka,Sevilla,213,1396,87.93969849246231,64.07035175879398,99.49748743718592,94.47236180904522,49.246231155778894,19.597989949748744,60.30150753768844,88.44221105527639,98.49246231155779,72.61306532663316,57.03517587939698,98.49246231155779,94.9748743718593
305,Left Wing,10755,Jonathan Viera Ramos,Las Palmas,208,3349,64.321608040201,53.517587939698494,23.869346733668344,79.89949748743719,44.472361809045225,55.778894472361806,82.66331658291458,86.68341708542714,80.90452261306532,75.37688442211056,46.733668341708544,23.115577889447238,79.89949748743719
312,Right Wing,11539,Adrián Embarba Blázquez,Rayo Vallecano,360,1767,45.22613065326633,15.07537688442211,91.4572864321608,49.497487437185924,69.09547738693468,60.30150753768844,52.76381909547738,79.14572864321609,76.38190954773869,28.894472361809044,11.809045226130653,72.8643216080402,54.020100502512555
340,Right Wing,18724,Sofiane Feghouli,Valencia,207,1217,19.09547738693467,3.015075376884422,94.9748743718593,88.94472361809045,58.79396984924623,27.1356783919598,51.507537688442206,26.13065326633166,61.80904522613066,17.33668341708543,3.5175879396984926,70.85427135678391,83.91959798994975
341,Right Midfield,18867,Matías Nahuel Leiva Esquivel,Villarreal,222,1021,56.53266331658291,27.386934673366838,4.522613065326634,36.68341708542713,55.27638190954774,68.34170854271356,37.93969849246231,31.155778894472363,57.03517587939698,3.2663316582914574,9.547738693467336,81.65829145728644,33.41708542713568
363,Left Wing,23785,Théo Bongonda Mbul''Ofeko Batombo,Celta Vigo,209,1306,39.698492462311556,4.773869346733668,12.562814070351758,9.045226130653267,26.38190954773869,4.522613065326634,79.39698492462311,20.100502512562816,69.84924623115577,37.437185929648244,30.90452261306533,89.9497487437186,8.291457286432161
369,Right Wing,23816,José Antonio Reyes Calderón,Sevilla,213,1306,21.608040201005025,13.06532663316583,85.17587939698493,90.45226130653266,66.08040201005025,81.4070351758794,92.96482412060301,20.100502512562816,54.2713567839196,13.5678391959799,7.035175879396985,64.82412060301507,85.678391959799
373,Right Wing,23848,Carlos Carmona Bonet,Sporting Gijón,1041,1488,27.889447236180903,27.386934673366838,54.52261306532663,45.22613065326633,41.20603015075377,87.93969849246231,26.884422110552762,71.60804020100502,15.577889447236181,35.427135678391956,26.13065326633166,36.68341708542713,49.74874371859296
381,Left Wing,23994,Alejandro Menéndez Díez,Sporting Gijón,1041,1028,34.17085427135678,30.65326633165829,55.778894472361806,36.68341708542713,42.96482412060301,58.291457286432156,0.7537688442211055,31.155778894472363,20.100502512562816,52.26130653266332,76.13065326633166,77.88944723618091,30.90452261306533
383,Left Wing,24070,Saúl Berjón Pérez,Eibar,322,1489,18.341708542713565,1.507537688442211,63.06532663316583,88.44221105527639,53.768844221105525,23.618090452261306,4.522613065326634,86.68341708542714,31.65829145728643,68.34170854271356,7.035175879396985,60.80402010050251,89.69849246231156
411,Right Midfield,25859,Sérgio Paulo Barbosa Valente,Málaga,223,930,83.41708542713567,65.82914572864321,78.39195979899498,100.0,98.99497487437185,54.020100502512555,100.0,35.92964824120603,80.40201005025126,24.371859296482413,7.035175879396985,15.577889447236181,99.49748743718592
413,Left Wing,25921,Rubén Gracia Calmache,RC Deportivo La Coruña,219,1113,23.618090452261306,19.34673366834171,4.0201005025125625,6.281407035175879,20.85427135678392,25.628140703517587,9.045226130653267,5.025125628140704,17.587939698492463,3.2663316582914574,26.13065326633166,35.678391959798994,4.0201005025125625
417,Left Wing,26020,Ángel Lafita Castillo,Getafe,216,1118,33.165829145728644,7.035175879396985,17.587939698492463,4.522613065326634,32.663316582914575,43.71859296482412,60.30150753768844,60.80402010050251,9.547738693467336,68.34170854271356,78.89447236180904,31.155778894472363,6.030150753768844
438,Left Wing,26723,Álvaro Cejudo Carmona,Real Betis,218,1957,55.27638190954774,31.909547738693465,40.45226130653266,29.64824120603015,85.42713567839196,72.36180904522614,71.35678391959799,35.92964824120603,38.19095477386934,7.788944723618091,37.185929648241206,58.040201005025125,25.628140703517587
497,Right Midfield,2966,Stéphane Sessègnon,West Bromwich Albion,27,1974,78.39195979899498,77.38693467336684,45.47738693467337,48.24120603015075,93.21608040201005,6.030150753768844,85.92964824120602,35.92964824120603,81.4070351758794,24.371859296482413,63.5678391959799,87.43718592964824,45.47738693467337
498,Left Wing,2988,Memphis Depay,Manchester United,39,1504,66.33165829145729,38.94472361809046,61.80904522613066,12.814070351758794,62.562814070351756,10.552763819095476,74.62311557788944,5.025125628140704,79.89949748743719,33.165829145728644,1.7587939698492463,65.32663316582915,5.025125628140704
501,Left Wing,3043,Christian Dannemann Eriksen,Tottenham Hotspur,38,3094,23.618090452261306,43.71859296482412,59.04522613065326,98.49246231155779,94.47236180904522,46.231155778894475,3.2663316582914574,93.71859296482413,63.5678391959799,52.26130653266332,57.03517587939698,35.175879396984925,98.49246231155779
503,Right Midfield,3049,Matt Ritchie,AFC Bournemouth,28,3108,9.798994974874372,54.2713567839196,67.33668341708542,32.663316582914575,87.43718592964824,60.80402010050251,54.2713567839196,66.08040201005025,20.603015075376884,33.165829145728644,37.185929648241206,2.512562814070352,38.44221105527638
510,Left Wing,3076,Ayoze Pérez Gutiérrez,Newcastle United,37,2071,84.17085427135679,57.286432160804026,48.49246231155779,43.21608040201005,83.91959798994975,96.4824120603015,71.35678391959799,31.155778894472363,47.73869346733669,75.37688442211056,86.4321608040201,32.1608040201005,40.45226130653266
517,Right Wing,3091,Moussa Sissoko,Newcastle United,37,3483,68.84422110552764,51.75879396984925,90.7035175879397,56.28140703517588,83.16582914572864,39.44723618090452,13.06532663316583,71.60804020100502,74.87437185929649,6.532663316582915,14.824120603015075,84.92462311557789,59.04522613065326
525,Left Midfield,3196,Wahbi Khazri,Sunderland,41,1226,30.65326633165829,31.155778894472363,73.86934673366834,92.46231155778895,37.93969849246231,80.90452261306532,20.85427135678392,26.13065326633166,26.13065326633166,41.45728643216081,81.90954773869346,22.613065326633166,88.19095477386935
527,Left Wing,3233,Raheem Sterling,Manchester City,36,2150,68.34170854271356,73.36683417085426,6.030150753768844,61.30653266331658,65.07537688442211,22.110552763819097,76.88442211055276,31.155778894472363,71.85929648241206,72.61306532663316,37.185929648241206,63.81909547738693,58.040201005025125
539,Right Midfield,3286,Nathan Redmond,Norwich City,56,2255,81.90954773869346,87.93969849246231,38.19095477386934,66.58291457286433,62.562814070351756,52.76381909547738,47.23618090452261,42.71356783919598,79.39698492462311,65.07537688442211,92.71356783919597,75.87939698492463,67.08542713567839
544,Right Wing,3293,Jesse Lingard,Manchester United,39,1790,5.025125628140704,3.5175879396984926,3.2663316582914574,11.306532663316583,26.38190954773869,73.86934673366834,19.09547738693467,15.07537688442211,36.93467336683417,59.54773869346733,68.5929648241206,50.25125628140703,8.291457286432161
545,Right Wing,3294,Juan Manuel Mata García,Manchester United,39,3189,22.613065326633166,90.95477386934674,13.5678391959799,56.28140703517588,42.96482412060301,10.050251256281408,19.09547738693467,54.52261306532663,46.231155778894475,48.743718592964825,46.733668341708544,2.0100502512562812,55.27638190954774
547,Right Wing,3297,Andros Townsend,Newcastle United,37,1131,96.73366834170855,86.93467336683418,88.19095477386935,93.71859296482413,81.90954773869346,86.93467336683418,26.884422110552762,57.78894472361809,94.9748743718593,82.1608040201005,98.24120603015075,77.38693467336684,91.4572864321608
551,Left Midfield,3307,Marc Albrighton,Leicester City,22,3206,52.76381909547738,83.91959798994975,79.39698492462311,70.85427135678391,58.040201005025125,52.26130653266332,10.301507537688442,75.37688442211056,23.618090452261306,10.050251256281408,37.185929648241206,57.286432160804026,73.11557788944724
561,Left Wing,3325,Marko Arnautović,Stoke City,30,3100,77.1356783919598,71.85929648241206,36.93467336683417,54.2713567839196,37.185929648241206,31.65829145728643,11.809045226130653,66.08040201005025,37.68844221105528,82.1608040201005,42.211055276381906,9.045226130653267,57.03517587939698
574,Right Wing,3347,André Ayew Pelé,Swansea City,26,3198,25.125628140703515,36.68341708542713,0.5025125628140703,2.0100502512562812,5.527638190954774,50.25125628140703,72.8643216080402,15.07537688442211,10.050251256281408,84.67336683417085,90.95477386934674,18.84422110552764,2.261306532663317
579,Left Wing,3385,Alexis Alejandro Sánchez Sánchez,Arsenal,1,2623,95.97989949748744,85.92964824120602,71.60804020100502,81.90954773869346,95.97989949748744,29.145728643216078,87.43718592964824,50.502512562814076,78.64321608040201,93.71859296482413,72.36180904522614,8.542713567839195,79.39698492462311
591,Right Wing,3449,Wayne Routledge,Swansea City,26,2066,19.597989949748744,70.10050251256281,32.914572864321606,47.48743718592965,11.306532663316583,33.66834170854271,23.115577889447238,12.060301507537687,13.5678391959799,20.603015075376884,26.13065326633166,41.70854271356784,40.45226130653266
592,Left Wing,3450,Jordan Ayew,Aston Villa,59,2545,91.4572864321608,57.78894472361809,16.331658291457288,3.015075376884422,46.984924623115575,94.9748743718593,48.24120603015075,5.025125628140704,42.96482412060301,68.34170854271356,76.13065326633166,16.08040201005025,1.507537688442211
597,Left Midfield,3463,Junior Stanislas,AFC Bournemouth,28,1606,63.31658291457286,62.562814070351756,77.1356783919598,79.39698492462311,42.96482412060301,35.175879396984925,10.301507537688442,42.71356783919598,65.82914572864321,48.743718592964825,63.5678391959799,52.26130653266332,76.88442211055276
602,Right Wing,3469,Bakary Sako,Crystal Palace,31,1035,61.30653266331658,43.21608040201005,43.21608040201005,10.050251256281408,71.85929648241206,41.20603015075377,11.809045226130653,31.155778894472363,75.87939698492463,52.26130653266332,37.185929648241206,74.87437185929649,10.552763819095476
604,Right Wing,3472,Willian Borges da Silva,Chelsea,33,3019,72.36180904522614,93.96984924623115,64.57286432160804,94.9748743718593,69.09547738693468,34.17085427135678,68.34170854271356,79.14572864321609,85.42713567839196,41.45728643216081,63.5678391959799,38.19095477386934,93.21608040201005
615,Left Wing,3491,Dimitri Payet,West Ham United,40,2739,82.41206030150754,96.4824120603015,93.46733668341709,99.49748743718592,79.14572864321609,5.527638190954774,37.185929648241206,96.73366834170855,68.84422110552764,80.40201005025126,90.95477386934674,36.18090452261307,100.0
620,Left Wing,3501,Philippe Coutinho Correia,Liverpool,24,2262,69.34673366834171,62.562814070351756,12.562814070351758,78.64321608040201,67.33668341708542,37.68844221105528,39.19597989949749,75.37688442211056,84.67336683417085,82.1608040201005,63.5678391959799,49.74874371859296,77.88944723618091
622,Right Wing,3507,Wilfried Zaha,Crystal Palace,31,2821,97.48743718592965,81.90954773869346,88.19095477386935,41.45728643216081,93.96984924623115,47.73869346733669,95.97989949748744,10.301507537688442,91.4572864321608,13.5678391959799,37.185929648241206,92.96482412060301,33.41708542713568
625,Left Midfield,3514,James McClean,West Bromwich Albion,27,2633,26.884422110552762,44.72361809045226,87.43718592964824,34.17085427135678,26.38190954773869,65.32663316582915,41.45728643216081,20.100502512562816,45.7286432160804,13.5678391959799,42.211055276381906,90.45226130653266,27.63819095477387
636,Right Wing,3533,Xherdan Shaqiri,Stoke City,30,2534,42.96482412060301,34.17085427135678,44.472361809045225,68.34170854271356,29.64824120603015,2.512562814070352,20.85427135678392,66.08040201005025,25.376884422110553,28.894472361809044,51.75879396984925,12.060301507537687,69.84924623115577
647,Right Wing,3585,Erik Lamela,Tottenham Hotspur,38,2624,29.64824120603015,25.879396984924625,9.045226130653267,91.70854271356784,48.49246231155779,87.43718592964824,43.21608040201005,90.45226130653266,27.1356783919598,52.26130653266332,30.90452261306533,6.532663316582915,92.46231155778895
649,Left Wing,3589,Yannick Bolasie Yala,Crystal Palace,31,2163,91.95979899497488,59.2964824120603,86.93467336683418,27.63819095477387,74.62311557788944,14.07035175879397,46.733668341708544,46.231155778894475,83.66834170854271,59.54773869346733,57.03517587939698,95.47738693467338,26.884422110552762
668,Left Wing,3621,Eden Hazard,Chelsea,33,2355,90.45226130653266,95.47738693467338,64.57286432160804,96.98492462311557,67.33668341708542,2.0100502512562812,94.22110552763819,42.71356783919598,98.99497487437185,45.7286432160804,76.13065326633166,59.798994974874375,93.96984924623115
673,Right Wing,3635,Jordon Ibe,Liverpool,24,1125,95.22613065326632,70.10050251256281,60.55276381909548,64.321608040201,97.48743718592965,44.72361809045226,31.155778894472363,31.155778894472363,96.98492462311557,20.603015075376884,30.90452261306533,54.773869346733676,61.55778894472361
678,Left Midfield,3646,Marc Pugh,AFC Bournemouth,28,1408,58.291457286432156,23.115577889447238,59.04522613065326,14.572864321608039,44.472361809045225,33.165829145728644,52.76381909547738,46.231155778894475,77.38693467336684,56.78391959798995,57.03517587939698,69.34673366834171,17.33668341708543
690,Left Wing,3668,Theo Walcott,Arsenal,1,1404,50.0,59.798994974874375,17.587939698492463,19.849246231155778,17.587939698492463,4.0201005025125625,54.2713567839196,46.231155778894475,30.65326633165829,83.66834170854271,5.276381909547738,78.89447236180904,21.35678391959799
694,Left Wing,3683,Tom Cleverley,Everton,29,1594,11.557788944723619,83.16582914572864,26.884422110552762,32.663316582914575,77.1356783919598,94.47236180904522,24.371859296482413,84.17085427135679,11.557788944723619,33.165829145728644,63.5678391959799,1.0050251256281406,42.96482412060301
704,Right Wing,3726,Gerard Deulofeu Lázaro,Everton,29,1503,74.12060301507537,61.55778894472361,94.47236180904522,77.1356783919598,55.27638190954774,16.582914572864322,13.819095477386934,99.49748743718592,92.46231155778895,33.165829145728644,57.03517587939698,82.41206030150754,86.68341708542714
709,Right Midfield,3814,Riyad Mahrez,Leicester City,22,3390,93.46733668341709,65.32663316582915,59.04522613065326,67.33668341708542,80.90452261306532,39.44723618090452,77.88944723618091,89.69849246231156,66.83417085427136,94.72361809045226,90.95477386934674,75.37688442211056,74.37185929648241
712,Left Wing,3831,Dušan Tadić,Southampton,25,2546,36.68341708542713,87.43718592964824,98.49246231155779,95.97989949748744,46.984924623115575,26.633165829145728,33.91959798994975,95.7286432160804,58.040201005025125,68.34170854271356,46.733668341708544,81.65829145728644,96.98492462311557
718,Right Wing,3953,Aaron Lennon,Everton,29,1605,20.100502512562816,31.909547738693465,34.92462311557789,47.48743718592965,15.577889447236181,62.311557788944725,35.678391959798994,5.025125628140704,18.592964824120603,78.89447236180904,96.73366834170855,23.618090452261306,37.185929648241206
720,Left Wing,3958,Pedro Eliezer Rodríguez Ledesma,Chelsea,33,2268,79.64824120603015,78.39195979899498,63.81909547738693,70.85427135678391,96.98492462311557,37.185929648241206,73.36683417085426,26.13065326633166,72.36180904522614,77.38693467336684,68.5929648241206,37.185929648241206,68.5929648241206
724,Right Wing,3963,Victor Moses,West Ham United,40,1224,51.256281407035175,34.67336683417086,22.613065326633166,34.17085427135678,22.110552763819097,5.025125628140704,55.27638190954774,54.52261306532663,74.37185929648241,17.33668341708543,14.824120603015075,90.95477386934674,37.185929648241206
746,Left Wing,4317,Kevin Mirallas,Everton,29,948,67.58793969849246,67.08542713567839,38.19095477386934,57.78894472361809,78.14070351758794,32.1608040201005,61.30653266331658,71.60804020100502,57.03517587939698,89.19597989949749,78.89447236180904,25.125628140703515,61.55778894472361
749,Left Midfield,4416,Max-Alain Gradel,AFC Bournemouth,28,1035,54.2713567839196,18.592964824120603,43.21608040201005,10.050251256281408,88.94472361809045,63.31658291457286,72.36180904522614,66.08040201005025,52.26130653266332,20.603015075376884,23.115577889447238,85.42713567839196,15.07537688442211
772,Left Wing,4831,Nacer Chadli,Tottenham Hotspur,38,940,30.65326633165829,5.527638190954774,25.376884422110553,81.90954773869346,34.92462311557789,46.733668341708544,6.030150753768844,75.37688442211056,31.155778894472363,78.89447236180904,63.5678391959799,3.015075376884422,81.15577889447236
788,Right Wing,5581,Joel Nathaniel Campbell Samuels,Arsenal,1,1035,28.894472361809044,88.69346733668341,19.597989949748744,27.63819095477387,27.63819095477387,72.8643216080402,80.90452261306532,66.08040201005025,43.969849246231156,75.37688442211056,86.4321608040201,24.120603015075375,30.90452261306533
802,Right Wing,6800,Carles Gil de Pareja Vicent,Aston Villa,59,1603,71.60804020100502,76.63316582914574,34.92462311557789,50.25125628140703,51.005025125628144,45.7286432160804,48.99497487437186,15.07537688442211,86.93467336683418,33.165829145728644,72.36180904522614,26.13065326633166,46.482412060301506
803,Right Wing,6821,Jesús Navas González,Manchester City,36,2248,60.30150753768844,92.46231155778895,90.7035175879397,85.42713567839196,90.95477386934674,40.20100502512563,20.100502512562816,91.20603015075378,92.96482412060301,3.2663316582914574,4.522613065326634,61.80904522613066,85.678391959799
804,Left Midfield,6870,José Manuel Jurado Marín,Watford,23,2535,61.80904522613066,82.41206030150754,21.608040201005025,61.30653266331658,75.87939698492463,15.577889447236181,42.71356783919598,5.025125628140704,36.93467336683417,3.2663316582914574,19.34673366834171,10.050251256281408,51.256281407035175
806,Left Wing,7063,Jefferson Antonio Montero Vite,Swansea City,26,1316,87.43718592964824,22.110552763819097,96.98492462311557,76.13065326633166,45.7286432160804,22.613065326633166,91.20603015075378,50.502512562814076,99.49748743718592,3.2663316582914574,3.5175879396984926,100.0,75.62814070351759
810,Right Midfield,7171,Fabio Borini,Sunderland,41,2075,8.542713567839195,14.572864321608039,15.07537688442211,7.537688442211055,34.17085427135678,47.23618090452261,71.35678391959799,31.155778894472363,12.060301507537687,62.8140703517588,46.733668341708544,33.66834170854271,6.532663316582915
822,Left Midfield,9485,Craig Gardner,West Bromwich Albion,27,1885,3.015075376884422,10.050251256281408,57.286432160804026,38.94472361809046,46.231155778894475,93.46733668341709,27.889447236180903,54.52261306532663,3.5175879396984926,41.45728643216081,23.115577889447238,21.105527638190953,42.96482412060301
861,Left Wing,11117,Scott Sinclair,Aston Villa,59,1802,48.99497487437186,56.03015075376885,2.0100502512562812,0.5025125628140703,6.030150753768844,7.035175879396985,17.839195979899497,5.025125628140704,29.145728643216078,24.371859296482413,19.34673366834171,51.75879396984925,0.5025125628140703
883,Right Wing,16457,Jeremain Lens,Sunderland,41,1319,78.89447236180904,55.27638190954774,38.19095477386934,27.63819095477387,34.92462311557789,84.42211055276381,73.86934673366834,79.14572864321609,70.85427135678391,59.54773869346733,76.13065326633166,62.8140703517588,35.678391959798994
894,Left Wing,20039,Anthony Martial,Manchester United,39,2719,81.4070351758794,56.78391959798995,53.768844221105525,36.68341708542713,42.96482412060301,18.090452261306535,66.33165829145729,35.92964824120603,76.88442211055276,87.68844221105527,92.71356783919597,45.22613065326633,35.678391959798994
917,Left Midfield,22594,Matt Jarvis,Norwich City,56,1224,7.035175879396985,80.65326633165829,78.89447236180904,34.17085427135678,1.507537688442211,17.587939698492463,2.0100502512562812,26.13065326633166,24.120603015075375,17.33668341708543,46.733668341708544,95.97989949748744,28.391959798994975
927,Left Wing,26696,Arouna Koné,Everton,29,1502,66.33165829145729,73.86934673366834,8.040201005025125,3.5175879396984926,51.005025125628144,8.040201005025125,16.08040201005025,66.08040201005025,45.22613065326633,80.40201005025126,57.03517587939698,12.814070351758794,5.025125628140704
955,Right Wing,42902,Adam Johnson,Sunderland,41,1033,28.894472361809044,75.62814070351759,65.32663316582915,90.95477386934674,94.9748743718593,15.07537688442211,32.914572864321606,97.48743718592965,55.0251256281407,52.26130653266332,57.03517587939698,1.507537688442211,95.47738693467338
958,Right Midfield,43081,Almen Abdi,Watford,23,2357,4.522613065326634,98.49246231155779,30.65326633165829,45.22613065326633,61.55778894472361,69.34673366834171,14.572864321608039,5.025125628140704,5.276381909547738,17.33668341708543,37.185929648241206,9.547738693467336,33.41708542713568
973,Left Wing,3145,Keita Baldé Diao,Lazio,236,1403,89.44723618090453,46.733668341708544,95.97989949748744,97.48743718592965,65.07537688442211,38.19095477386934,94.9748743718593,20.100502512562816,100.0,72.61306532663316,9.547738693467336,96.98492462311557,94.47236180904522
980,Right Wing,3531,Mohamed Salah,AS Roma,229,2990,38.69346733668342,26.633165829145728,41.70854271356784,73.86934673366834,33.165829145728644,28.14070351758794,33.91959798994975,71.60804020100502,52.76381909547738,92.21105527638191,95.7286432160804,54.2713567839196,75.62814070351759
1010,Left Midfield,5587,Adem Ljajić,Inter Milan,238,1497,55.27638190954774,52.51256281407035,63.06532663316583,98.99497487437185,36.68341708542713,18.592964824120603,29.145728643216078,71.60804020100502,90.45226130653266,55.27638190954774,42.211055276381906,34.17085427135678,98.99497487437185
1020,Right Midfield,5683,Keisuke Honda,AC Milan,243,2158,35.92964824120603,74.87437185929649,52.51256281407035,70.85427135678391,30.402010050251256,70.35175879396985,42.211055276381906,46.231155778894475,49.246231155778894,7.788944723618091,7.035175879396985,32.663316582914575,69.34673366834171
1036,Right Wing,6658,Cristian Tello Herrera,Fiorentina,239,1216,80.90452261306532,60.30150753768844,95.47738693467338,58.291457286432156,10.552763819095476,36.68341708542713,25.376884422110553,91.95979899497488,71.35678391959799,41.45728643216081,19.34673366834171,55.27638190954774,68.5929648241206
1043,Left Wing,6822,Carlos Joaquín Correa,Sampdoria,234,1310,82.91457286432161,44.221105527638194,2.512562814070352,60.050251256281406,78.14070351758794,88.94472361809045,91.95979899497488,20.100502512562816,91.95979899497488,59.54773869346733,14.824120603015075,66.83417085427136,56.28140703517588
1046,Left Wing,6859,Nicola Sansone,Sassuolo,232,2623,47.23618090452261,28.643216080402013,19.597989949748744,66.58291457286433,16.582914572864322,63.81909547738693,74.62311557788944,50.502512562814076,28.14070351758794,68.34170854271356,68.5929648241206,14.07035175879397,67.8391959798995
1067,Left Wing,6979,Stephan El Shaarawy,AS Roma,229,1403,13.5678391959799,19.34673366834171,5.527638190954774,11.306532663316583,22.8643216080402,35.678391959798994,4.0201005025125625,46.231155778894475,32.663316582914575,97.98994974874373,88.69346733668341,27.1356783919598,14.07035175879397
1079,Left Wing,7000,Eder Citadin Martins,Inter Milan,238,2514,15.07537688442211,29.64824120603015,26.884422110552762,12.814070351758794,40.45226130653266,31.155778894472363,59.04522613065326,39.949748743718594,23.115577889447238,95.47738693467338,88.69346733668341,28.14070351758794,13.316582914572864
1083,Left Wing,7006,Alejandro Darío Gómez,Atalanta,228,3098,73.36683417085426,76.63316582914574,86.18090452261306,80.90452261306532,67.33668341708542,20.100502512562816,83.66834170854271,79.14572864321609,88.44221105527639,59.54773869346733,63.5678391959799,80.90452261306532,80.40201005025126
1092,Right Wing,7022,Jesús Joaquín Fernández Sáez de la Torre,Genoa,233,1488,60.80402010050251,86.4321608040201,30.65326633165829,87.43718592964824,15.07537688442211,13.5678391959799,63.5678391959799,20.100502512562816,35.678391959798994,87.68844221105527,99.49748743718592,29.64824120603015,82.66331658291458
1095,Left Midfield,7026,Giacomo Bonaventura,AC Milan,243,2906,72.8643216080402,78.89447236180904,55.778894472361806,83.66834170854271,95.47738693467338,28.643216080402013,86.93467336683418,86.68341708542714,89.9497487437186,55.27638190954774,19.34673366834171,34.67336683417086,83.41708542713567
1098,Right Wing,7029,José María Callejón Bueno,Napoli,227,3253,1.507537688442211,10.552763819095476,9.045226130653267,39.949748743718594,22.8643216080402,49.74874371859296,62.562814070351756,60.80402010050251,1.507537688442211,56.78391959798995,26.13065326633166,6.030150753768844,45.47738693467337
1105,Left Wing,7037,Lorenzo Insigne,Napoli,227,3170,41.959798994974875,45.22613065326633,41.70854271356784,76.13065326633166,6.78391959798995,11.557788944723619,8.040201005025125,91.20603015075378,58.040201005025125,85.678391959799,78.89447236180904,48.743718592964825,78.89447236180904
1123,Right Wing,7109,Matteo Politano,Sassuolo,232,1024,50.0,4.0201005025125625,32.914572864321606,62.562814070351756,82.41206030150754,70.85427135678391,50.0,66.08040201005025,83.66834170854271,92.96482412060301,97.48743718592965,46.733668341708544,66.08040201005025
1131,Right Wing,7131,Domenico Berardi,Sassuolo,232,2437,34.92462311557789,40.7035175879397,46.733668341708544,45.22613065326633,26.38190954773869,59.2964824120603,95.47738693467338,84.17085427135679,27.63819095477387,72.61306532663316,11.809045226130653,11.557788944723619,50.753768844221106
1156,Left Wing,7456,Diego Perotti,AS Roma,229,2622,70.35175879396985,94.47236180904522,93.96984924623115,87.43718592964824,40.45226130653266,85.42713567839196,69.09547738693468,92.46231155778895,93.46733668341709,37.437185929648244,46.733668341708544,65.82914572864321,89.69849246231156
1166,Left Wing,7468,Iago Falqué Silva,AS Roma,229,1219,7.035175879396985,80.65326633165829,68.84422110552764,51.507537688442206,12.060301507537687,62.8140703517588,5.025125628140704,54.52261306532663,21.35678391959799,41.45728643216081,68.5929648241206,16.582914572864322,52.26130653266332
1178,Right Wing,7702,Alessio Cerci,Genoa,233,1307,59.54773869346733,12.060301507537687,85.17587939698493,60.050251256281406,39.19597989949749,53.266331658291456,83.66834170854271,50.502512562814076,87.93969849246231,77.38693467336684,26.13065326633166,78.39195979899498,61.55778894472361
1184,Left Wing,7775,Emanuele Giaccherini,Bologna,240,2529,30.65326633165829,24.623115577889447,74.87437185929649,69.34673366834171,24.371859296482413,21.105527638190953,51.507537688442206,5.025125628140704,55.0251256281407,68.34170854271356,90.95477386934674,44.72361809045226,64.07035175879398
1185,Right Wing,7776,Antonio Candreva,Lazio,236,2634,25.628140703517587,17.587939698492463,81.15577889447236,43.21608040201005,45.22613065326633,3.5175879396984926,56.03015075376885,39.949748743718594,72.8643216080402,85.678391959799,23.115577889447238,72.36180904522614,41.70854271356784
1208,Right Wing,8172,Felipe Anderson Pereira Gomes,Lazio,236,1970,90.95477386934674,23.618090452261306,68.84422110552764,36.68341708542713,97.98994974874373,93.96984924623115,81.65829145728644,71.60804020100502,95.47738693467338,82.1608040201005,84.42211055276381,87.93969849246231,41.70854271356784
1211,Right Wing,8184,Marco D''Alessandro,Atalanta,228,1026,84.92462311557789,52.51256281407035,100.0,49.497487437185924,70.85427135678391,71.35678391959799,89.44723618090453,66.08040201005025,90.95477386934674,75.37688442211056,81.90954773869346,84.42211055276381,52.26130653266332
1232,Left Wing,8552,Robin Quaison,Palermo,2256,1310,67.58793969849246,91.95979899497488,71.60804020100502,64.321608040201,33.66834170854271,100.0,46.231155778894475,50.502512562814076,53.517587939698494,13.5678391959799,37.185929648241206,43.21608040201005,66.08040201005025
1242,Left Wing,8793,Oliver Kragl,Frosinone,291,1114,5.778894472361809,7.035175879396985,48.49246231155779,23.366834170854272,20.85427135678392,74.87437185929649,56.78391959798995,5.025125628140704,5.276381909547738,20.603015075376884,42.211055276381906,60.30150753768844,16.08040201005025
1256,Right Wing,9898,Aleksandar Tonev,Frosinone,291,1032,23.618090452261306,84.67336683417085,82.41206030150754,22.613065326633166,52.26130653266332,56.78391959798995,3.2663316582914574,31.155778894472363,38.69346733668342,3.2663316582914574,9.547738693467336,53.266331658291456,20.100502512562816
1269,Right Midfield,11339,Paweł Wszołek,Hellas Verona,226,2154,59.54773869346733,97.48743718592965,88.94472361809045,48.743718592964825,64.321608040201,36.18090452261307,25.376884422110553,79.14572864321609,55.778894472361806,3.2663316582914574,19.34673366834171,94.47236180904522,54.020100502512555
1273,Left Midfield,11494,Luca Siligardi,Hellas Verona,226,1597,38.19095477386934,29.145728643216078,77.1356783919598,68.34170854271356,61.55778894472361,81.90954773869346,7.035175879396985,5.025125628140704,50.25125628140703,33.165829145728644,37.185929648241206,79.89949748743719,63.06532663316583
1276,Left Midfield,11502,Antonio Di Gaudio,Carpi,1683,1504,66.33165829145729,56.03015075376885,21.608040201005025,5.025125628140704,38.69346733668342,64.82412060301507,94.22110552763819,66.08040201005025,63.5678391959799,52.26130653266332,37.185929648241206,96.4824120603015,9.547738693467336
1281,Left Midfield,11608,Danilo Soddimo,Frosinone,291,1872,77.88944723618091,21.608040201005025,57.286432160804026,80.40201005025126,100.0,76.38190954773869,75.62814070351759,35.92964824120603,48.24120603015075,7.788944723618091,30.90452261306533,26.633165829145728,77.38693467336684
1285,Right Wing,11729,Luca Rizzo,Bologna,240,1593,20.85427135678392,15.577889447236181,36.18090452261307,8.542713567839195,58.040201005025125,86.18090452261306,30.15075376884422,42.71356783919598,49.74874371859296,3.2663316582914574,11.809045226130653,82.91457286432161,11.557788944723619
1289,Right Wing,12759,Maximiliano Nicol Moralez,Atalanta,228,1502,12.060301507537687,30.15075376884422,89.44723618090453,92.96482412060301,25.125628140703515,92.96482412060301,80.15075376884423,85.42713567839196,41.70854271356784,10.050251256281408,0.5025125628140703,5.025125628140704,91.95979899497488
1297,Left Wing,15818,Gervais Lombe Yao Kouassi,AS Roma,229,1215,71.60804020100502,77.88944723618091,14.07035175879397,23.366834170854272,12.814070351758794,6.532663316582915,1.507537688442211,26.13065326633166,60.80402010050251,93.71859296482413,88.69346733668341,55.778894472361806,21.35678391959799
1330,Right Midfield,23470,Luca Paganini,Frosinone,291,1960,15.07537688442211,58.291457286432156,28.894472361809044,17.08542713567839,56.28140703517588,98.99497487437185,88.69346733668341,35.92964824120603,8.542713567839195,24.371859296482413,46.733668341708544,30.65326633165829,15.577889447236181
1345,Right Wing,26442,Boško Janković,Hellas Verona,226,1033,4.0201005025125625,61.55778894472361,43.21608040201005,1.0050251256281406,1.0050251256281406,14.572864321608039,0.7537688442211055,5.025125628140704,2.0100502512562812,20.603015075376884,30.90452261306533,33.165829145728644,1.0050251256281406
1350,Left Wing,27110,Antonio Floro Flores,Chievo,231,1488,62.311557788944725,71.10552763819096,1.0050251256281406,29.64824120603015,8.291457286432161,19.09547738693467,89.9497487437186,46.231155778894475,17.08542713567839,68.34170854271356,51.75879396984925,18.84422110552764,26.884422110552762
1351,Right Wing,27595,Carlos Mario Carbonero Mancilla,Sampdoria,234,1026,42.96482412060301,66.33165829145729,32.914572864321606,29.64824120603015,89.44723618090453,97.48743718592965,69.09547738693468,66.08040201005025,34.42211055276382,3.2663316582914574,14.824120603015075,14.572864321608039,33.41708542713568
1392,Right Wing,34565,Anthony Mounier,Bologna,240,2253,32.663316582914575,16.582914572864322,21.608040201005025,41.45728643216081,9.798994974874372,80.40201005025126,45.47738693467337,26.13065326633166,24.623115577889447,45.7286432160804,63.5678391959799,40.7035175879397,39.19597989949749
1450,Left Wing,386651,Juan Ignacio Gómez Taleb,Hellas Verona,226,1777,17.587939698492463,93.21608040201005,10.050251256281408,41.45728643216081,28.14070351758794,61.80904522613066,87.93969849246231,5.025125628140704,2.763819095477387,10.050251256281408,9.547738693467336,5.527638190954774,29.145728643216078
1458,Right Midfield,387472,Lorenzo Pasciuti,Carpi,1683,1787,8.040201005025125,83.16582914572864,77.88944723618091,51.507537688442206,86.68341708542714,51.507537688442206,7.537688442211055,57.78894472361809,11.055276381909549,28.894472361809044,78.89447236180904,76.88442211055276,53.266331658291456
1470,Right Wing,3053,Leroy Sané,Schalke 04,181,2118,95.22613065326632,45.7286432160804,40.45226130653266,24.623115577889447,91.4572864321608,91.4572864321608,57.286432160804026,88.44221105527639,75.37688442211056,84.67336683417085,72.36180904522614,56.28140703517588,33.41708542713568
1477,Right Wing,3275,Henrikh Mkhitaryan,Borussia Dortmund,180,2585,85.42713567839196,60.80402010050251,73.86934673366834,91.70854271356784,79.14572864321609,79.39698492462311,77.38693467336684,97.98994974874373,64.82412060301507,90.20100502512562,57.03517587939698,30.15075376884422,95.97989949748744
1478,Left Wing,3499,Jean-Eric Maxim Choupo-Moting,Schalke 04,181,1940,96.73366834170855,90.45226130653266,83.91959798994975,63.31658291457286,66.08040201005025,34.67336683417086,70.35175879396985,35.92964824120603,67.33668341708542,77.38693467336684,84.42211055276381,50.753768844221106,64.07035175879398
1499,Left Wing,5481,Mathew Leckie,Ingolstadt,189,2598,75.12562814070351,47.98994974874372,16.331658291457288,31.4070351758794,90.45226130653266,73.36683417085426,64.82412060301507,5.025125628140704,39.19597989949749,28.894472361809044,19.34673366834171,45.7286432160804,23.869346733668344
1507,Left Midfield,5555,Julian Brandt,Bayer Leverkusen,904,1680,43.969849246231156,38.94472361809046,52.51256281407035,72.36180904522614,52.26130653266332,66.33165829145729,27.889447236180903,60.80402010050251,59.2964824120603,96.73366834170855,98.99497487437185,49.246231155778894,70.85427135678391
1509,Left Wing,5559,Marco Reus,Borussia Dortmund,180,2205,32.1608040201005,28.14070351758794,50.502512562814076,78.64321608040201,3.5175879396984926,30.65326633165829,36.4321608040201,46.231155778894475,16.08040201005025,96.73366834170855,76.13065326633166,15.07537688442211,76.38190954773869
1516,Left Midfield,5591,Filip Kostić,VfB Stuttgart,174,2764,47.98994974874372,68.5929648241206,96.4824120603015,95.47738693467338,70.35175879396985,57.78894472361809,41.45728643216081,60.80402010050251,85.92964824120602,48.743718592964825,46.733668341708544,99.49748743718592,93.21608040201005
1520,Right Midfield,5632,Thorgan Hazard,Borussia Mönchengladbach,185,1748,65.07537688442211,93.21608040201005,15.07537688442211,73.86934673366834,20.85427135678392,96.98492462311557,37.93969849246231,57.78894472361809,50.753768844221106,59.54773869346733,3.5175879396984926,71.35678391959799,74.37185929648241
1528,Right Wing,5697,Genki Haraguchi,Hertha Berlin,173,2584,62.8140703517588,80.65326633165829,68.84422110552764,18.592964824120603,28.643216080402013,75.87939698492463,36.4321608040201,39.949748743718594,46.733668341708544,13.5678391959799,30.90452261306533,74.37185929648241,18.84422110552764
1530,Left Midfield,5837,Douglas Costa de Souza,Bayern Munich,169,2101,84.17085427135679,41.70854271356784,97.48743718592965,70.85427135678391,41.70854271356784,16.08040201005025,17.08542713567839,95.7286432160804,96.4824120603015,52.26130653266332,63.5678391959799,71.85929648241206,78.39195979899498
1543,Left Wing,6925,Jairo Samperio Bustara,FSV Mainz 05,177,2408,48.99497487437186,11.055276381909549,7.035175879396985,21.105527638190953,68.34170854271356,68.84422110552764,65.32663316582915,54.52261306532663,40.45226130653266,75.37688442211056,86.4321608040201,80.40201005025126,23.869346733668344
1545,Left Midfield,7039,Hakan Çalhanoğlu,Bayer Leverkusen,904,2503,22.110552763819097,71.10552763819096,86.18090452261306,97.98994974874373,60.55276381909548,51.507537688442206,23.618090452261306,66.08040201005025,28.643216080402013,28.894472361809044,9.547738693467336,7.537688442211055,97.98994974874373
1555,Right Midfield,8213,Karim Bellarabi,Bayer Leverkusen,904,2883,79.64824120603015,48.743718592964825,23.869346733668344,29.64824120603015,73.36683417085426,74.37185929648241,67.33668341708542,93.71859296482413,69.34673366834171,55.27638190954774,51.75879396984925,91.95979899497488,47.48743718592965
1556,Left Wing,8215,Kevin Volland,Hoffenheim,175,2885,45.22613065326633,51.256281407035175,66.58291457286433,38.94472361809046,37.93969849246231,83.41708542713567,85.92964824120602,82.1608040201005,42.96482412060301,68.34170854271356,30.90452261306533,83.91959798994975,47.48743718592965
1558,Right Midfield,8218,Arjen Robben,Bayern Munich,169,1284,35.92964824120603,63.31658291457286,59.04522613065326,77.88944723618091,2.0100502512562812,1.507537688442211,15.577889447236181,26.13065326633166,81.90954773869346,78.89447236180904,1.7587939698492463,76.38190954773869,74.37185929648241
1559,Left Midfield,8219,Admir Mehmedi,Bayer Leverkusen,904,1300,76.38190954773869,98.99497487437185,76.38190954773869,84.42211055276381,72.36180904522614,83.91959798994975,40.45226130653266,93.71859296482413,47.23618090452261,37.437185929648244,42.211055276381906,39.698492462311556,86.68341708542714
1580,Right Wing,8302,Nicolai Müller,Hamburger SV,171,2507,24.623115577889447,38.94472361809046,26.884422110552762,12.814070351758794,30.402010050251256,89.9497487437186,31.155778894472363,66.08040201005025,15.07537688442211,83.66834170854271,90.95477386934674,83.41708542713567,17.33668341708543
1581,Left Wing,8303,Caiuby Francisco da Silva,Augsburg,172,2316,55.27638190954774,80.65326633165829,19.597989949748744,55.0251256281407,56.78391959798995,67.33668341708542,39.19597989949749,57.78894472361809,14.572864321608039,45.7286432160804,42.211055276381906,12.814070351758794,55.27638190954774
1586,Left Midfield,8311,Jonathan Schmid,Hoffenheim,175,1486,2.512562814070352,1.0050251256281406,15.07537688442211,65.57788944723619,18.84422110552764,42.211055276381906,39.19597989949749,5.025125628140704,8.040201005025125,68.34170854271356,81.90954773869346,58.040201005025125,57.03517587939698
1598,Right Wing,8387,Mark Uth,Hoffenheim,175,1484,16.582914572864322,13.06532663316583,5.025125628140704,20.603015075376884,3.015075376884422,95.47738693467338,32.914572864321606,20.100502512562816,4.522613065326634,96.73366834170855,94.72361809045226,4.522613065326634,18.84422110552764
1600,Right Midfield,8389,Fin Bartels,Werder Bremen,176,2048,52.76381909547738,38.94472361809046,26.884422110552762,26.38190954773869,75.87939698492463,64.321608040201,44.221105527638194,12.060301507537687,43.969849246231156,86.4321608040201,63.5678391959799,41.20603015075377,21.35678391959799
1620,Right Midfield,8521,Daniel Caligiuri,Wolfsburg,179,1847,85.92964824120602,25.125628140703515,68.84422110552764,53.015075376884425,89.9497487437186,82.41206030150754,85.92964824120602,86.68341708542714,89.44723618090453,24.371859296482413,26.13065326633166,67.8391959798995,61.55778894472361
1623,Right Midfield,8541,Kenan Karaman,Hannover 96,178,1755,37.185929648241206,53.517587939698494,28.894472361809044,12.814070351758794,84.67336683417085,56.28140703517588,61.80904522613066,39.949748743718594,34.42211055276382,45.7286432160804,14.824120603015075,68.84422110552764,13.316582914572864
1632,Right Midfield,8554,Levin Mete Öztunali,Werder Bremen,176,1569,70.85427135678391,36.18090452261307,73.86934673366834,21.85929648241206,59.54773869346733,48.743718592964825,26.13065326633166,66.08040201005025,56.28140703517588,10.050251256281408,30.90452261306533,97.98994974874373,25.125628140703515
1633,Right Wing,8555,Pablo Ezequiel De Blasis,FSV Mainz 05,177,1660,41.20603015075377,47.23618090452261,45.47738693467337,26.38190954773869,23.618090452261306,91.95979899497488,52.76381909547738,82.1608040201005,19.597989949748744,62.8140703517588,51.75879396984925,69.84924623115577,30.90452261306533
1643,Right Wing,8574,Alexander Esswein,Augsburg,172,2036,34.92462311557789,46.231155778894475,72.8643216080402,55.0251256281407,11.306532663316583,59.798994974874375,45.47738693467337,12.060301507537687,22.110552763819097,37.437185929648244,63.5678391959799,39.19597989949749,48.743718592964825
1644,Left Wing,8575,Salomon Armand Magloire Kalou,Hertha Berlin,173,2774,37.68844221105528,54.773869346733676,7.035175879396985,6.281407035175879,6.78391959798995,17.08542713567839,31.155778894472363,20.100502512562816,33.165829145728644,94.72361809045226,94.72361809045226,63.31658291457286,5.025125628140704
1671,Right Midfield,8822,Simon Zoller,FC Köln,186,1301,2.0100502512562812,6.030150753768844,19.597989949748744,4.0201005025125625,4.522613065326634,49.246231155778894,8.542713567839195,20.100502512562816,2.763819095477387,91.20603015075378,95.7286432160804,40.20100502512563,3.5175879396984926
1675,Left Midfield,8826,Leonardo Bittencourt,FC Köln,186,2505,20.85427135678392,38.94472361809046,32.914572864321606,31.4070351758794,5.025125628140704,97.98994974874373,84.42211055276381,54.52261306532663,35.175879396984925,28.894472361809044,19.34673366834171,56.78391959798995,33.41708542713568
1695,Right Wing,9098,Christian Clemens,FSV Mainz 05,177,1848,12.562814070351758,25.879396984924625,52.51256281407035,59.04522613065326,29.145728643216078,90.95477386934674,12.562814070351758,35.92964824120603,10.552763819095476,68.34170854271356,72.36180904522614,70.35175879396985,58.040201005025125
1715,Right Midfield,9401,Marcel Heller,Darmstadt 98,872,3061,13.06532663316583,50.753768844221106,75.62814070351759,6.281407035175879,59.54773869346733,67.8391959798995,32.1608040201005,54.52261306532663,19.09547738693467,52.26130653266332,72.36180904522614,98.99497487437185,11.557788944723619
1725,Left Wing,9721,Valentin Stocker,Hertha Berlin,173,929,11.055276381909549,13.06532663316583,25.376884422110553,15.829145728643216,18.090452261306535,99.49748743718592,6.532663316582915,5.025125628140704,6.030150753768844,24.371859296482413,30.90452261306533,94.47236180904522,9.547738693467336
1729,Left Wing,10281,André Schürrle,Wolfsburg,179,1946,46.733668341708544,20.85427135678392,36.93467336683417,19.849246231155778,32.1608040201005,40.7035175879397,34.92462311557789,50.502512562814076,48.743718592964825,91.20603015075378,86.4321608040201,44.221105527638194,22.613065326633166
1741,Left Midfield,11134,Konstantin Rausch,Darmstadt 98,872,2503,1.0050251256281406,0.5025125628140703,60.55276381909548,41.45728643216081,24.371859296482413,25.125628140703515,15.07537688442211,66.08040201005025,1.0050251256281406,17.33668341708543,51.75879396984925,24.623115577889447,46.482412060301506
1744,Left Midfield,11283,Fabian Johnson,Borussia Mönchengladbach,185,2305,7.035175879396985,20.85427135678392,12.562814070351758,32.663316582914575,16.582914572864322,12.814070351758794,13.819095477386934,42.71356783919598,16.582914572864322,65.07537688442211,84.42211055276381,51.256281407035175,30.90452261306533
1745,Right Midfield,11285,Ibrahima Traoré,Borussia Mönchengladbach,185,1566,94.47236180904522,89.9497487437186,80.15075376884423,86.4321608040201,54.2713567839196,77.38693467336684,78.64321608040201,15.07537688442211,64.321608040201,52.26130653266332,42.211055276381906,19.597989949748744,81.15577889447236
1803,Right Midfield,21156,Stefan Aigner,Eintracht Frankfurt,184,2501,5.778894472361809,4.773869346733668,50.502512562814076,6.281407035175879,8.291457286432161,54.773869346733676,62.562814070351756,54.52261306532663,7.035175879396985,28.894472361809044,14.824120603015075,53.768844221105525,11.557788944723619
1824,Left Wing,24740,Ivo Iličević,Hamburger SV,171,2235,57.286432160804026,89.44723618090453,17.587939698492463,35.175879396984925,60.55276381909548,78.39195979899498,59.04522613065326,31.155778894472363,39.698492462311556,48.743718592964825,37.185929648241206,18.090452261306535,29.64824120603015
1858,Right Wing,40464,Moritz Hartmann,Ingolstadt,189,2217,3.5175879396984926,20.100502512562816,9.045226130653267,15.829145728643216,7.537688442211055,50.753768844221106,44.221105527638194,12.060301507537687,0.5025125628140703,96.73366834170855,63.5678391959799,3.5175879396984926,12.562814070351758
1878,Right Wing,400613,Leon Andreasen,Hannover 96,178,1207,0.5025125628140703,38.94472361809046,7.035175879396985,24.623115577889447,14.07035175879397,45.22613065326633,10.301507537688442,26.13065326633166,4.0201005025125625,41.45728643216081,37.185929648241206,48.24120603015075,21.35678391959799
1887,Left Wing,5687,Takashi Inui,Eibar,322,1677,43.969849246231156,85.42713567839196,71.60804020100502,38.19095477386934,9.045226130653267,57.286432160804026,21.85929648241206,60.80402010050251,33.66834170854271,48.743718592964825,51.75879396984925,66.33165829145729,41.70854271356784
1893,Right Midfield,26211,Joan Verdú Fernández,Levante UD,221,934,31.65829145728643,96.98492462311557,50.502512562814076,75.37688442211056,81.4070351758794,24.120603015075375,29.64824120603015,35.92964824120603,30.15075376884422,24.371859296482413,57.03517587939698,21.608040201005025,72.11055276381909
1895,Right Wing,3083,Heung-Min Son,Tottenham Hotspur,38,1226,56.53266331658291,35.427135678391956,1.507537688442211,50.753768844221106,35.678391959798994,84.92462311557789,16.582914572864322,26.13065326633166,29.64824120603015,80.40201005025126,51.75879396984925,20.603015075376884,48.743718592964825
1901,Left Wing,5474,Ivan Perišić,Inter Milan,238,2435,26.13065326633166,49.74874371859296,57.286432160804026,15.829145728643216,18.84422110552764,54.020100502512555,2.512562814070352,84.17085427135679,65.32663316582915,72.61306532663316,26.13065326633166,86.4321608040201,23.115577889447238
