main_position,player_id,player_name,team,team_id,minutes_played,tackle_success_rate,tackles_successful_per90,interceptions_per90,interception_success_rate,clearances_per90,blocks_per90,duels_won_per90,times_dribbled_past_per90,progressive_passes_per90,duel_success_rate,goals_scored_per90,chances_created_per90
Right Center Back,3253,Adil Rami,Sevilla,213,2604,46.04424446944132,7.216494845360826,29.43722943722944,100.0,26.801801801801805,26.666666666666668,7.865168539325844,9.66183574879227,30.77322262584327,49.214752073407446,0.0,18.88888888888889
Right Center Back,3324,Eric Bertrand Bailly,Villarreal,222,2328,36.76415448068991,41.23711340206185,36.36363636363637,54.77549760839376,40.0900900900901,36.29629629629629,44.943820224719104,5.314009661835748,23.19667877529839,40.47997176636668,0.0,12.222222222222221
Right Center Back,3638,Shkodran Mustafi,Valencia,207,2791,50.431196100487426,75.25773195876288,63.20346320346321,64.6042277426323,48.64864864864866,64.07407407407408,76.96629213483148,47.82608695652174,48.988064348728585,47.32662784542085,23.076923076923077,10.0
Left Center Back,4353,Aymeric Laporte,Athletic Club,215,2322,42.96962879640045,41.23711340206185,35.064935064935064,45.25536182687856,29.3918918918919,45.18518518518518,44.943820224719104,33.33333333333333,53.08770108977685,46.3208046585495,42.30769230769231,25.555555555555554
Left Center Back,4406,Aymen Abdennour,Valencia,207,2054,60.686164229471316,39.175257731958766,57.14285714285714,69.23314303348248,29.84234234234235,51.85185185185185,33.146067415730336,35.7487922705314,20.39439543331603,42.862184577377796,0.0,14.444444444444446
Right Center Back,4498,Jean-Sylvain Claude Babin,Granada,1049,2336,39.78252718410199,11.34020618556701,19.480519480519483,31.121740472149362,49.88738738738739,31.851851851851848,12.359550561797754,10.628019323671499,17.644006227296313,43.320981118757715,42.30769230769231,7.777777777777778
Left Center Back,5201,Sergio Ramos García,Real Madrid,220,2128,62.50468691413573,39.69072164948454,65.80086580086581,77.14858818083628,28.71621621621622,54.074074074074076,43.258426966292134,38.64734299516908,43.07213284898806,64.70795835539086,30.76923076923077,32.22222222222222
Left Center Back,5202,José Ignacio Fernández Iglesias,Real Madrid,220,1114,35.71428571428572,32.98969072164948,69.69696969696969,98.90449004783211,29.84234234234235,70.37037037037037,31.460674157303377,32.850241545893724,12.662169174883239,31.09228868890065,0.0,17.77777777777778
Right Center Back,5213,Gerard Piqué Bernabéu,Barcelona,217,2770,22.328458942632174,19.072164948453608,18.614718614718615,51.42724888134546,41.44144144144145,39.62962962962963,20.786516853932586,32.367149758454104,51.21951219512195,26.89253573319217,23.076923076923077,17.77777777777778
Left Center Back,5249,Diego Roberto Godín Leal,Atlético Madrid,212,2885,33.93325834270716,45.36082474226804,59.74025974025974,70.97670112636939,38.85135135135136,30.37037037037037,46.06741573033708,30.917874396135268,21.43227815256876,32.76866066701959,11.538461538461538,10.0
Right Center Back,5259,José María Giménez de Vargas,Atlético Madrid,212,2506,43.757030371203605,50.51546391752577,25.974025974025977,42.46258293473228,42.22972972972974,41.85185185185185,52.80898876404494,34.29951690821256,31.188375713544364,44.115052055761424,11.538461538461538,27.77777777777778
Right Center Back,5485,Raphaël Varane,Real Madrid,220,2139,22.722159730033752,20.103092783505154,47.18614718614718,66.19348865915752,44.5945945945946,61.48148148148148,21.910112359550563,18.357487922705314,23.508043591074202,27.263102170460566,0.0,4.444444444444445
Left Center Back,5506,Javier Alejandro Mascherano,Barcelona,217,2864,55.36182977127859,58.762886597938135,20.77922077922078,47.369233143033476,21.959459459459463,60.74074074074074,62.35955056179776,44.927536231884055,66.11312921639853,55.46144344450327,0.0,34.44444444444444
Left Center Back,5598,Óscar Esau Duarte Gaitán,Espanyol,214,1215,31.252343457067866,18.041237113402058,44.58874458874459,54.08116031476623,52.815315315315324,46.29629629629629,19.662921348314605,33.81642512077295,33.62740010378827,35.29204164460914,26.923076923076927,15.555555555555555
Right Center Back,6376,Stefan Savić,Atlético Madrid,212,937,91.90101237345331,56.70103092783505,41.991341991342,59.14210769942909,40.65315315315316,16.29629629629629,51.12359550561797,25.603864734299513,29.216398546964196,71.62519851773426,0.0,0.0
Right Center Back,6561,Luis Hernández Rodríguez,Sporting Gijón,1041,3351,42.14473190851144,20.618556701030926,100.0,79.10816232062953,45.83333333333334,24.44444444444444,22.471910112359552,12.077294685990339,39.49143746756615,45.54437974236809,0.0,41.11111111111111
Left Center Back,6573,Bernardo José Espinosa Zúñiga,Sporting Gijón,1041,1494,87.49531308586427,37.113402061855666,53.67965367965368,59.14210769942909,56.981981981982,69.62962962962962,40.44943820224719,27.053140096618357,27.867151011935654,88.23010411152285,23.076923076923077,26.666666666666668
Left Center Back,6592,Rúben Miguel Nunes Vezo,Valencia,207,927,22.722159730033752,62.37113402061855,84.4155844155844,61.85773800339452,45.608108108108105,95.55555555555554,51.685393258426956,86.95652173913044,53.96990140114166,11.222869242985706,0.0,32.22222222222222
Left Center Back,6614,Alexis Ruano Delgado,Getafe,216,1394,42.96962879640045,17.525773195876283,58.008658008657996,49.7145502237309,36.03603603603604,33.33333333333333,11.797752808988765,41.54589371980676,20.757654385054487,24.263278630668783,23.076923076923077,42.22222222222222
Left Center Back,6647,Zouhair Feddal,Levante UD,221,2606,46.04424446944132,26.28865979381443,60.606060606060595,52.337602221879344,61.82432432432433,39.25925925925926,25.28089887640449,24.637681159420293,51.68655941878567,39.932945120875246,11.538461538461538,22.222222222222225
Left Center Back,6665,Íñigo Martínez Berridi,Real Sociedad,210,2787,56.8241469816273,45.87628865979381,50.649350649350644,52.430180527696336,31.644144144144153,36.666666666666664,44.38202247191011,35.26570048309179,54.28126621691748,49.72648667725428,11.538461538461538,6.666666666666667
Left Center Back,6702,David Rodríguez Lombán,Granada,1049,2707,35.32058492688414,7.731958762886598,43.722943722943725,62.07375405030088,39.07657657657658,58.14814814814814,6.741573033707865,31.40096618357488,22.573949143746752,31.462855126169043,0.0,6.666666666666667
Right Center Back,6713,Diego Javier Llorente Ríos,Rayo Vallecano,360,3066,24.25946756655419,34.02061855670103,55.84415584415584,69.6960345625675,29.054054054054056,48.888888888888886,35.95505617977528,33.33333333333333,30.254281266216914,26.080818775366154,19.230769230769234,25.555555555555554
Right Center Back,6727,Raúl Albentosa Redal,Málaga,223,2514,50.0,31.443298969072163,50.649350649350644,62.81438049683691,41.216216216216225,34.81481481481481,32.58426966292134,37.68115942028986,54.95588998443175,48.526557261337565,26.923076923076927,31.11111111111111
Left Center Back,6752,Víctor Ruíz Torre,Villarreal,222,2986,48.83764529433821,17.010309278350512,71.86147186147186,80.82086097824408,39.752252252252255,46.29629629629629,16.853932584269664,16.908212560386477,41.9823559937727,46.3208046585495,0.0,0.0
Right Center Back,6762,Álvaro González Soberón,Espanyol,214,3351,70.8286464191976,31.443298969072163,29.870129870129876,58.71007560561641,46.396396396396405,38.148148148148145,31.460674157303377,26.570048309178745,50.75246497145821,64.70795835539086,0.0,32.22222222222222
Left Center Back,6777,Sidnei Rechel da Silva Júnior,RC Deportivo La Coruña,219,3067,72.90963629546306,46.39175257731958,70.12987012987011,79.55562413207838,42.56756756756758,22.96296296296296,48.87640449438202,21.73913043478261,33.16035288012454,71.23698605964356,0.0,15.555555555555555
Left Center Back,6778,Iván Ramis Barrios,Eibar,322,1949,62.50468691413573,11.34020618556701,46.32034632034631,75.79077302885358,43.693693693693696,21.48148148148148,12.359550561797754,15.458937198067634,28.90503373118837,64.70795835539086,0.0,20.0
Right Center Back,6788,Xabier Etxeita Gorritxategi,Athletic Club,215,2601,37.49531308586426,30.412371134020617,27.705627705627705,28.282672427094578,32.770270270270274,54.8148148148148,29.213483146067414,31.40096618357488,34.40581214322781,33.33333333333333,0.0,18.88888888888889
Right Center Back,6794,Gustavo Daniel Cabral Cáceres,Celta Vigo,209,2892,54.96812898387701,70.61855670103093,46.32034632034631,46.551458108316616,37.274774774774784,41.481481481481474,68.53932584269663,53.623188405797094,28.074727555786193,46.991353449797074,0.0,10.0
Left Center Back,6804,Sergi Gómez Solà,Celta Vigo,209,2699,53.74953130858643,40.72164948453608,67.0995670995671,65.37571362444066,38.513513513513516,48.51851851851852,40.44943820224719,31.88405797101449,28.59366891541255,49.4088583024528,0.0,14.444444444444446
Left Center Back,6825,Daniel Filipe Martins Carriço,Sevilla,213,1027,52.08098987626547,37.113402061855666,38.095238095238095,51.42724888134546,53.490990990990994,55.18518518518517,40.44943820224719,27.536231884057973,25.63570316554229,54.89677077818952,30.76923076923077,8.88888888888889
Right Center Back,6827,Daniele Bonera,Villarreal,222,926,15.635545556805406,12.371134020618555,29.870129870129876,56.565344854189156,21.62162162162162,45.18518518518518,13.48314606741573,12.077294685990339,37.363777893098074,20.592906299629433,0.0,10.0
Right Center Back,6837,Mauro Javier Dos Santos,Eibar,322,2793,60.08623922009748,43.81443298969072,42.42424242424242,63.60129609628144,43.58108108108109,29.629629629629626,47.75280898876405,40.09661835748793,38.4016606123508,62.431621669313564,0.0,10.0
Left Center Back,6861,Juan Torres Ruiz,Getafe,216,1956,63.76077990251219,65.4639175257732,67.96536796536796,81.09859589569511,40.878378378378386,43.7037037037037,66.29213483146067,24.637681159420293,38.03840166061235,58.70831127580731,15.384615384615385,20.0
Right Center Back,6869,Alejandro Arribas Garrido,RC Deportivo La Coruña,219,2885,66.81664791901012,51.546391752577314,59.74025974025974,69.6960345625675,47.297297297297305,39.62962962962963,52.80898876404494,49.275362318840585,30.61754021795537,62.67866596082583,23.076923076923077,13.333333333333334
Left Center Back,6872,Bruno González Cabrera,Real Betis,218,2988,50.0,47.9381443298969,49.78354978354978,56.44190711309982,60.36036036036037,38.51851851851852,48.87640449438202,28.502415458937197,17.43642968344577,47.50308805364391,0.0,0.0
Right Center Back,7034,Mateo Pablo Musacchio,Villarreal,222,1119,59.786276715410565,49.48453608247422,31.168831168831172,70.71439592655454,32.432432432432435,42.96296296296296,40.44943820224719,17.39130434782609,25.42812662169175,39.12122816304923,30.76923076923077,17.77777777777778
Right Center Back,7161,Germán Alejandro Pezzella,Real Betis,218,2142,61.15485564304463,54.63917525773196,58.008658008657996,61.71887054466904,55.4054054054054,67.77777777777779,52.24719101123595,48.79227053140097,28.645563051375188,52.17928357155461,46.15384615384615,4.444444444444445
Left Center Back,7907,Pedro Bigas Rigo,Las Palmas,208,2418,51.46231721034871,46.90721649484536,73.59307359307358,75.7290541583089,53.153153153153156,50.74074074074073,48.87640449438202,19.323671497584545,19.97924234561494,50.85583200988177,42.30769230769231,20.0
Right Center Back,8440,Aythami Artiles Oliva,Las Palmas,208,2795,62.50468691413573,40.72164948453608,29.870129870129876,49.8534176824564,57.31981981981983,42.59259259259259,44.38202247191011,28.985507246376812,41.51530877010897,64.70795835539086,0.0,17.77777777777778
Left Center Back,8818,Jorge Meré Pérez,Sporting Gijón,1041,2230,39.48256467941508,52.061855670103085,39.82683982683983,56.34932880728282,39.86486486486487,32.962962962962955,52.24719101123595,34.78260869565217,17.43642968344577,36.844891476971945,0.0,4.444444444444445
Left Center Back,10476,Timothée Kolodziejczak,Sevilla,213,2420,28.96512935883015,25.773195876288657,44.58874458874459,74.91127912359204,21.62162162162162,19.25925925925926,28.08988764044944,21.256038647342997,40.58121432278152,33.13922710428798,0.0,15.555555555555555
Left Center Back,10609,Jérémy Mathieu,Barcelona,217,1106,47.787776527934014,29.381443298969074,45.454545454545446,87.96482024378955,41.216216216216225,61.85185185185185,32.02247191011236,25.120772946859905,32.74519979242345,50.85583200988177,0.0,35.55555555555556
Left Center Back,16456,Enzo Pablo Roco Roco,Espanyol,214,2418,31.252343457067866,18.041237113402058,52.81385281385281,80.17281283752507,46.05855855855856,46.666666666666664,17.415730337078656,33.81642512077295,29.42397509081473,29.78648314805012,26.923076923076927,7.777777777777778
Right Center Back,16539,Diego Antonio Reyes Rosales,Real Sociedad,210,2419,61.361079865016876,58.24742268041238,77.05627705627705,81.42261996605461,32.54504504504504,46.666666666666664,63.48314606741574,26.570048309178745,24.961079398028023,63.631551085230285,26.923076923076927,20.0
Right Center Back,16622,Mikel González de Martín Martínez,Real Sociedad,210,1575,37.945256842894636,31.443298969072163,38.52813852813853,56.24132078382965,51.35135135135136,50.37037037037037,34.26966292134831,36.71497584541063,23.559937727036846,41.59167107817187,0.0,5.555555555555556
Right Center Back,17054,Emiliano Daniel Velázquez Maldonado,Getafe,216,1023,47.41282339707536,64.43298969072164,64.93506493506493,61.07082240395,35.923423423423436,32.59259259259258,60.1123595505618,40.09661835748793,40.42553191489361,38.32715722604552,100.0,38.888888888888886
Left Center Back,19454,Ricardo Miguel Moreira da Costa,Granada,1049,1308,46.04424446944132,26.28865979381443,17.316017316017316,64.28020367227279,39.414414414414416,41.85185185185185,28.651685393258425,14.49275362318841,18.94135962636222,49.214752073407446,23.076923076923077,6.666666666666667
Right Center Back,20016,Kléper Laveran Lima Ferreira,Real Madrid,220,1942,73.26584176977877,37.62886597938144,48.48484848484848,69.7886128683845,26.12612612612613,55.92592592592591,33.146067415730336,38.164251207729464,31.240269849506998,56.590788777130754,15.384615384615385,35.55555555555556
Right Center Back,26012,David Navarro Pedrós,Levante UD,221,1859,43.47581552305962,19.587628865979383,34.1991341991342,47.369233143033476,43.24324324324324,25.555555555555554,19.101123595505616,21.256038647342997,24.85729112610275,39.12122816304923,0.0,0.0
Right Center Back,26087,Carlos Gurpegi Nausia,Athletic Club,215,1114,41.676040494938135,28.865979381443303,62.77056277056276,78.98472457954018,49.88738738738739,31.48148148148148,31.460674157303377,60.38647342995169,31.96678775298391,45.10322922181049,0.0,17.77777777777778
Right Center Back,26222,José Eduardo Rosa Vale de Castro,Rayo Vallecano,360,2048,31.252343457067866,32.47422680412371,40.25974025974026,62.99953710847092,33.8963963963964,32.59259259259258,33.146067415730336,18.84057971014493,66.78775298391281,30.880536439032998,30.76923076923077,23.333333333333332
Left Center Back,26669,Weligton Róbson Pena de Oliveira,Málaga,223,2792,66.17922759655042,45.36082474226804,39.39393939393939,49.020212930103376,42.117117117117125,45.18518518518518,46.06741573033708,42.99516908212561,49.61079398028022,61.231692253396865,0.0,21.11111111111111
Right Center Back,27144,Antonio Amaya Carazo,Rayo Vallecano,360,929,8.942632170978634,27.31958762886598,59.3073593073593,54.08116031476623,49.88738738738739,73.7037037037037,29.775280898876407,40.09661835748793,41.20394395433315,14.293276866066703,34.61538461538461,0.0
Right Center Back,27184,Marcos Alberto Angeleri,Málaga,223,1209,12.504686914135736,25.773195876288657,38.095238095238095,61.48742478012652,38.85135135135136,21.85185185185185,19.662921348314605,12.077294685990339,19.97924234561494,3.5292041644609142,0.0,15.555555555555555
Left Center Back,27239,Aleksandar Pantić,Eibar,322,1673,24.034495688038994,20.618556701030926,49.78354978354978,53.13994753896003,52.25225225225225,30.37037037037037,19.662921348314605,36.71497584541063,30.046704722366375,21.722251632256928,0.0,5.555555555555556
Left Center Back,27349,Heiko Westermann,Real Betis,218,1866,52.549681289838766,54.63917525773196,42.42424242424242,61.31769788612868,64.75225225225226,39.62962962962963,53.93258426966292,44.44444444444444,18.889465490399584,47.32662784542085,15.384615384615385,10.0
Right Center Back,27403,Santiago Vergini,Getafe,216,2230,55.92425946756655,37.113402061855666,76.62337662337663,71.50131152599907,30.2927927927928,25.555555555555554,35.95505617977528,40.57971014492754,20.80954852101712,49.214752073407446,0.0,4.444444444444445
Left Center Back,27482,Aderllan Leandro de Jesus Santos,Valencia,207,1581,1.256092988376456,37.113402061855666,58.008658008657996,66.1163400709767,42.117117117117125,52.222222222222214,34.26966292134831,30.917874396135268,16.294758692267774,0.0,0.0,5.555555555555556
Right Center Back,27656,Carl Medjani,Levante UD,221,1307,81.72103487064118,22.68041237113402,14.285714285714285,32.140101836136395,43.35585585585587,28.888888888888886,24.719101123595507,17.8743961352657,31.811105345096003,82.79512969825305,23.076923076923077,22.222222222222225
Left Center Back,3041,Ciaran Clark,Aston Villa,59,1513,10.873640794900645,14.948453608247423,42.85714285714286,61.07082240395,66.77927927927928,62.22222222222222,16.292134831460675,20.77294685990338,25.998962117280744,16.110817010764077,19.230769230769234,18.88888888888889
Right Center Back,3044,Chancel Mbemba Mangulu,Newcastle United,37,3108,43.98200224971878,56.18556701030928,38.961038961038966,57.55284678290386,77.36486486486488,51.481481481481474,57.865168539325836,39.61352657004831,33.31603528801244,42.91512263984472,0.0,12.222222222222221
Left Center Back,3077,Jan Vertonghen,Tottenham Hotspur,38,2718,78.1214848143982,48.96907216494844,13.41991341991342,40.41043048912204,44.48198198198199,45.55555555555555,49.438202247191015,18.84057971014493,30.77322262584327,72.04870301746955,0.0,17.77777777777778
Left Center Back,3081,Jamaal Lascelles,Newcastle United,37,942,0.0,7.216494845360826,70.56277056277057,63.863601296096284,95.27027027027029,68.88888888888887,7.865168539325844,20.77294685990338,23.456149455111568,5.876124933827419,73.07692307692307,21.11111111111111
Right Center Back,3090,Nicolás Hernán Otamendi,Manchester City,36,2807,49.15635545556805,74.7422680412371,69.69696969696969,72.81283752507328,65.65315315315317,40.0,79.7752808988764,53.623188405797094,41.10015568240788,50.167637197811885,11.538461538461538,13.333333333333334
Right Center Back,3101,Vincent Kompany,Manchester City,36,1217,62.50468691413573,40.72164948453608,41.125541125541126,77.14858818083628,59.34684684684686,30.0,44.38202247191011,51.20772946859904,43.487285936689155,64.70795835539086,53.846153846153854,24.444444444444443
Right Center Back,3244,John Stones,Everton,29,2916,78.1214848143982,39.69072164948454,24.242424242424242,64.28020367227279,25.450450450450457,65.18518518518516,41.57303370786517,20.289855072463773,28.022833419823556,75.40144697370744,0.0,13.333333333333334
Right Center Back,3263,Craig Cathcart,Watford,23,3201,23.753280839895012,20.618556701030926,12.12121212121212,61.48742478012652,53.153153153153156,31.48148148148148,20.786516853932586,16.908212560386477,32.12247016087181,24.7044291512264,7.6923076923076925,8.88888888888889
Left Center Back,3288,Miguel Ángel Britos Cabrera,Watford,23,2263,25.00937382827147,15.979381443298971,20.346320346320347,54.28174664403641,64.07657657657658,32.222222222222214,15.168539325842698,14.975845410628018,35.85884795018163,23.522145756131987,0.0,0.0
Right Center Back,3290,Federico Fernández,Swansea City,26,3009,69.85376827896513,61.340206185567006,38.961038961038966,78.1823792624595,59.234234234234236,51.481481481481474,63.48314606741574,45.410628019323674,48.93617021276595,66.43726839597672,7.6923076923076925,28.888888888888893
Left Center Back,3300,Maya Yoshida,Southampton,25,939,42.96962879640045,31.958762886597935,54.54545454545454,87.96482024378955,51.35135135135136,80.0,34.831460674157306,30.434782608695656,50.96004151530876,46.3208046585495,34.61538461538461,21.11111111111111
Right Center Back,3309,Sebastian Prödl,Watford,23,1783,62.50468691413573,39.175257731958766,20.346320346320347,48.07900015429717,45.27027027027028,40.370370370370374,42.69662921348314,22.222222222222225,18.474312402698494,64.70795835539086,38.46153846153847,11.111111111111112
Left Center Back,3311,Daley Blind,Manchester United,39,3284,30.221222347206606,51.03092783505154,48.48484848484848,75.60561641721957,30.743243243243253,54.8148148148148,51.12359550561797,42.99516908212561,72.28853139595225,28.498323628021875,7.6923076923076925,84.44444444444444
Left Center Back,3341,Steve Cook,AFC Bournemouth,28,3388,31.252343457067866,14.948453608247423,36.36363636363637,64.28020367227279,60.135135135135144,41.481481481481474,12.921348314606739,24.637681159420293,37.83082511676181,26.469031233456853,38.46153846153847,11.111111111111112
Left Center Back,3389,Eliaquim Mangala,Manchester City,36,2152,59.11136107986501,39.175257731958766,32.467532467532465,67.79817929331892,45.157657657657666,25.555555555555554,40.44943820224719,38.164251207729464,7.161390762843797,56.74960296453149,0.0,0.0
Left Center Back,3394,Laurent Koscielny,Arsenal,1,3094,47.16910386201725,34.02061855670103,46.75324675324675,75.43588952322172,55.855855855855864,57.03703703703703,37.07865168539326,17.39130434782609,31.914893617021274,50.27351332274572,42.30769230769231,28.888888888888893
Right Center Back,3407,Scott Dann,Crystal Palace,31,3293,48.83764529433821,13.917525773195877,18.614718614718615,51.42724888134546,48.9864864864865,56.29629629629629,15.168539325842698,14.975845410628018,29.060716139076277,51.84400917593083,50.0,23.333333333333332
Right Center Back,3456,Kurt Happy Zouma,Chelsea,33,1986,37.945256842894636,22.16494845360825,12.12121212121212,25.705909581854648,70.60810810810813,39.25925925925926,24.157303370786522,4.3478260869565215,7.005708354955892,41.59167107817187,15.384615384615385,0.0
Left Center Back,3471,Dejan Lovren,Liverpool,24,2080,41.113610798650164,34.02061855670103,18.614718614718615,45.48680759142107,66.77927927927928,49.629629629629626,32.58426966292134,39.61352657004831,37.363777893098074,35.29204164460914,0.0,37.77777777777778
Right Center Back,3475,Per Mertesacker,Arsenal,1,2249,68.74765654293213,16.494845360824744,15.584415584415584,80.35796944915907,45.720720720720735,17.777777777777775,17.97752808988764,7.729468599033817,23.144784639335754,70.58408328921828,0.0,4.444444444444445
Right Center Back,3480,Geoff Cameron,Stoke City,30,2536,61.24859392575927,47.9381443298969,50.21645021645021,76.17651596975776,34.7972972972973,42.222222222222214,43.82022471910113,68.11594202898551,45.61494551115723,49.4088583024528,0.0,34.44444444444444
Right Center Back,3482,James Collins,West Ham United,40,1508,31.252343457067866,14.948453608247423,27.27272727272727,51.42724888134546,100.0,71.1111111111111,16.292134831460675,29.468599033816428,26.20653866113129,35.29204164460914,0.0,5.555555555555556
Left Center Back,3483,Mamadou Sakho,Liverpool,24,1973,31.252343457067866,27.31958762886598,41.55844155844156,85.18747106927943,61.48648648648649,56.66666666666666,29.775280898876407,8.695652173913043,42.241826673585884,35.29204164460914,15.384615384615385,20.0
Right Center Back,3596,Gareth McAuley,West Bromwich Albion,27,3200,33.014623172103484,26.28865979381443,24.242424242424242,65.2677056009875,67.34234234234235,54.44444444444444,25.842696629213478,19.806763285024157,27.192527244421377,30.29821775189695,7.6923076923076925,17.77777777777778
Left Center Back,3644,Ashley Williams,Swansea City,26,3387,56.33670791151106,48.96907216494844,42.42424242424242,63.72473383737077,81.30630630630631,67.03703703703704,47.19101123595506,12.077294685990339,40.321743642968336,48.96770778189518,19.230769230769234,32.22222222222222
Right Center Back,3645,Gary Cahill,Chelsea,33,1983,64.49193850768654,36.597938144329895,16.017316017316016,65.03625983644498,61.036036036036045,76.29629629629629,39.8876404494382,13.043478260869568,0.0,66.57843656255514,34.61538461538461,10.0
Left Center Back,3669,Virgil van Dijk,Southampton,25,3203,53.97450318710161,46.90721649484536,45.02164502164502,63.72473383737077,76.8018018018018,33.703703703703695,51.12359550561797,4.830917874396136,32.12247016087181,56.67901888124227,30.76923076923077,24.444444444444443
Left Center Back,3693,Damien Delaney,Crystal Palace,31,3006,28.96512935883015,18.041237113402058,18.18181818181818,43.31121740472149,58.220720720720735,59.25925925925925,17.97752808988764,25.120772946859905,35.339906590555266,28.833598023645674,19.230769230769234,25.555555555555554
Right Center Back,3813,Wes Morgan,Leicester City,22,3581,54.23697037870265,29.89690721649484,24.675324675324678,61.48742478012652,53.490990990990994,61.48148148148148,31.460674157303377,6.280193236714976,5.137519460300986,53.60861125816129,19.230769230769234,7.777777777777778
Left Center Back,3843,Angelo Obinze Ogbonna,West Ham United,40,2552,58.58642669666292,43.81443298969072,43.722943722943725,78.25952785064032,52.70270270270271,38.148148148148145,43.82022471910113,9.66183574879227,19.04514789828749,53.6791953414505,0.0,7.777777777777778
Right Center Back,3960,José Miguel da Rocha Fonte,Southampton,25,3481,58.81139857517811,31.443298969072163,27.705627705627705,48.7733374479247,51.12612612612614,44.81481481481481,29.775280898876407,22.70531400966184,34.76907109496627,50.85583200988177,19.230769230769234,13.333333333333334
Right Center Back,4035,Ryan Shawcross,Stoke City,30,1879,39.78252718410199,46.39175257731958,31.601731601731604,75.1581546057707,55.63063063063064,37.407407407407405,48.314606741573044,32.367149758454104,23.09289050337312,39.29768837127228,0.0,4.444444444444445
Right Center Back,4280,Winston Reid,West Ham United,40,2265,79.07761529808775,63.4020618556701,37.66233766233766,64.6042277426323,63.62612612612614,55.55555555555555,66.85393258426966,28.502415458937197,20.550077841203944,76.70725251455796,11.538461538461538,21.11111111111111
Left Center Back,4629,José Ramiro Funes Mori,Everton,29,2260,31.252343457067866,30.412371134020617,46.32034632034631,58.71007560561641,74.54954954954955,42.59259259259259,30.898876404494384,30.434782608695656,42.5531914893617,31.09228868890065,57.692307692307686,21.11111111111111
Left Center Back,4746,Younes Kaboul,Sunderland,41,2075,46.51293588301462,43.29896907216495,41.55844155844156,69.23314303348248,77.70270270270271,72.22222222222221,44.943820224719104,23.188405797101453,33.00467047223663,45.54437974236809,0.0,28.888888888888893
Right Center Back,6300,Sebastián Coates Nión,Sunderland,41,1316,36.76415448068991,82.4742268041237,32.03463203463203,48.341305354112016,45.27027027027028,48.888888888888886,85.95505617977528,54.106280193236714,26.829268292682922,37.02135168519498,0.0,14.444444444444446
Left Center Back,6560,Marc Muniesa Martínez,Stoke City,30,1124,53.88076490438696,61.85567010309278,58.87445887445887,81.09859589569511,25.000000000000007,81.4814814814815,62.92134831460675,71.4975845410628,38.14218993253762,50.50291159343567,0.0,35.55555555555556
Right Center Back,6746,Gabriel Armando de Abreu,Arsenal,1,1687,37.49531308586426,53.608247422680414,49.35064935064935,53.13994753896003,66.10360360360362,47.77777777777777,52.24719101123595,23.67149758454107,17.17695900363259,33.33333333333333,19.230769230769234,5.555555555555556
Right Center Back,9626,Tommy Elphick,AFC Bournemouth,28,1038,44.638170228721414,23.19587628865979,26.406926406926406,51.42724888134546,36.14864864864865,0.0,25.28089887640449,23.188405797101453,31.395952257394917,47.8913005117346,30.76923076923077,8.88888888888889
Right Center Back,9930,Ryan Bennett,Norwich City,56,1881,19.02887139107611,11.855670103092782,12.987012987012985,30.381114025613325,67.34234234234235,37.407407407407405,10.674157303370785,20.77294685990338,29.99481058640373,16.110817010764077,0.0,21.11111111111111
Right Center Back,10958,Chris Smalling,Manchester United,39,3280,57.2928383952006,52.57731958762886,27.27272727272727,57.86144113562721,59.234234234234236,39.62962962962963,52.24719101123595,18.84057971014493,17.02127659574468,52.443973883889186,0.0,17.77777777777778
Left Center Back,11012,Jonathan Grant Evans,West Bromwich Albion,27,2824,23.34083239595051,49.99999999999999,44.58874458874459,76.17651596975776,39.97747747747748,61.85185185185185,48.87640449438202,43.96135265700483,38.71302542812662,21.475207340744664,11.538461538461538,21.11111111111111
Right Center Back,13286,Lamine Koné,Sunderland,41,1416,42.500937382827146,32.98969072164948,70.56277056277057,73.4763153834285,66.66666666666667,60.74074074074074,29.213483146067414,16.425120772946862,26.3622210690192,31.762837480148225,46.15384615384615,21.11111111111111
Left Center Back,16890,John O''Shea,Sunderland,41,2161,48.83764529433821,28.350515463917525,34.1991341991342,78.78413825027002,66.44144144144146,28.518518518518515,28.08988764044944,24.154589371980677,16.34665282823041,46.3208046585495,0.0,4.444444444444445
Right Center Back,18872,Martin Škrtel,Liverpool,24,1977,16.141732283464567,18.041237113402058,25.974025974025977,70.71439592655454,83.33333333333334,44.44444444444444,19.662921348314605,13.043478260869568,29.83912817851582,21.069348861831653,15.384615384615385,24.444444444444443
Right Center Back,19288,Martín Gastón Demichelis,Manchester City,36,938,35.32058492688414,46.90721649484536,54.54545454545454,57.36769017126986,65.42792792792794,48.148148148148145,51.12359550561797,100.0,42.605085625324335,39.12122816304923,0.0,42.22222222222222
Right Center Back,20005,Toby Alderweireld,Tottenham Hotspur,38,3564,54.68691413573303,20.103092783505154,22.51082251082251,54.77549760839376,57.770270270270274,48.888888888888886,21.910112359550563,26.08695652173913,65.02335236118317,57.349567672489854,38.46153846153847,24.444444444444443
Left Center Back,20046,Phil Jagielka,Everton,29,1977,23.65954255718036,27.31958762886598,25.974025974025977,54.08116031476623,73.64864864864866,56.29629629629629,29.775280898876407,30.917874396135268,41.20394395433315,28.145403211575793,0.0,14.444444444444446
Left Center Back,20285,Joleon Lescott,Aston Villa,59,3011,61.07986501687288,31.958762886597935,28.57142857142857,81.42261996605461,62.5,42.59259259259259,34.831460674157306,25.120772946859905,21.120913336792942,63.366860772895706,19.230769230769234,12.222222222222221
Left Center Back,20287,John Terry,Chelsea,33,2266,51.33108361454818,22.16494845360825,29.004329004329005,82.85758370621818,38.06306306306307,36.29629629629629,24.157303370786522,11.111111111111112,2.594706798131811,54.19092994529734,11.538461538461538,12.222222222222221
Left Center Back,20527,Jonas Olsson,West Bromwich Albion,27,2358,52.08098987626547,8.762886597938142,16.017316017316016,77.14858818083628,55.2927927927928,62.59259259259259,9.550561797752808,17.8743961352657,21.069019200830304,54.89677077818952,11.538461538461538,16.666666666666664
Right Center Back,21212,Russell Martin,Norwich City,56,2822,12.504686914135736,13.917525773195877,16.88311688311688,40.41043048912204,54.391891891891895,52.59259259259259,15.168539325842698,27.053140096618357,54.64452516865593,17.64602082230457,34.61538461538461,31.11111111111111
Right Center Back,24380,Tetchi Jores Charlemagne Ulrich Okore,Aston Villa,59,1127,38.84514435695537,69.58762886597938,30.73593073593074,65.03625983644498,58.10810810810811,54.44444444444444,75.84269662921349,32.367149758454104,10.586403736377788,42.43868007764249,0.0,7.777777777777778
Left Center Back,26207,Fabricio Coloccini,Newcastle United,37,2449,70.8286464191976,47.9381443298969,26.406926406926406,71.99506249035642,35.6981981981982,66.2962962962963,48.314606741573044,51.20772946859904,12.402698495070059,64.70795835539086,11.538461538461538,12.222222222222221
Left Center Back,31296,Sébastien Aymar Bassong Nguena,Norwich City,56,2824,58.0427446569179,17.010309278350512,15.584415584415584,64.28020367227279,68.01801801801803,27.777777777777775,16.853932584269664,13.043478260869568,18.21484172288531,54.19092994529734,11.538461538461538,6.666666666666667
Left Center Back,40121,Philipp Wollscheid,Stoke City,30,2816,47.65654293213348,64.94845360824742,53.246753246753244,70.12806665638018,55.63063063063064,43.33333333333333,70.78651685393258,38.164251207729464,27.14063310845874,50.73230986412563,0.0,13.333333333333334
Left Center Back,40123,Robert Huth,Leicester City,22,3301,59.11136107986501,21.1340206185567,17.748917748917748,34.65514581083166,80.18018018018019,45.18518518518518,21.34831460674157,12.077294685990339,3.0617540217955357,56.74960296453149,30.76923076923077,2.2222222222222223
Right Center Back,42700,Micah Richards,Aston Villa,59,2173,72.66591676040495,53.608247422680414,30.303030303030305,78.98472457954018,45.495495495495504,49.629629629629626,56.17977528089888,21.73913043478261,16.554229372080954,70.17822481030527,15.384615384615385,31.11111111111111
Center Back,3034,Kamil Glik,Torino,241,3102,63.85451818522685,33.50515463917525,20.346320346320347,58.04659774726122,49.43693693693694,47.03703703703703,36.51685393258427,24.637681159420293,16.087182148417227,65.97847185459679,0.0,8.88888888888889
Right Center Back,3103,Milan Biševac,Lazio,236,1032,12.504686914135736,14.432989690721651,22.943722943722943,31.121740472149362,41.32882882882883,38.51851851851852,15.730337078651688,10.628019323671499,24.909185262065385,17.64602082230457,30.76923076923077,18.88888888888889
Left Center Back,3167,Antonio Rüdiger,AS Roma,229,2713,35.32058492688414,28.350515463917525,12.12121212121212,55.099521678753284,28.490990990991,57.77777777777777,29.213483146067414,25.120772946859905,35.18422418266735,35.29204164460914,23.076923076923077,21.11111111111111
Right Center Back,3577,Molla Wagué,Udinese,230,1866,48.06899137607799,44.3298969072165,35.930735930735935,60.49992285141181,36.5990990990991,55.55555555555555,48.314606741573044,0.0,11.883757135443693,51.12052232221633,0.0,21.11111111111111
Left Center Back,3588,Wesley Hoedt,Lazio,236,2251,38.84514435695537,28.350515463917525,27.27272727272727,70.05091806819935,33.44594594594595,41.11111111111111,28.651685393258425,34.29951690821256,37.83082511676181,37.67425445562026,0.0,0.0
Right Center Back,5551,João Miranda de Souza Filho,Inter Milan,238,2908,34.85189351331084,30.412371134020617,31.168831168831172,63.4315692022836,44.70720720720721,55.18518518518517,29.775280898876407,27.536231884057973,33.78308251167617,31.904005646726656,11.538461538461538,16.666666666666664
Center Back,5584,Giancarlo González Castro,Palermo,2256,3265,31.252343457067866,10.309278350515463,22.51082251082251,51.42724888134546,57.99549549549551,52.962962962962955,9.550561797752808,16.425120772946862,19.615983393876483,29.78648314805012,19.230769230769234,8.88888888888889
Left Center Back,5675,Kalidou Koulibaly,Napoli,227,2980,75.25309336332958,99.48453608247422,30.303030303030305,61.48742478012652,39.52702702702703,52.222222222222214,100.0,31.40096618357488,51.68655941878567,67.70778189518263,0.0,30.0
Right Center Back,6360,Cristian Eduardo Zapata Valencia,AC Milan,243,1312,62.50468691413573,37.113402061855666,29.004329004329005,95.49452245023916,43.130630630630634,82.22222222222221,40.44943820224719,7.729468599033817,26.621691748832383,64.70795835539086,23.076923076923077,22.222222222222225
Left Center Back,6585,Jeison Fabián Murillo Cerón,Inter Milan,238,3002,43.925759280089984,52.061855670103085,35.064935064935064,90.00154297176361,28.941441441441444,50.37037037037037,51.685393258426956,36.71497584541063,27.5038920601972,40.05646726663138,19.230769230769234,12.222222222222221
Right Center Back,6894,Ezequiel Muñoz,Genoa,233,1586,38.47019122609674,48.96907216494844,30.73593073593074,72.47338373707761,38.06306306306307,85.55555555555556,49.99999999999999,39.130434782608695,10.275038920601972,37.550732309864124,0.0,5.555555555555556
Left Center Back,6938,Felipe Dias da Silva dal Belo,Udinese,230,2427,42.800899887514056,65.97938144329896,36.36363636363637,68.36907884585712,36.5990990990991,71.1111111111111,69.66292134831461,26.570048309178745,31.75921120913337,43.74448561849303,11.538461538461538,15.555555555555555
Right Center Back,6943,Andrea Barzagli,Juventus,224,2892,43.925759280089984,21.1340206185567,17.748917748917748,65.71516741243634,19.14414414414415,34.81481481481481,23.03370786516854,13.043478260869568,51.32330046704722,47.22075172048702,11.538461538461538,37.77777777777778
Left Center Back,6953,Daniele Rugani,Juventus,224,1024,40.944881889763785,59.79381443298968,11.688311688311687,25.705909581854648,31.869369369369373,35.925925925925924,60.1123595505618,31.88405797101449,47.17176959003632,38.32715722604552,0.0,8.88888888888889
Left Center Back,6954,Giorgio Chiellini,Juventus,224,1956,40.17622797150356,41.75257731958763,12.12121212121212,12.852954790927324,30.518018018018022,26.666666666666668,38.20224719101124,9.178743961352657,60.71613907628437,31.09228868890065,15.384615384615385,51.11111111111111
Right Center Back,7002,Rafael Tolói,Atalanta,228,1966,82.22722159730033,91.23711340206184,35.930735930735935,80.69742323715475,46.2837837837838,44.81481481481481,94.3820224719101,77.29468599033817,23.975090814737936,77.07781895182637,15.384615384615385,10.0
Right Center Back,7019,Matías Agustín Silvestre,Sampdoria,234,1956,27.18410198725159,13.402061855670103,16.450216450216452,70.71439592655454,46.05855855855856,64.07407407407408,12.359550561797754,22.222222222222225,20.39439543331603,23.786836068466556,0.0,4.444444444444445
Right Center Back,7030,Raúl Albiol i Tortajada,Napoli,227,3355,10.217472815898017,13.402061855670103,17.316017316017316,53.63369850331738,40.31531531531532,42.222222222222214,13.48314606741573,32.850241545893724,54.177477944992205,11.85812599258867,7.6923076923076925,14.444444444444446
Right Center Back,7048,Konstantinos Manolas,AS Roma,229,3366,36.182977127859026,28.865979381443303,17.316017316017316,51.42724888134546,31.644144144144153,42.96296296296296,28.08988764044944,26.08695652173913,24.23456149455111,33.73919181224633,19.230769230769234,11.111111111111112
Right Center Back,7052,Alessandro Gamberini,Chievo,231,2056,43.47581552305962,16.494845360824744,17.316017316017316,55.099521678753284,49.43693693693694,81.1111111111111,15.730337078651688,1.9323671497584543,6.694343539180071,39.12122816304923,0.0,14.444444444444446
Right Center Back,7056,Nenad Tomović,Fiorentina,239,1776,41.676040494938135,39.69072164948454,16.017316017316016,47.369233143033476,27.25225225225226,61.11111111111111,37.64044943820225,24.637681159420293,52.049818370524115,35.29204164460914,0.0,50.0
Left Center Back,7119,Francesco Acerbi,Sassuolo,232,3367,45.669291338582674,28.865979381443303,48.48484848484848,86.26755130381113,46.05855855855856,45.92592592592592,28.08988764044944,18.357487922705314,34.45770627919045,42.085759661196406,38.46153846153847,8.88888888888889
Left Center Back,7137,Ervin Zukanović,AS Roma,229,1871,41.676040494938135,0.0,25.541125541125542,68.19935195185927,58.10810810810811,65.92592592592591,0.0,14.009661835748796,37.2599896211728,45.10322922181049,53.846153846153854,31.11111111111111
Right Center Back,7160,Lorenzo Tonelli,Empoli,290,2438,50.78740157480315,42.78350515463917,37.66233766233766,82.70328652985648,50.900900900900915,54.44444444444444,39.8876404494382,10.144927536231885,32.07057602490918,42.650432327510146,26.923076923076927,20.0
Right Center Back,7172,Simone Romagnoli,Carpi,1683,2817,36.76415448068991,31.958762886597935,12.987012987012985,71.73275729054157,59.57207207207208,67.03703703703704,34.831460674157306,14.975845410628018,14.84172288531396,40.47997176636668,0.0,6.666666666666667
Center Back,7173,Leonardo Bonucci,Juventus,224,3260,49.10011248593926,23.19587628865979,34.63203463203463,81.60777657768863,36.37387387387388,37.77777777777778,21.910112359550563,17.8743961352657,64.71198754540735,43.69154755602611,30.76923076923077,42.22222222222222
Right Center Back,7176,Sebastian De Maio,Genoa,233,2334,51.46231721034871,48.96907216494844,36.36363636363637,90.00154297176361,49.09909909909911,57.77777777777777,53.37078651685393,40.57971014492754,28.489880643487282,54.31445209105347,11.538461538461538,7.777777777777778
Left Center Back,7458,Alessio Romagnoli,AC Milan,243,3096,45.83802024746907,26.28865979381443,29.004329004329005,77.14858818083628,39.414414414414416,49.629629629629626,28.651685393258425,14.49275362318841,24.494032174364296,49.0206458443621,0.0,18.88888888888889
Center Back,7467,Nicolás Andrés Burdisso,Genoa,233,2619,50.0,19.072164948453608,22.943722943722943,47.369233143033476,54.842342342342356,40.370370370370374,20.786516853932586,11.111111111111112,22.98910223144784,52.938062466913706,0.0,6.666666666666667
Left Center Back,7476,Emiliano Moretti,Torino,241,3290,29.658792650918635,28.350515463917525,11.688311688311687,57.86144113562721,16.10360360360361,36.29629629629629,29.213483146067414,13.52657004830918,51.11572392319667,30.809952355743782,7.6923076923076925,42.22222222222222
Right Center Back,7771,Dario Dainelli,Chievo,231,1404,31.252343457067866,20.618556701030926,29.43722943722944,40.41043048912204,38.513513513513516,30.37037037037037,22.471910112359552,31.88405797101449,30.098598858329005,35.29204164460914,23.076923076923077,21.11111111111111
Center Back,7799,Danilo Larangeira,Udinese,230,3177,60.686164229471316,21.1340206185567,17.316017316017316,41.536799876562256,45.94594594594595,67.77777777777779,21.34831460674157,15.458937198067634,37.83082511676181,57.98482442209282,0.0,5.555555555555556
Center Back,7962,Andrea Ranocchia,Sampdoria,234,1317,31.252343457067866,29.89690721649484,16.88311688311688,31.121740472149362,44.48198198198199,69.25925925925925,32.58426966292134,14.49275362318841,38.14218993253762,35.29204164460914,0.0,14.444444444444446
Left Center Back,7966,Filip Helander,Hellas Verona,226,1968,39.29508811398575,31.958762886597935,2.1645021645021645,9.890449004783207,38.96396396396396,70.37037037037037,34.831460674157306,8.695652173913043,12.973533990659053,42.862184577377796,34.61538461538461,0.0
Right Center Back,8102,Edoardo Goldaniga,Palermo,2256,1301,67.92275965504312,44.3298969072165,44.15584415584416,46.890911896312296,53.716216216216225,52.222222222222214,48.314606741573044,14.49275362318841,24.909185262065385,69.80765837303689,50.0,14.444444444444446
Left Center Back,8275,Davide Astori,Fiorentina,239,2994,45.14435695538057,35.56701030927835,34.1991341991342,63.77102299027927,31.08108108108108,45.18518518518518,33.70786516853933,41.54589371980676,55.734302023871294,38.55655549673549,0.0,16.666666666666664
Right Center Back,8278,Nicolás Federico Spolli,Chievo,231,1119,36.182977127859026,28.865979381443303,20.77922077922078,46.28915290850178,59.57207207207208,28.148148148148145,26.96629213483146,21.256038647342997,0.0,30.651138168343035,0.0,17.77777777777778
Right Center Back,8291,Arlind Afrim Ajeti,Frosinone,291,1398,46.04424446944132,23.711340206185564,35.4978354978355,82.28668415367999,64.1891891891892,78.14814814814814,25.842696629213478,25.603864734299513,12.921639854696418,49.214752073407446,23.076923076923077,21.11111111111111
Right Center Back,8421,Matteo Bianchetti,Hellas Verona,226,1590,33.08961379827521,63.4020618556701,28.13852813852814,57.86144113562721,55.743243243243256,74.81481481481481,69.10112359550563,74.3961352657005,42.18993253762325,37.02135168519498,19.230769230769234,24.444444444444443
Left Center Back,8664,Andrea Costa,Empoli,290,2163,62.50468691413573,8.762886597938142,30.73593073593074,63.122974849560244,43.46846846846848,65.18518518518516,9.550561797752808,12.077294685990339,27.555786196159833,64.70795835539086,15.384615384615385,4.444444444444445
Left Center Back,8847,Santiago Juan Gentiletti Selak,Lazio,236,1779,53.18710161229847,62.88659793814433,44.58874458874459,80.35796944915907,20.270270270270274,64.81481481481481,62.92134831460675,42.02898550724638,48.46912298910222,48.43832715722605,0.0,0.0
Right Center Back,8848,Paolo Cannavaro,Sassuolo,232,2805,50.0,22.16494845360825,17.316017316017316,38.57429409041814,36.82432432432433,52.962962962962955,22.471910112359552,22.70531400966184,22.67773741567203,47.8913005117346,0.0,17.77777777777778
Left Center Back,8849,Domenico Maietta,Bologna,240,1689,78.1214848143982,77.83505154639174,35.4978354978355,79.20074062644653,44.36936936936938,45.55555555555555,75.84269662921349,49.275362318840585,35.962636222106894,67.37250749955886,0.0,5.555555555555556
Right Center Back,8852,Thomas Heurtaux,Udinese,230,940,10.873640794900645,31.958762886597935,25.541125541125542,34.28483258756365,54.50450450450452,87.03703703703704,29.213483146067414,25.603864734299513,37.46756616502335,8.434797953061587,0.0,10.0
Right Center Back,8873,Marios Oikonomou,Bologna,240,1592,40.17622797150356,54.63917525773196,28.13852813852814,61.48742478012652,48.64864864864866,100.0,52.80898876404494,22.222222222222225,39.750908147379334,35.29204164460914,0.0,12.222222222222221
Left Center Back,8877,Boštjan Cesar,Chievo,231,2804,62.50468691413573,27.31958762886598,18.614718614718615,42.84832587563647,53.490990990990994,54.44444444444444,27.52808988764045,22.70531400966184,23.663725998962114,59.80236456679019,11.538461538461538,6.666666666666667
Left Center Back,9884,Niklas Moisander,Sampdoria,234,1780,60.34870641169853,37.113402061855666,11.688311688311687,31.121740472149362,48.76126126126127,59.25925925925925,40.44943820224719,7.729468599033817,26.41411520498183,62.67866596082583,0.0,27.77777777777778
Right Center Back,9939,Maurício dos Santos Nascimento,Lazio,236,1788,56.48668916385452,73.19587628865979,29.004329004329005,48.943064341922536,56.981981981982,55.18518518518517,79.7752808988764,53.623188405797094,30.877010897768553,59.04358567143109,0.0,5.555555555555556
Right Center Back,9940,Armando Izzo,Genoa,233,2802,64.1732283464567,70.10309278350515,64.5021645021645,76.45425088720876,37.612612612612615,68.5185185185185,76.40449438202248,27.536231884057973,31.395952257394917,66.27845420857597,0.0,35.55555555555556
Left Center Back,11499,Riccardo Gagliolo,Carpi,1683,2718,43.8132733408324,81.44329896907216,53.67965367965368,62.44406727356889,45.94594594594595,72.59259259259258,80.89887640449437,82.6086956521739,57.44680851063829,39.844715016763715,11.538461538461538,36.66666666666667
Right Center Back,16202,Nikola Maksimović,Torino,241,1500,55.69928758905137,77.31958762886597,29.870129870129876,54.51319240857892,25.67567567567568,31.851851851851848,77.52808988764045,41.54589371980676,56.35703165542293,50.644079760014115,0.0,100.0
Center Back,25931,Gonzalo Javier Rodríguez,Fiorentina,239,3269,47.787776527934014,29.89690721649484,23.80952380952381,62.99953710847092,35.923423423423436,44.81481481481481,29.775280898876407,37.68115942028986,42.7088738972496,43.938591847538376,42.30769230769231,21.11111111111111
Right Center Back,30745,Daniele Gastaldello,Bologna,240,2441,71.42857142857144,44.3298969072165,23.376623376623378,67.9524764696806,48.76126126126127,40.74074074074075,48.314606741573044,17.39130434782609,21.899325376232486,73.10746426680784,11.538461538461538,15.555555555555555
Right Center Back,31488,Vangelis Moras,Hellas Verona,226,2814,59.20509936257967,48.45360824742267,16.88311688311688,56.93565807745718,46.73423423423424,42.222222222222214,48.87640449438202,17.8743961352657,32.33004670472236,55.408505382036346,11.538461538461538,21.11111111111111
Left Center Back,38237,Gabriel Alejandro Paletta,Atalanta,228,2252,62.50468691413573,57.21649484536082,15.151515151515149,59.14210769942909,35.6981981981982,45.55555555555555,55.61797752808989,28.502415458937197,23.92319667877529,54.31445209105347,11.538461538461538,12.222222222222221
Left Center Back,40350,Siniša Anđelković,Palermo,2256,1959,64.1732283464567,46.39175257731958,14.285714285714285,61.07082240395,35.58558558558559,74.07407407407408,48.314606741573044,6.763285024154589,7.680332122470161,61.51402858655373,0.0,14.444444444444446
Right Center Back,40426,Guglielmo Stendardo,Atalanta,228,1128,40.944881889763785,53.09278350515464,9.956709956709956,30.381114025613325,34.68468468468469,39.62962962962963,57.865168539325836,32.367149758454104,11.831862999481057,44.415034409740606,26.923076923076927,7.777777777777778
Right Center Back,40427,Cesare Bovo,Torino,241,1877,39.78252718410199,31.958762886597935,29.43722943722944,59.404412899243944,26.013513513513516,37.407407407407405,32.02247191011236,14.009661835748796,81.88894654903994,37.97423680959944,34.61538461538461,74.44444444444444
Right Center Back,40945,Alex Rodrigo Dias da Costa,AC Milan,243,2250,53.18710161229847,46.90721649484536,24.242424242424242,49.081931800648036,52.477477477477485,42.96296296296296,44.943820224719104,15.458937198067634,6.746237675142706,44.67972472207517,46.15384615384615,26.666666666666668
Left Center Back,45590,Nicolò Cherubin,Atalanta,228,941,54.68691413573303,11.855670103092782,8.658008658008658,66.85696651751273,44.70720720720721,83.33333333333333,7.865168539325844,29.951690821256037,24.026984950700573,35.29204164460914,34.61538461538461,10.0
Left Center Back,46670,Iván Rodrigo Piris Leguizamón,Udinese,230,1871,56.13048368953881,64.43298969072164,40.25974025974026,47.924702977935496,22.2972972972973,62.59259259259259,70.22471910112358,37.19806763285025,43.2797093928386,58.70831127580731,0.0,36.66666666666667
Right Center Back,174418,Modibo Diakité,Sampdoria,234,2337,31.252343457067866,23.19587628865979,21.21212121212121,56.93565807745718,55.067567567567565,87.4074074074074,23.03370786516854,16.425120772946862,16.813700051894134,30.38644785600847,11.538461538461538,16.666666666666664
Left Center Back,387847,Leonardo Blanchard,Frosinone,291,2517,66.40419947506561,27.835051546391753,16.450216450216452,38.990896466594656,60.47297297297298,95.92592592592591,28.651685393258425,34.29951690821256,58.225220550077836,62.85512616904888,38.46153846153847,18.88888888888889
Right Center Back,3164,Marcelo Antônio Guedes Filho,Hannover 96,178,1758,44.638170228721414,29.381443298969074,16.450216450216452,27.680913439284055,59.90990990990992,45.18518518518518,29.213483146067414,14.975845410628018,36.06642449403218,41.59167107817187,19.230769230769234,11.111111111111112
Left Center Back,3197,Dante Bonfim da Costa Santos,Wolfsburg,179,2125,59.37382827146607,44.3298969072165,27.705627705627705,61.71887054466904,27.36486486486487,58.88888888888888,43.258426966292134,28.502415458937197,60.923715620134914,52.938062466913706,15.384615384615385,17.77777777777778
Right Center Back,3502,Joël Andre Job Matip,Schalke 04,181,3142,55.080614923134604,41.75257731958763,37.22943722943723,87.42478012652367,44.70720720720721,62.22222222222222,45.50561797752809,6.280193236714976,49.09185262065387,57.72013410975825,30.76923076923077,34.44444444444444
Left Center Back,3774,Papiss Mison Djilobodji,Werder Bremen,176,1297,47.787776527934014,23.19587628865979,59.3073593073593,75.52846782903873,63.2882882882883,62.96296296296296,21.34831460674157,14.49275362318841,83.3938764919564,40.47997176636668,50.0,53.333333333333336
Right Center Back,3959,Andreas Christensen,Borussia Mönchengladbach,185,2854,61.15485564304463,37.62886597938144,27.705627705627705,58.77179447616108,35.135135135135144,68.14814814814814,41.01123595505618,23.67149758454107,23.508043591074202,63.43744485618493,34.61538461538461,6.666666666666667
Left Center Back,4174,Ragnar Klavan,Augsburg,172,2875,57.2928383952006,24.74226804123711,19.480519480519483,75.1581546057707,50.33783783783784,41.85185185185185,24.719101123595507,11.594202898550726,33.41982355993772,54.89677077818952,0.0,20.0
Right Center Back,5244,Medhi Amine El Mouttaqi Benatia,Bayern Munich,169,1007,56.8241469816273,19.587628865979383,35.064935064935064,41.36707298256441,26.689189189189193,23.7037037037037,21.34831460674157,23.67149758454107,45.09600415153086,59.36121404623257,30.76923076923077,18.88888888888889
Right Center Back,5467,Leon Aderemi Balogun,FSV Mainz 05,177,1575,47.787776527934014,75.77319587628865,50.649350649350644,57.074525536182676,53.26576576576577,69.62962962962962,82.58426966292134,28.019323671497588,32.43383497664764,50.85583200988177,19.230769230769234,18.88888888888889
Right Center Back,5537,Fabian Lukas Schär,Hoffenheim,175,1861,16.83539557555306,14.948453608247423,34.1991341991342,85.37262768091344,50.900900900900915,62.96296296296296,16.292134831460675,49.275362318840585,59.418785677218466,21.722251632256928,15.384615384615385,26.666666666666668
Left Center Back,5572,Mats Hummels,Borussia Dortmund,180,2669,50.54368203974503,58.762886597938135,37.22943722943723,87.96482024378955,30.743243243243253,29.259259259259256,61.79775280898877,18.84057971014493,90.03632589517385,50.85583200988177,23.076923076923077,25.555555555555554
Right Center Back,5578,Jérôme Boateng,Bayern Munich,169,1558,58.0427446569179,13.917525773195877,18.614718614718615,81.09859589569511,15.653153153153157,18.88888888888889,15.168539325842698,14.49275362318841,99.58484691229889,60.50820539968238,0.0,76.66666666666666
Right Center Back,5579,Joshua Kimmich,Bayern Munich,169,1369,56.8241469816273,35.051546391752574,13.41991341991342,58.44777040580157,0.0,34.07407407407407,38.20224719101124,45.410628019323674,100.0,59.36121404623257,0.0,65.55555555555556
Left Center Back,6322,Niklas Süle,Hoffenheim,175,3070,18.391451068616426,20.618556701030926,17.748917748917748,49.22079925937355,50.7882882882883,65.18518518518516,19.101123595505616,9.178743961352657,38.86870783601453,16.26963119816481,0.0,15.555555555555555
Right Center Back,6359,Johan Danon Djourou-Gbadjere,Hamburger SV,171,2416,21.878515185601803,22.16494845360825,13.852813852813853,59.14210769942909,34.34684684684685,49.629629629629626,21.910112359550563,14.009661835748796,35.08043591074208,22.057526027880712,26.923076923076927,3.3333333333333335
Right Center Back,6924,Alejandro Gálvez Jimena,Werder Bremen,176,1394,25.00937382827147,34.02061855670103,46.75324675324675,61.07082240395,28.71621621621622,28.518518518518515,33.146067415730336,41.54589371980676,41.20394395433315,23.522145756131987,23.076923076923077,0.0
Right Center Back,7016,Benedikt Höwedes,Schalke 04,181,923,100.0,52.57731958762886,42.85714285714286,80.35796944915907,32.770270270270274,38.51851851851852,57.30337078651685,12.077294685990339,46.70472236637259,100.0,34.61538461538461,53.333333333333336
Right Center Back,8216,Sven Bender,Borussia Dortmund,180,1289,22.722159730033752,41.23711340206185,29.43722943722944,55.099521678753284,38.626126126126124,68.5185185185185,41.01123595505618,17.8743961352657,56.512714063310845,21.91635786130228,0.0,53.333333333333336
Left Center Back,8220,David Olatukunbo Alaba,Bayern Munich,169,2468,35.71428571428572,8.247422680412372,18.614718614718615,72.47338373707761,8.671171171171173,34.444444444444436,6.741573033707865,8.212560386473431,70.7836014530358,31.09228868890065,11.538461538461538,72.22222222222221
Right Center Back,8221,Jonathan Tah,Bayer Leverkusen,904,2698,35.71428571428572,25.257731958762886,44.15584415584416,78.1823792624595,35.47297297297298,51.11111111111111,25.842696629213478,38.164251207729464,36.01453035806953,35.29204164460914,0.0,14.444444444444446
Right Center Back,8244,Sokratis Papastathopoulos,Borussia Dortmund,180,2121,50.71241094863142,57.21649484536082,16.450216450216452,80.35796944915907,28.828828828828833,38.88888888888889,57.865168539325836,22.222222222222225,63.31084587441619,46.93841538733016,15.384615384615385,13.333333333333334
Right Center Back,8270,Daniel Schwaab,VfB Stuttgart,174,2392,34.47694038245219,45.36082474226804,19.047619047619047,60.685079463045824,31.869369369369373,34.81481481481481,43.258426966292134,46.85990338164252,56.14945511157239,29.204164460914058,0.0,24.444444444444443
Left Center Back,8313,Kyriakos Papadopoulos,Bayer Leverkusen,904,927,74.52193475815523,82.4742268041237,9.09090909090909,9.890449004783207,46.73423423423424,70.37037037037037,79.2134831460674,58.937198067632856,21.172807472755576,62.431621669313564,0.0,21.11111111111111
Right Center Back,8318,Jeffrey Gouweleeuw,Augsburg,172,1018,50.0,42.2680412371134,7.792207792207792,25.705909581854648,48.08558558558559,62.59259259259259,46.06741573033708,10.628019323671499,56.30513751946029,52.938062466913706,0.0,28.888888888888893
Left Center Back,8395,Håvard Nordtveit,Borussia Mönchengladbach,185,2488,58.473940757405316,24.74226804123711,16.88311688311688,43.45008486344699,35.6981981981982,62.22222222222222,23.03370786516854,18.84057971014493,64.97145822522054,49.51473442738663,53.846153846153854,31.11111111111111
Left Center Back,8405,Benjamin Hübner,Ingolstadt,189,2785,48.72515935508061,45.87628865979381,17.316017316017316,40.41043048912204,48.76126126126127,57.03703703703703,46.06741573033708,28.985507246376812,23.300467047223663,45.75613199223575,11.538461538461538,10.0
Right Center Back,8516,Ronaldo Aparecido Rodrigues,Wolfsburg,179,2678,51.631046119235094,36.082474226804116,45.88744588744588,96.26600833204752,35.923423423423436,50.37037037037037,39.32584269662921,22.222222222222225,55.63051375194602,54.473266278454204,0.0,33.33333333333333
Left Center Back,8559,Stefan Bell,FSV Mainz 05,177,2683,49.19385076865392,35.56701030927835,55.84415584415584,89.30720567813609,47.52252252252253,65.18518518518516,37.07865168539326,30.434782608695656,53.76232485729111,48.43832715722605,11.538461538461538,17.77777777777778
Right Center Back,8570,Niklas Stark,Hertha Berlin,173,1388,98.2002249718785,27.31958762886598,27.27272727272727,74.10893380651133,38.40090090090091,47.77777777777777,29.775280898876407,19.806763285024157,30.046704722366375,98.30598200105875,46.15384615384615,6.666666666666667
Left Center Back,8573,Ömer Toprak,Bayer Leverkusen,904,1586,52.887139107611546,57.731958762886606,45.454545454545446,67.79817929331892,34.234234234234236,77.4074074074074,53.37078651685393,30.917874396135268,40.58121432278152,42.085759661196406,19.230769230769234,37.77777777777778
Right Center Back,8580,Sebastian Langkamp,Hertha Berlin,173,2030,60.85489313835771,44.3298969072165,11.688311688311687,46.890911896312296,53.82882882882883,39.62962962962963,43.258426966292134,23.67149758454107,39.750908147379334,53.873301570495855,0.0,14.444444444444446
Left Center Back,8678,David Ángel Abraham,Eintracht Frankfurt,184,2589,85.9392575928009,55.670103092783506,41.55844155844156,84.49313377565191,47.072072072072075,54.074074074074076,52.80898876404494,17.8743961352657,23.144784639335754,72.04870301746955,0.0,18.88888888888889
Left Center Back,8812,Marco Russ,Eintracht Frankfurt,184,2397,50.0,27.835051546391753,27.27272727272727,82.85758370621818,30.518018018018022,51.481481481481474,30.337078651685395,28.502415458937197,23.871302542812657,52.938062466913706,42.30769230769231,24.444444444444443
Right Center Back,8814,Nico Elvedi,Borussia Mönchengladbach,185,1561,33.65204349456318,46.90721649484536,43.722943722943725,55.71671038419996,29.84234234234235,76.66666666666666,51.12359550561797,28.502415458937197,35.02854177477944,37.550732309864124,0.0,25.555555555555554
Left Center Back,8815,Jannik Vestergaard,Werder Bremen,176,3062,53.97450318710161,49.48453608247422,29.43722943722944,72.11850023144576,56.1936936936937,58.88888888888888,53.93258426966292,24.637681159420293,41.93046185781006,56.67901888124227,19.230769230769234,12.222222222222221
Left Center Back,8828,Dominique Heintz,FC Köln,186,2967,38.93888263967005,39.175257731958766,19.913419913419915,51.42724888134546,40.42792792792793,61.48148148148148,41.01123595505618,28.502415458937197,46.80851063829786,39.632962766896064,23.076923076923077,10.0
Right Center Back,8829,Frederik Hillesborg Sørensen,FC Köln,186,1759,44.03824521934758,53.09278350515464,20.77922077922078,42.16941829964511,50.67567567567568,77.03703703703704,55.0561797752809,39.61352657004831,57.81006746237674,43.320981118757715,0.0,16.666666666666664
Left Center Back,8900,Mërgim Mavraj,FC Köln,186,1016,58.473940757405316,78.8659793814433,0.0,0.0,71.17117117117118,65.92592592592591,75.84269662921349,31.88405797101449,15.101193565127138,49.51473442738663,0.0,0.0
Left Center Back,8956,Timo Baumgartl,VfB Stuttgart,174,1572,36.464191976003,43.29896907216495,11.255411255411255,51.42724888134546,54.054054054054056,84.44444444444443,44.38202247191011,42.02898550724638,37.31188375713543,35.29204164460914,0.0,0.0
Left Center Back,8965,Fabian Lustenberger,Hertha Berlin,173,2772,46.194225721784775,54.123711340206185,22.943722943722943,82.85758370621818,30.855855855855864,47.77777777777777,58.98876404494382,49.7584541062802,16.294758692267774,49.35592023998588,11.538461538461538,27.77777777777778
Right Center Back,9106,Marvin Matip,Ingolstadt,189,2966,53.29958755155605,20.103092783505154,19.913419913419915,47.369233143033476,58.220720720720735,52.59259259259259,20.224719101123593,34.29951690821256,24.182667358588475,50.85583200988177,23.076923076923077,20.0
Right Center Back,9217,Aytac Sulu,Darmstadt 98,872,3061,45.669291338582674,32.98969072164948,22.943722943722943,49.63740163555007,56.86936936936937,63.33333333333333,32.58426966292134,12.077294685990339,17.228853139595223,42.085759661196406,76.92307692307693,32.22222222222222
Left Center Back,9363,André Ramalho Silva,Bayer Leverkusen,904,1024,40.944881889763785,59.79381443298968,19.047619047619047,32.140101836136395,50.67567567567568,84.81481481481481,60.1123595505618,65.70048309178745,48.57291126102749,38.32715722604552,0.0,8.88888888888889
Left Center Back,9396,Ermin Bičakčić,Hoffenheim,175,1669,48.61267341582302,31.958762886597935,15.151515151515149,27.943218639098905,63.4009009009009,88.51851851851852,31.460674157303377,34.29951690821256,27.14063310845874,45.10322922181049,0.0,11.111111111111112
Right Center Back,9399,Javier Martínez Aginaga,Bayern Munich,169,1011,78.1214848143982,70.10309278350515,23.376623376623378,64.28020367227279,21.509009009009013,46.666666666666664,71.34831460674157,19.323671497584545,40.21795537104307,72.04870301746955,30.76923076923077,58.88888888888889
Left Center Back,9404,Luca Caldirola,Darmstadt 98,872,3152,49.400074990626166,41.75257731958763,11.255411255411255,32.140101836136395,39.97747747747748,57.77777777777777,43.82022471910113,36.23188405797102,26.154644525168656,49.51473442738663,0.0,15.555555555555555
Right Center Back,11286,Dominik Maroh,FC Köln,186,2130,37.232845894263214,41.75257731958763,32.900432900432904,84.49313377565191,51.46396396396398,72.96296296296296,41.01123595505618,28.502415458937197,16.917488323819406,33.42156343744485,30.76923076923077,0.0
Left Center Back,12327,John Anthony Brooks,Hertha Berlin,173,1851,46.36295463067117,32.47422680412371,25.974025974025977,82.28668415367999,48.9864864864865,32.962962962962955,35.39325842696629,23.67149758454107,48.26154644525168,49.51473442738663,15.384615384615385,10.0
Right Center Back,13319,Niko Bungert,FSV Mainz 05,177,1848,57.49906261717286,27.31958762886598,23.80952380952381,54.51319240857892,31.53153153153153,40.0,24.719101123595507,18.84057971014493,24.13077322262584,45.879654137991885,0.0,4.444444444444445
Left Center Back,16534,Roman Neustädter,Schalke 04,181,2401,34.47694038245219,45.36082474226804,25.541125541125542,55.96358586637864,35.47297297297298,61.11111111111111,49.438202247191015,21.256038647342997,35.85884795018163,38.32715722604552,0.0,12.222222222222221
Right Center Back,23341,Alexander Milosevic,Hannover 96,178,922,10.42369703787027,22.68041237113402,25.974025974025977,34.28483258756365,32.770270270270274,52.962962962962955,24.719101123595507,12.077294685990339,16.34665282823041,15.687312511028765,0.0,0.0
Left Center Back,26791,Emir Spahić,Hamburger SV,171,2411,33.239595050618675,33.50515463917525,33.33333333333333,56.812220336367844,60.02252252252253,63.33333333333333,36.51685393258427,26.570048309178745,48.93617021276595,37.16251985177343,0.0,7.777777777777778
Left Center Back,35033,Slobodan Rajković,Darmstadt 98,872,1114,55.92425946756655,37.113402061855666,13.852813852813853,38.57429409041814,59.90990990990992,79.25925925925927,40.44943820224719,25.120772946859905,18.11105345096004,58.514205046761944,30.76923076923077,17.77777777777778
Right Center Back,36359,Carlos Augusto Zambrano Ochandarte,Eintracht Frankfurt,184,1947,74.99062617172852,39.69072164948454,36.36363636363637,77.14858818083628,31.306306306306315,21.48148148148148,43.258426966292134,44.927536231884055,25.58380902957965,76.4602082230457,0.0,4.444444444444445
Right Center Back,38172,Toni Šunjić,VfB Stuttgart,174,1573,40.32620922384702,37.62886597938144,28.57142857142857,54.51319240857892,63.063063063063076,27.037037037037038,41.01123595505618,39.130434782608695,12.921639854696418,43.83271572260456,19.230769230769234,12.222222222222221
Right Center Back,40468,Cleber Janderson Pereira Reis,Hamburger SV,171,1400,51.33108361454818,100.0,43.722943722943725,79.20074062644653,57.54504504504505,68.5185185185185,94.3820224719101,44.44444444444444,42.241826673585884,41.59167107817187,23.076923076923077,6.666666666666667
Left Center Back,40470,Georg Niedermeier,VfB Stuttgart,174,1475,53.562054743157105,28.350515463917525,28.13852813852814,66.85696651751273,34.57207207207208,66.2962962962963,24.157303370786522,3.864734299516908,24.39024390243903,39.49179460031763,69.23076923076923,26.666666666666668
Right Center Back,40543,Jeong-Ho Hong,Augsburg,172,1760,50.0,26.804123711340207,18.614718614718615,70.71439592655454,58.671171171171174,64.07407407407408,26.40449438202247,7.729468599033817,36.79294239750908,45.879654137991885,38.46153846153847,16.666666666666664
Right Center Back,51388,Assani Lukimya-Mulongoti,Werder Bremen,176,926,70.30371203599549,72.68041237113401,21.645021645021643,77.14858818083628,57.770270270270274,52.59259259259259,73.59550561797754,30.917874396135268,47.950181629475864,64.70795835539086,0.0,10.0
Left Center Back,400614,Christian Schulz,Hannover 96,178,2218,65.78552680914885,14.432989690721651,25.974025974025977,35.27233451627835,55.743243243243256,51.11111111111111,15.730337078651688,28.985507246376812,25.220550077841196,67.79601199929417,30.76923076923077,17.77777777777778
Left Center Back,9461,Timm Klose,Norwich City,56,945,41.676040494938135,36.597938144329895,66.23376623376623,75.1581546057707,76.6891891891892,68.88888888888887,39.8876404494382,34.78260869565217,31.75921120913337,45.10322922181049,34.61538461538461,0.0
