main_position,player_id,player_name,team,team_id,minutes_played,dribbles_completed_per90,dribble_success_rate,crosses_completed_per90,key_passes_per90,ball_recoveries_per90,pressures_per90,fouls_won_per90,goal_assists_per90,progressive_carries_per90,goals_scored_per90,goals_minus_xg_per90,progressive_carries_rate,chances_created_per90
Left Midfield,3601,Charly Musonda Junior,Real Betis,218,1212,67.40740740740739,63.496810207336516,17.877094972067038,19.43573667711599,42.04545454545455,47.23883221948646,90.26128266033255,12.06896551724138,56.50938032973281,7.446808510638299,33.33333333333333,50.451354062186546,20.057306590257877
Left Wing,4320,Neymar da Silva Santos Junior,Barcelona,217,3136,85.74074074074073,71.71052631578947,38.547486033519554,67.71159874608152,27.435064935064936,23.35561027084066,98.09976247030878,58.62068965517242,77.65776009096076,72.3404255319149,45.45454545454546,31.644934804413232,71.63323782234956
Left Midfield,5199,Jorge Resurrección Merodio,Atlético Madrid,212,3162,10.0,49.860446570972876,20.670391061452513,51.09717868338558,51.461038961038966,50.54519873373198,32.304038004750595,67.24137931034484,22.228538942581014,14.893617021276597,36.36363636363637,33.625877632898685,58.166189111747855
Right Wing,5200,Lucas Vázquez Iglesias,Real Madrid,220,929,44.259259259259245,82.87480063795853,83.79888268156425,63.63636363636365,67.20779220779221,83.25712275765038,84.08551068883611,100.0,68.67538374076179,40.42553191489362,51.515151515151516,48.24473420260782,74.78510028653295
Left Wing,5207,Cristiano Ronaldo dos Santos Aveiro,Real Madrid,220,3336,22.777777777777775,61.62280701754387,28.49162011173184,22.5705329153605,0.0,0.0,20.427553444180525,44.827586206896555,36.213757816941445,100.0,42.42424242424242,67.77833500501502,28.36676217765043
Right Wing,5503,Lionel Andrés Messi Cuccittini,Barcelona,217,2863,100.0,96.37161084529504,5.58659217877095,52.03761755485894,13.14935064935065,4.889201547660921,49.40617577197149,81.0344827586207,70.72200113700967,86.17021276595746,51.515151515151516,29.6890672016048,61.03151862464182
Right Wing,5560,Carlos Alberto Vela Garrido,Real Sociedad,210,2973,28.888888888888886,45.51435406698564,30.72625698324022,39.49843260188088,37.01298701298701,29.33520928596553,60.09501187648456,20.689655172413794,30.756111426947125,15.957446808510639,15.151515151515152,18.681043129388154,39.541547277936964
Left Midfield,5633,Yannick Ferreira Carrasco,Atlético Madrid,212,1489,70.74074074074073,63.456937799043054,20.670391061452513,29.780564263322884,90.42207792207793,45.40977840309532,35.62945368171022,10.344827586206897,82.20579874928934,25.53191489361702,27.272727272727277,66.75025075225676,28.939828080229223
Right Wing,5718,Rodrigo Moreno Machado,Valencia,207,1395,19.814814814814817,34.988038277511954,36.31284916201117,30.407523510971785,27.272727272727277,40.06331340133662,31.11638954869359,32.758620689655174,28.08413871517908,12.76595744680851,6.060606060606061,27.30692076228686,33.2378223495702
Right Wing,5724,Fayçal Fajr,RC Deportivo La Coruña,219,2883,9.62962962962963,45.95295055821371,33.5195530726257,44.827586206896555,42.6948051948052,42.068237776996135,17.102137767220903,15.517241379310345,16.827743035815804,15.957446808510639,42.42424242424242,20.762286860581746,43.55300859598854
Left Wing,6356,Michael Krohn-Dehli,Sevilla,213,1490,14.814814814814813,42.44417862838915,24.022346368715084,52.664576802507845,40.259740259740255,40.48540274358073,16.864608076009503,31.03448275862069,42.694712905059696,6.382978723404255,9.09090909090909,39.74423269809429,53.295128939828075
Right Midfield,6357,Jonathan dos Santos Ramírez,Villarreal,222,1866,18.148148148148145,64.21451355661881,26.81564245810056,28.526645768025084,52.75974025974026,59.58494548012663,18.28978622327791,6.896551724137932,12.677657760090957,0.0,22.72727272727273,11.033099297893676,27.50716332378223
Right Midfield,6381,Saúl Ñíguez Esclapez,Atlético Madrid,212,2421,14.444444444444443,36.54306220095693,11.731843575418996,14.733542319749219,47.564935064935064,66.02180794934928,17.81472684085511,12.06896551724138,23.42239909039227,14.893617021276597,36.36363636363637,36.38415245737211,15.759312320916905
Right Wing,6390,Markel Susaeta Laskurain,Athletic Club,215,2046,24.25925925925926,28.488835725677824,53.63128491620112,46.39498432601881,47.564935064935064,57.40415054519874,31.353919239904993,60.3448275862069,26.264923251847645,13.829787234042554,34.84848484848485,42.65295887662988,52.43553008595988
Right Wing,6393,Iñaki Williams Arthuer,Athletic Club,215,1954,23.148148148148145,60.22727272727273,27.932960893854748,8.46394984326019,33.27922077922078,30.249736194161102,41.09263657957245,22.413793103448278,17.055144968732233,38.297872340425535,60.60606060606061,50.175526579739206,11.46131805157593
Right Wing,6399,Gareth Frank Bale,Real Madrid,220,1939,25.925925925925924,49.421850079744814,64.24581005586592,50.78369905956114,16.3961038961039,16.109743228983465,23.752969121140143,79.31034482758622,39.226833428084134,93.61702127659575,100.0,45.085255767301895,59.598853868194844
Left Midfield,6559,Juan Carlos Pérez López,Málaga,223,1301,13.7037037037037,59.94816586921849,27.932960893854748,24.137931034482758,21.428571428571434,21.737601125571576,25.890736342042757,22.413793103448278,14.098919840818644,6.382978723404255,25.757575757575758,39.11735205616851,26.074498567335247
Right Midfield,6563,Juan Pablo Añor Acosta,Málaga,223,1676,36.66666666666667,36.20414673046252,11.731843575418996,39.18495297805642,68.18181818181817,57.61519521632078,50.831353919239895,8.620689655172415,38.99943149516771,22.340425531914896,33.33333333333333,41.27382146439318,37.53581661891117
Left Wing,6581,Jonathan Rodríguez Menéndez,Sporting Gijón,1041,3072,27.777777777777775,32.316586921850075,49.162011173184354,26.959247648902824,35.87662337662338,31.480830109039744,34.204275534441805,34.48275862068966,39.340534394542345,14.893617021276597,37.878787878787875,74.22266800401204,30.37249283667622
Right Wing,6594,Santiago Mina Lorenzo,Valencia,207,1671,13.7037037037037,7.137161084529509,17.877094972067038,9.09090909090909,19.64285714285714,61.062258177981,60.09501187648456,8.620689655172415,21.716884593519048,22.340425531914896,37.878787878787875,36.30892678034101,9.742120343839542
Right Midfield,6608,Nabil El Zhar,Las Palmas,208,1580,27.4074074074074,29.126794258373202,28.49162011173184,18.80877742946709,41.88311688311689,32.2546605698206,38.479809976247026,37.931034482758626,43.09266628766344,11.702127659574469,31.818181818181817,53.25977933801405,23.78223495702006
Left Midfield,6609,Denis Suárez Fernández,Villarreal,222,2336,31.481481481481477,46.9896331738437,37.988826815642454,43.260188087774296,40.42207792207792,50.15828350334155,33.49168646080761,25.862068965517242,58.044343376918704,15.957446808510639,34.84848484848485,69.28284854563691,44.126074498567334
Left Wing,6626,Mubarak Wakaso,Las Palmas,208,930,33.51851851851851,61.46331738437001,24.022346368715084,18.181818181818183,79.70779220779221,51.846640872317984,67.9334916864608,0.0,35.58840250142127,9.574468085106384,37.878787878787875,19.157472417251757,16.6189111747851
Right Midfield,6651,Joaquín Sánchez Rodríguez,Real Betis,218,2056,36.2962962962963,61.582934609250394,48.04469273743017,59.87460815047022,52.11038961038962,22.405909250791417,39.667458432304045,36.206896551724135,39.738487777146105,4.255319148936171,18.181818181818183,42.07622868605817,61.03151862464182
Left Wing,6666,Sabin Merino Zuloaga,Athletic Club,215,1205,17.962962962962962,28.05023923444976,21.787709497206702,17.24137931034483,24.350649350649352,34.22441083362645,7.363420427553444,0.0,17.45309835133599,39.361702127659576,40.909090909090914,42.6780341023069,15.759312320916905
Left Midfield,6668,José Luis Morales Nogales,Levante UD,221,2886,46.666666666666664,52.113237639553425,50.83798882681564,43.88714733542321,43.66883116883117,39.60604994723882,19.239904988123516,20.689655172413794,50.4832291074474,22.340425531914896,39.39393939393939,73.49548645937811,43.55300859598854
Left Wing,6669,David Zurutuza Veillet,Real Sociedad,210,1302,24.074074074074073,50.299043062200944,16.201117318435756,15.67398119122257,60.55194805194806,46.74639465353499,50.35629453681709,34.48275862068966,23.87720295622513,6.382978723404255,22.72727272727273,23.4704112337011,20.057306590257877
Left Wing,6685,Mikel Oyarzabal Ugarte,Real Sociedad,210,1490,13.7037037037037,5.2631578947368425,20.670391061452513,33.542319749216304,41.23376623376624,64.7203658107633,45.605700712589076,10.344827586206897,29.61910176236498,38.297872340425535,56.060606060606055,53.05917753259778,32.37822349570201
Right Wing,6690,Xabier Prieto Argarate,Real Sociedad,210,2508,9.814814814814815,52.97049441786284,39.10614525139665,29.780564263322884,33.27922077922078,30.706999648258883,45.843230403800476,17.24137931034483,10.574189880613988,10.638297872340427,33.33333333333333,26.103309929789358,30.37249283667622
Right Wing,6720,Pablo Sarabia García,Getafe,216,2791,22.777777777777775,28.409090909090907,50.83798882681564,59.56112852664577,54.05844155844156,55.22335561027084,40.142517814726844,32.758620689655174,53.15520181921547,23.404255319148938,42.42424242424242,69.90972918756269,59.88538681948423
Left Wing,6724,Manuel Agudo Durán,Celta Vigo,209,2517,46.1111111111111,41.26794258373206,29.05027932960893,54.54545454545454,53.896103896103895,32.07879001055224,55.10688836104512,43.10344827586207,36.89596361569073,44.68085106382979,46.96969696969697,31.59478435305918,57.02005730659027
Right Wing,6728,Federico Nicolás Cartabia,RC Deportivo La Coruña,219,1392,48.51851851851851,83.2535885167464,36.87150837988826,34.48275862068966,61.03896103896105,68.83573689764334,84.7980997624703,32.758620689655174,50.255827174530985,20.21276595744681,37.878787878787875,14.919759277833489,36.96275071633238
Left Midfield,6740,Gonzalo Castro Irizábal,Málaga,223,1489,37.222222222222214,67.2846889952153,91.62011173184356,56.42633228840126,57.954545454545446,29.053816391136117,29.928741092636578,31.03448275862069,53.72370665150653,6.382978723404255,30.303030303030305,79.3630892678034,56.73352435530086
Right Midfield,6742,Sergio Gontán Gallardo,Eibar,322,2508,22.407407407407405,45.55422647527911,65.3631284916201,36.677115987460816,66.3961038961039,72.00140696447414,48.45605700712589,17.24137931034483,40.36384309266629,10.638297872340427,30.303030303030305,61.634904714142436,36.67621776504298
Left Midfield,6829,Samuel Castillejo Azuaga,Villarreal,222,1766,28.888888888888886,31.37958532695375,31.284916201117312,29.15360501567399,59.09090909090909,63.91136123812874,52.73159144893111,8.620689655172415,43.661171119954524,5.319148936170214,25.757575757575758,57.12136409227681,28.08022922636103
Right Wing,6838,Hernán Arsenio Pérez González,Espanyol,214,2514,59.44444444444444,61.54306220095693,43.016759776536304,21.943573667711597,55.1948051948052,54.2736545902216,42.280285035629454,5.172413793103448,41.27345082433201,26.595744680851062,42.42424242424242,48.47041123370109,21.20343839541547
Right Wing,6841,Víctor Machín Pérez,Sevilla,213,2139,27.037037037037038,45.55422647527911,29.60893854748603,37.30407523510972,52.435064935064936,56.8765388673936,59.61995249406176,27.58620689655173,54.69016486640137,8.510638297872342,21.21212121212121,73.82146439317955,38.96848137535817
Left Wing,6842,Iker Muniain Goñi,Athletic Club,215,1205,27.59259259259259,79.28628389154704,21.787709497206702,33.542319749216304,56.98051948051949,21.06929300035174,69.59619952494062,0.0,30.187606594656053,14.893617021276597,19.696969696969695,16.148445336008017,30.659025787965614
Left Midfield,6873,Francisco Portillo Soler,Real Betis,218,1024,52.77777777777777,100.0,11.731843575418996,37.93103448275862,55.35714285714285,39.43017938797046,27.315914489311165,0.0,20.693575895395107,0.0,25.757575757575758,0.0,34.67048710601719
Right Wing,6907,Pedro León Sánchez Gil,Getafe,216,2137,39.444444444444436,64.59330143540669,48.60335195530726,33.542319749216304,23.7012987012987,38.12873724938445,31.59144893111639,27.58620689655173,30.35815804434338,8.510638297872342,19.696969696969695,51.57973921765296,35.53008595988538
Right Wing,6918,Isaac Ajayi Success,Granada,1049,2619,32.03703703703704,29.465709728867623,33.5195530726257,18.80877742946709,25.487012987012992,23.883221948645797,68.88361045130641,10.344827586206897,46.90164866401364,21.276595744680854,30.303030303030305,70.53660982948847,18.911174785100282
Left Midfield,6934,Jerónimo Figueroa Cabrera,Las Palmas,208,1395,44.81481481481481,89.23444976076554,25.69832402234637,42.31974921630094,50.324675324675326,31.656700668308126,38.71733966745843,32.758620689655174,46.78794769755543,0.0,21.21212121212121,23.345035105315933,44.412607449856736
Right Wing,7105,Fabián Ariel Orellana Valenzuela,Celta Vigo,209,3076,54.8148148148148,52.27272727272727,19.553072625698327,35.109717868338564,61.850649350649356,22.265212803376713,59.14489311163895,34.48275862068966,53.09835133598636,21.276595744680854,21.21212121212121,31.14343029087262,38.108882521489974
Left Wing,7900,Tiago Manuel Dias Correia,Rayo Vallecano,360,2510,35.74074074074074,56.060606060606055,60.89385474860334,21.003134796238243,41.396103896103895,24.12944073162153,10.926365795724466,36.206896551724135,44.62762933484935,10.638297872340427,31.818181818181817,75.1755265797392,25.214899713467048
Left Wing,8522,Armindo Tué Na Bangna,Real Sociedad,210,1295,76.85185185185185,75.17942583732057,63.128491620111724,41.692789968652036,72.40259740259741,52.69081955680619,34.204275534441805,10.344827586206897,83.39965889710061,13.829787234042554,13.636363636363638,57.1715145436309,40.11461318051576
Left Wing,8523,Yevhen Konoplyanka,Sevilla,213,1396,45.92592592592592,59.94816586921849,94.41340782122904,64.57680250783699,40.90909090909091,28.209637706647904,35.62945368171022,43.10344827586207,84.13871517907903,26.595744680851062,33.33333333333333,80.46639919759276,66.47564469914039
Left Wing,10755,Jonathan Viera Ramos,Las Palmas,208,3349,31.666666666666664,53.84768740031897,17.877094972067038,48.58934169278997,38.14935064935065,45.585648962363706,50.831353919239895,41.37931034482759,52.075042637862424,27.659574468085108,30.303030303030305,29.087261785356073,51.28939828080229
Right Wing,11539,Adrián Embarba Blázquez,Rayo Vallecano,360,1767,24.074074074074073,33.75199362041467,62.569832402234624,32.288401253918494,50.000000000000014,46.99261343651073,32.066508313539195,34.48275862068966,48.55031267765775,10.638297872340427,18.181818181818183,56.820461384152466,35.24355300859598
Right Wing,18724,Sofiane Feghouli,Valencia,207,1217,15.0,16.387559808612437,71.50837988826815,58.93416927899686,44.15584415584416,31.621526556454445,31.828978622327792,12.06896551724138,40.25014212620807,7.446808510638299,10.606060606060606,56.01805416248745,55.873925501432666
Right Midfield,18867,Matías Nahuel Leiva Esquivel,Villarreal,222,1021,28.518518518518515,43.241626794258366,6.70391061452514,26.959247648902824,42.6948051948052,50.75624340485403,25.17814726840855,13.793103448275865,38.37407617964752,0.0,16.666666666666668,63.214643931795386,27.22063037249283
Left Wing,23785,Théo Bongonda Mbul''Ofeko Batombo,Celta Vigo,209,1306,22.59259259259259,23.066188197767143,12.29050279329609,15.36050156739812,30.194805194805202,18.18501582835033,48.693586698337285,10.344827586206897,44.51392836839113,13.829787234042554,25.757575757575758,71.43931795386158,16.045845272206304
Right Wing,23816,José Antonio Reyes Calderón,Sevilla,213,1306,16.296296296296298,32.25677830940988,54.7486033519553,60.81504702194357,48.05194805194806,58.42419978895532,60.09501187648456,10.344827586206897,37.066515065378056,6.382978723404255,15.151515151515152,51.7803410230692,57.593123209169065
Right Wing,23848,Carlos Carmona Bonet,Sporting Gijón,1041,1488,18.148148148148145,43.241626794258366,30.72625698324022,29.780564263322884,37.5,62.92648610622582,19.952494061757722,31.03448275862069,18.02160318362706,12.76595744680851,24.242424242424242,36.03309929789367,32.664756446991404
Left Wing,23994,Alejandro Menéndez Díez,Sporting Gijón,1041,1028,20.185185185185187,44.77671451355661,31.284916201117312,26.959247648902824,37.98701298701299,46.57052409426663,0.0,13.793103448275865,21.546333143831724,18.085106382978726,39.39393939393939,58.77632898696089,26.934097421203436
Left Wing,24070,Saúl Berjón Pérez,Eibar,322,1489,14.814814814814813,4.7846889952153075,34.07821229050279,58.30721003134796,42.370129870129865,30.320084417868454,6.88836104513064,41.37931034482759,26.208072768618536,25.53191489361702,15.151515151515152,50.125376128385156,60.17191977077364
Right Midfield,25859,Sérgio Paulo Barbosa Valente,Málaga,223,930,42.4074074074074,60.984848484848484,45.81005586592178,100.0,81.33116883116884,44.35455504748505,100.0,15.517241379310345,51.56338828880046,9.574468085106384,15.151515151515152,21.940822467402203,94.26934097421203
Left Wing,25921,Rubén Gracia Calmache,RC Deportivo La Coruña,219,1113,16.851851851851848,38.33732057416267,6.145251396648044,14.106583072100316,27.435064935064936,30.988392543088285,10.688836104513065,0.0,20.409323479249572,0.0,24.242424242424242,35.68204613841524,12.893982808022923
Left Wing,26020,Ángel Lafita Castillo,Getafe,216,1118,19.62962962962963,28.05023923444976,15.083798882681565,11.598746081504704,33.766233766233775,40.41505451987338,35.62945368171022,27.58620689655173,14.269471290505969,25.53191489361702,40.909090909090914,33.27482447342025,15.18624641833811
Left Wing,26723,Álvaro Cejudo Carmona,Real Betis,218,1957,28.148148148148145,45.434609250398715,25.139664804469277,24.137931034482758,58.603896103896105,52.83151600422089,43.23040380047506,15.517241379310345,28.766344513928367,4.255319148936171,27.272727272727277,47.91875626880642,24.641833810888254
Right Midfield,2966,Stéphane Sessègnon,West Bromwich Albion,27,1974,37.96296296296296,66.96570972886762,27.37430167597766,31.03448275862069,68.18181818181817,19.064368624692225,53.44418052256532,15.517241379310345,52.245594087549755,9.574468085106384,34.84848484848485,68.20461384152456,30.945558739255013
Left Wing,2988,Memphis Depay,Manchester United,39,1504,32.407407407407405,47.98644338118022,33.5195530726257,16.300940438871475,47.40259740259741,23.144565599718607,45.13064133016628,0.0,51.27913587265491,11.702127659574469,7.575757575757577,52.15646940822466,14.899713467048711
Left Wing,3043,Christian Dannemann Eriksen,Tottenham Hotspur,38,3094,16.851851851851848,50.61802232854864,32.402234636871505,80.56426332288402,70.2922077922078,41.47027787548364,6.175771971496436,58.62068965517242,41.44400227401933,18.085106382978726,33.33333333333333,35.3309929789368,83.66762177650429
Right Midfield,3049,Matt Ritchie,AFC Bournemouth,28,3108,9.814814814814815,54.08692185007975,37.430167597765355,25.705329153605017,60.876623376623385,47.02778754836441,32.304038004750595,29.31034482758621,21.60318362706083,11.702127659574469,27.272727272727277,8.350050150451349,28.36676217765043
Left Wing,3076,Ayoze Pérez Gutiérrez,Newcastle United,37,2071,42.59259259259259,55.36283891547049,28.49162011173184,29.15360501567399,57.14285714285714,72.42349630671826,43.23040380047506,13.793103448275865,33.882888004548036,27.659574468085108,45.45454545454546,33.70110330992978,29.22636103151862
Right Wing,3091,Moussa Sissoko,Newcastle United,37,3483,33.148148148148145,53.36921850079746,62.01117318435754,34.48275862068966,56.98051948051949,38.586000703482235,13.06413301662708,31.03448275862069,48.20920977828312,2.1276595744680855,19.696969696969695,65.3961885656971,36.67621776504298
Left Midfield,3196,Wahbi Khazri,Sunderland,41,1226,18.88888888888889,45.13556618819777,41.899441340782126,63.00940438871474,36.52597402597403,58.14280689412593,17.577197149643705,12.06896551724138,23.536100056850483,14.893617021276597,42.42424242424242,27.80842527582747,59.598853868194844
Left Wing,3233,Raheem Sterling,Manchester City,36,2150,32.96296296296296,63.59649122807017,8.379888268156426,37.30407523510972,47.88961038961038,29.546253957087583,47.26840855106889,13.793103448275865,46.27629334849346,26.595744680851062,27.272727272727277,51.554663991975914,36.38968481375358
Right Midfield,3286,Nathan Redmond,Norwich City,56,2255,40.925925925925924,74.98006379585325,23.463687150837988,40.125391849529784,47.40259740259741,44.143510376363,29.453681710213775,18.965517241379313,50.54007959067653,24.46808510638298,50.0,57.72316950852559,40.11461318051576
Right Wing,3293,Jesse Lingard,Manchester United,39,1790,7.037037037037036,16.666666666666664,5.58659217877095,15.987460815047022,30.194805194805202,53.64052057685543,17.102137767220903,8.620689655172415,28.254690164866403,21.276595744680854,36.36363636363637,44.03209628886658,16.045845272206304
Right Wing,3294,Juan Manuel Mata García,Manchester United,39,3189,16.666666666666668,79.00717703349282,12.849162011173188,34.48275862068966,37.98701298701299,23.074217376011255,17.102137767220903,24.13793103448276,31.495167708925525,17.021276595744684,30.303030303030305,8.274824473420253,35.53008595988538
Right Wing,3297,Andros Townsend,Newcastle United,37,1131,63.703703703703695,73.92344497607655,59.217877094972074,63.63636363636365,56.33116883116883,61.30847696095674,19.952494061757722,25.862068965517242,73.16657191586128,32.97872340425532,60.60606060606061,58.70110330992979,62.75071633237822
Left Midfield,3307,Marc Albrighton,Leicester City,22,3206,27.59259259259259,69.91626794258373,46.927374301675975,42.31974921630094,43.993506493506494,44.0028139289483,10.926365795724466,32.758620689655174,22.62649232518476,5.319148936170214,27.272727272727277,47.56770310932798,44.412607449856736
Left Wing,3325,Marko Arnautović,Stoke City,30,3100,37.222222222222214,62.858851674641144,22.905027932960895,33.85579937304076,36.201298701298704,33.802321491382344,12.351543942992874,29.31034482758621,28.311540648095505,32.97872340425532,28.787878787878785,16.950852557673013,36.10315186246418
Right Wing,3347,André Ayew Pelé,Swansea City,26,3198,17.222222222222218,46.79027113237639,0.0,8.777429467084637,17.20779220779221,43.05311290889905,43.705463182897866,8.620689655172415,14.553723706651505,35.10638297872341,48.484848484848484,23.946840521564685,9.742120343839542
Left Wing,3385,Alexis Alejandro Sánchez Sánchez,Arsenal,1,2623,61.29629629629628,72.74720893141946,39.10614525139665,50.78369905956114,72.24025974025975,32.043615898698555,54.15676959619952,22.413793103448278,50.4832291074474,46.808510638297875,37.878787878787875,16.449348044132385,50.429799426934096
Right Wing,3449,Wayne Routledge,Swansea City,26,2066,15.185185185185185,62.220893141945766,21.22905027932961,30.721003134796238,20.616883116883116,34.47062961660218,18.52731591448931,6.896551724137932,17.396247868106876,8.510638297872342,24.242424242424242,38.640922768304904,29.22636103151862
Left Wing,3450,Jordan Ayew,Aston Villa,59,2545,51.481481481481474,55.562200956937794,14.52513966480447,9.404388714733543,39.772727272727266,70.69996482588815,30.878859857482187,0.0,30.471859010801595,25.53191489361702,39.39393939393939,22.567703109327983,8.595988538681947
Left Midfield,3463,Junior Stanislas,AFC Bournemouth,28,1606,31.111111111111107,57.63556618819777,44.1340782122905,48.275862068965516,37.98701298701299,36.0182905381639,10.926365795724466,18.965517241379313,42.46731097214326,17.021276595744684,34.84848484848485,44.558676028084236,47.277936962750715
Right Wing,3469,Bakary Sako,Crystal Palace,31,1035,29.629629629629626,50.41866028708133,26.256983240223462,15.67398119122257,51.62337662337663,38.832219486457966,12.351543942992874,13.793103448275865,48.49346219442866,18.085106382978726,27.272727272727277,57.37211634904714,16.9054441260745
Right Wing,3472,Willian Borges da Silva,Chelsea,33,3019,34.44444444444444,82.49601275917065,35.19553072625698,64.89028213166144,50.000000000000014,34.50580372845585,41.33016627078385,34.48275862068966,53.78055713473565,14.893617021276597,34.84848484848485,36.33400200601805,65.32951289398281
Left Wing,3491,Dimitri Payet,West Ham United,40,2739,41.481481481481474,84.23046251993621,66.48044692737429,96.86520376175548,55.032467532467535,18.782975729862816,24.70308788598575,67.24137931034484,44.05912450255827,30.851063829787233,48.484848484848484,35.98294884653962,100.0
Left Wing,3501,Philippe Coutinho Correia,Liverpool,24,2262,33.33333333333333,57.63556618819777,12.29050279329609,47.64890282131661,48.538961038961034,37.35490678860359,25.653206650831358,32.758620689655174,53.72370665150653,32.97872340425532,34.84848484848485,43.731193580742215,48.9971346704871
Right Wing,3507,Wilfried Zaha,Crystal Palace,31,2821,66.1111111111111,68.12200956937798,59.217877094972074,28.840125391849536,69.64285714285715,41.89236721772775,66.9833729216152,5.172413793103448,61.114269471290505,6.382978723404255,27.272727272727277,73.8716148445336,27.22063037249283
Left Midfield,3514,James McClean,West Bromwich Albion,27,2633,17.962962962962962,50.91706539074959,58.10055865921788,26.01880877742947,30.194805194805202,50.01758705592684,26.12826603325416,10.344827586206897,30.98351335986356,6.382978723404255,28.787878787878785,71.86559679037113,25.78796561604585
Right Wing,3533,Xherdan Shaqiri,Stoke City,30,2534,23.518518518518515,45.673843700159495,26.81564245810056,41.692789968652036,31.49350649350649,15.371086880056279,17.577197149643705,29.31034482758621,23.42239909039227,10.638297872340427,31.818181818181817,20.13540621865597,43.266475644699135
Right Wing,3585,Erik Lamela,Tottenham Hotspur,38,2624,18.703703703703702,42.743221690590104,10.614525139664805,62.695924764890286,40.42207792207792,61.83608863876188,27.078384798099762,46.55172413793104,24.161455372370668,18.085106382978726,25.757575757575758,14.343029087261783,65.0429799426934
Left Wing,3589,Yannick Bolasie Yala,Crystal Palace,31,2163,52.037037037037024,56.10047846889952,57.54189944134078,23.824451410658305,52.75974025974026,24.90327119240239,29.216152019002372,20.689655172413794,53.666856168277434,21.276595744680854,33.33333333333333,75.35105315947844,25.50143266475645
Left Wing,3621,Eden Hazard,Chelsea,33,2355,48.88888888888888,82.99441786283892,35.19553072625698,68.02507836990596,48.538961038961034,14.80830109039747,62.23277909738717,18.965517241379313,85.21887436043205,15.957446808510639,39.39393939393939,49.02206619859577,65.61604584527221
Right Wing,3635,Jordon Ibe,Liverpool,24,1125,61.11111111111111,62.220893141945766,32.960893854748605,39.18495297805642,75.00000000000001,40.872317973971164,22.090261282660336,13.793103448275865,80.50028425241614,8.510638297872342,25.757575757575758,45.51153460381143,37.82234957020057
Left Midfield,3646,Marc Pugh,AFC Bournemouth,28,1408,28.888888888888886,41.347687400318975,32.402234636871505,17.86833855799373,38.14935064935065,34.365107281041155,32.066508313539195,20.689655172413794,50.198976691301866,20.21276595744681,33.33333333333333,54.56369107321966,20.057306590257877
Left Wing,3668,Theo Walcott,Arsenal,1,1404,26.666666666666668,56.29984051036683,15.083798882681565,20.06269592476489,25.974025974025977,18.04431938093563,32.304038004750595,20.689655172413794,25.582717453098354,34.04255319148937,13.636363636363638,60.83249749247742,22.063037249283667
Left Wing,3683,Tom Cleverley,Everton,29,1594,10.555555555555555,69.65709728867623,18.99441340782123,25.705329153605017,54.05844155844156,70.3482237073514,19.239904988123516,37.931034482758626,15.63388288800455,11.702127659574469,34.84848484848485,3.711133400200594,30.08595988538682
Right Wing,3726,Gerard Deulofeu Lázaro,Everton,29,1503,35.74074074074074,57.05741626794257,70.39106145251397,46.39498432601881,42.6948051948052,26.732325008793527,13.776722090261284,91.3793103448276,66.34451392836837,11.702127659574469,33.33333333333333,63.36509528585758,57.879656160458445
Right Midfield,3814,Riyad Mahrez,Leicester City,22,3390,56.29629629629629,60.785486443381174,32.402234636871505,40.43887147335423,55.519480519480524,38.586000703482235,47.74346793349169,44.827586206896555,42.7515633882888,47.87234042553192,48.484848484848484,57.49749247743229,44.69914040114613
Left Wing,3831,Dušan Tadić,Southampton,25,2546,20.74074074074074,74.56140350877192,86.03351955307262,67.08463949843261,39.772727272727266,31.51600422089342,23.27790973871734,65.51724137931035,38.71517907902217,25.53191489361702,30.303030303030305,63.214643931795386,72.49283667621776
Right Wing,3953,Aaron Lennon,Everton,29,1605,15.555555555555555,45.434609250398715,21.787709497206702,30.721003134796238,25.324675324675326,48.25888146324305,24.228028503562946,0.0,20.807276861853328,29.787234042553195,56.060606060606055,29.31293881644934,28.08022922636103
Left Wing,3958,Pedro Eliezer Rodríguez Ledesma,Chelsea,33,2268,39.25925925925925,67.12519936204147,34.63687150837988,42.31974921630094,73.37662337662337,37.07351389377418,44.418052256532064,12.06896551724138,46.50369528140989,28.723404255319153,36.36363636363637,36.28385155466399,40.97421203438395
Right Wing,3963,Victor Moses,West Ham United,40,1224,27.22222222222222,45.87320574162679,17.31843575418994,26.01880877742947,28.246753246753247,18.43123461132606,33.25415676959621,24.13793103448276,47.86810687890846,7.446808510638299,19.696969696969695,72.39217652958875,28.08022922636103
Left Wing,4317,Kevin Mirallas,Everton,29,948,32.77777777777778,61.46331738437001,23.463687150837988,35.42319749216301,54.54545454545454,34.18923672177277,37.05463182897862,31.03448275862069,38.37407617964752,39.361702127659576,40.909090909090914,29.488465396188555,37.82234957020057
Left Midfield,4416,Max-Alain Gradel,AFC Bournemouth,28,1035,27.962962962962962,36.90191387559808,26.256983240223462,15.67398119122257,62.82467532467534,49.208582483292304,43.46793349168646,29.31034482758621,36.6117111995452,8.510638297872342,22.72727272727273,66.34904714142426,19.19770773638968
Left Wing,4831,Nacer Chadli,Tottenham Hotspur,38,940,18.88888888888889,24.541467304625204,18.435754189944134,50.78369905956114,35.06493506493506,41.681322546605706,7.838479809976248,32.758620689655174,25.753268902785674,29.787234042553195,34.84848484848485,8.40020060180542,52.14899713467048
Right Wing,5581,Joel Nathaniel Campbell Samuels,Arsenal,1,1035,18.333333333333332,75.17942583732057,16.201117318435756,23.824451410658305,30.35714285714286,52.90186422792824,49.6437054631829,29.31034482758621,30.69926094371802,27.659574468085108,45.45454545454546,29.338014042126364,26.934097421203436
Right Wing,6800,Carles Gil de Pareja Vicent,Aston Villa,59,1603,34.25925925925925,65.39074960127591,21.787709497206702,32.60188087774295,41.720779220779214,41.048188533239546,31.11638954869359,8.620689655172415,56.28197839681637,11.702127659574469,37.878787878787875,29.714142427281846,31.51862464183381
Right Wing,6821,Jesús Navas González,Manchester City,36,2248,29.259259259259256,80.24322169059012,62.01117318435754,54.2319749216301,65.25974025974025,38.69152303904326,17.339667458432302,48.27586206896552,67.36782262649234,0.0,12.121212121212123,50.325977933801404,57.593123209169065
Left Midfield,6870,José Manuel Jurado Marín,Watford,23,2535,30.0,68.85964912280701,16.75977653631285,37.30407523510972,53.896103896103895,26.591628561378823,26.840855106888363,0.0,28.254690164866403,0.0,21.21212121212121,18.530591775325977,34.097421203438394
Left Wing,7063,Jefferson Antonio Montero Vite,Swansea City,26,1316,45.18518518518518,40.869218500797444,81.00558659217877,45.45454545454545,38.63636363636364,30.179387970453742,59.61995249406176,22.413793103448278,88.40250142126209,0.0,10.606060606060606,100.0,45.27220630372493
Right Midfield,7171,Fabio Borini,Sunderland,41,2075,9.444444444444445,33.03429027113238,13.966480446927374,14.420062695924765,34.57792207792208,41.751670770313055,43.23040380047506,13.793103448275865,16.486640136441157,22.340425531914896,30.303030303030305,34.47843530591775,15.472779369627506
Left Midfield,9485,Craig Gardner,West Bromwich Albion,27,1885,3.7037037037037033,29.844497607655494,31.84357541899441,28.21316614420063,39.44805194805195,69.57439324657054,20.190023752969125,24.13793103448276,7.2200113700966435,14.893617021276597,22.72727272727273,26.880641925777326,30.08595988538682
Left Wing,11117,Scott Sinclair,Aston Villa,59,1802,26.296296296296294,54.42583732057415,2.2346368715083798,0.0,17.532467532467532,19.76785086176574,16.864608076009503,0.0,24.843661171119955,9.574468085106384,21.21212121212121,44.307923771313945,0.0
Right Wing,16457,Jeremain Lens,Sunderland,41,1319,38.7037037037037,54.20653907496011,23.463687150837988,23.824451410658305,35.06493506493506,60.569820612029545,44.65558194774347,34.48275862068966,45.08243320068221,21.276595744680854,39.39393939393939,50.702106318956865,27.50716332378223
Left Wing,20039,Anthony Martial,Manchester United,39,2719,40.55555555555555,55.32296650717703,30.167597765363123,26.959247648902824,37.98701298701299,27.084066127330285,39.90498812351544,15.517241379310345,48.66401364411597,38.297872340425535,50.0,41.59979939819457,27.50716332378223
Left Midfield,22594,Matt Jarvis,Norwich City,56,1224,8.148148148148149,67.92264752791068,46.368715083798875,26.01880877742947,6.6558441558441555,26.94336967991558,3.562945368171021,12.06896551724138,22.797043774872087,7.446808510638299,30.303030303030305,76.57973921765296,26.074498567335247
Left Wing,26696,Arouna Koné,Everton,29,1502,32.407407407407405,63.71610845295056,10.055865921787708,10.65830721003135,41.720779220779214,21.7024270137179,15.201900237529694,29.31034482758621,30.926662876634452,30.851063829787233,33.33333333333333,20.436308926780335,14.899713467048711
Right Wing,42902,Adam Johnson,Sunderland,41,1033,18.333333333333332,64.59330143540669,35.754189944134076,62.06896551724138,71.59090909090908,25.747449876890606,22.802850356294535,74.13793103448276,37.23706651506538,18.085106382978726,33.33333333333333,5.516549648946829,69.34097421203438
Right Midfield,43081,Almen Abdi,Watford,23,2357,6.481481481481481,90.70972886762361,20.670391061452513,29.780564263322884,46.5909090909091,51.459725641927534,14.251781472684089,0.0,10.233086981239339,7.446808510638299,27.272727272727277,17.577733199598793,27.22063037249283
Left Wing,3145,Keita Baldé Diao,Lazio,236,1403,48.14814814814814,51.495215311004785,75.97765363128491,70.21943573667713,47.88961038961038,37.706647907140336,62.70783847980997,10.344827586206897,100.0,26.595744680851062,16.666666666666668,77.05616850551654,66.189111747851
Right Wing,3531,Mohamed Salah,AS Roma,229,2990,22.037037037037035,42.94258373205741,25.69832402234637,43.88714733542321,34.25324675324676,31.727048892015475,23.27790973871734,31.03448275862069,36.83911313246163,44.68085106382979,54.54545454545454,45.411233701103306,45.27220630372493
Left Midfield,5587,Adem Ljajić,Inter Milan,238,1497,28.148148148148145,53.42902711323762,34.07821229050279,89.96865203761756,36.038961038961034,27.541329581428066,21.14014251781473,31.03448275862069,59.4656054576464,19.148936170212767,28.787878787878785,34.65396188565697,87.39255014326648
Right Midfield,5683,Keisuke Honda,AC Milan,243,2158,20.555555555555554,64.29425837320574,29.60893854748603,42.31974921630094,32.62987012987013,52.268730214562076,26.365795724465563,20.689655172413794,34.62194428652644,4.255319148936171,15.151515151515152,33.9518555667001,42.12034383954155
Right Wing,6658,Cristian Tello Herrera,Fiorentina,239,1216,39.62962962962962,56.439393939393945,75.41899441340782,35.73667711598746,20.12987012987013,36.86246922265213,19.47743467933492,50.0,46.21944286526435,14.893617021276597,21.21212121212121,46.91574724172518,40.97421203438395
Left Wing,6822,Carlos Joaquín Correa,Sampdoria,234,1310,41.666666666666664,50.83732057416268,4.4692737430167595,36.99059561128527,54.54545454545454,63.98170946183609,59.857482185273156,10.344827586206897,63.50198976691301,21.276595744680854,19.696969696969695,52.63289869608827,35.81661891117478
Left Wing,6859,Nicola Sansone,Sassuolo,232,2623,25.74074074074074,43.91945773524721,16.201117318435756,40.125391849529784,25.487012987012992,49.41962715441435,45.13064133016628,22.413793103448278,24.559408754974417,25.53191489361702,36.36363636363637,21.013039117352044,40.68767908309456
Left Wing,6979,Stephan El Shaarawy,AS Roma,229,1403,12.407407407407407,38.33732057416267,7.82122905027933,15.987460815047022,29.05844155844156,36.33485754484699,6.413301662707838,20.689655172413794,26.378624218305852,54.255319148936174,46.96969696969697,31.118355065195573,18.338108882521485
Left Wing,7000,Eder Citadin Martins,Inter Milan,238,2514,13.7037037037037,44.41786283891547,18.99441340782123,16.300940438871475,37.17532467532468,33.52092859655294,34.679334916864605,17.24137931034483,22.342239909039225,48.93617021276596,46.96969696969697,31.51955867602808,18.051575931232087
Left Wing,7006,Alejandro Darío Gómez,Atalanta,228,3098,35.55555555555556,65.39074960127591,55.3072625698324,50.47021943573669,48.538961038961034,28.842771720014067,51.78147268408551,34.48275862068966,57.36213757816942,21.276595744680854,34.84848484848485,62.5877632898696,51.862464183381086
Right Wing,7022,Jesús Joaquín Fernández Sáez de la Torre,Genoa,233,1488,29.444444444444446,72.9066985645933,20.670391061452513,56.42633228840126,24.675324675324674,24.83292296869504,38.479809976247026,10.344827586206897,27.97043774872086,38.297872340425535,66.66666666666666,31.745235707121356,53.295128939828075
Left Midfield,7026,Giacomo Bonaventura,AC Milan,243,2906,34.81481481481482,67.22488038277511,31.284916201117312,52.03761755485894,71.75324675324676,31.797397115722823,53.68171021377671,41.37931034482759,58.840250142126216,19.148936170212767,21.21212121212121,34.90471414242728,54.72779369627507
Right Wing,7029,José María Callejón Bueno,Napoli,227,3253,2.037037037037037,30.80143540669857,10.614525139664805,28.526645768025084,29.05844155844156,42.947590573338026,37.52969121140142,27.58620689655173,3.2973280272882324,20.21276595744681,24.242424242424242,14.217652958876634,30.945558739255013
Left Wing,7037,Lorenzo Insigne,Napoli,227,3170,23.148148148148145,50.95693779904307,25.69832402234637,45.45454545454545,17.6948051948052,23.60182905381639,9.263657957244655,48.27586206896552,38.71517907902217,36.17021276595745,40.909090909090914,43.30491474423269,49.8567335243553
Right Wing,7109,Matteo Politano,Sassuolo,232,1024,26.666666666666668,22.567783094098885,21.22905027932961,37.93103448275862,56.81818181818182,52.40942666197679,31.353919239904993,29.31034482758621,53.666856168277434,45.744680851063826,59.09090909090909,42.62788365095286,39.828080229226366
Right Wing,7131,Domenico Berardi,Sassuolo,232,2437,20.370370370370374,49.38197767145136,27.932960893854748,29.780564263322884,30.194805194805202,46.78156876538868,64.13301662707838,37.931034482758626,24.445707788516202,26.595744680851062,18.181818181818183,19.508525576730193,33.5243553008596
Left Wing,7456,Diego Perotti,AS Roma,229,2622,33.888888888888886,82.71531100478468,68.15642458100558,56.42633228840126,37.17532467532468,61.02708406612734,41.80522565320665,51.724137931034484,68.50483229107448,13.829787234042554,30.303030303030305,52.48244734202607,60.17191977077364
Left Wing,7468,Iago Falqué Silva,AS Roma,229,1219,8.148148148148149,67.92264752791068,37.988826815642454,33.22884012539185,21.266233766233768,48.68097080548716,7.1258907363420425,24.13793103448276,21.716884593519048,14.893617021276597,36.36363636363637,23.169508525576735,34.67048710601719
Right Wing,7702,Alessio Cerci,Genoa,233,1307,29.074074074074076,31.91786283891546,54.7486033519553,36.99059561128527,36.85064935064935,44.31938093563138,51.78147268408551,22.413793103448278,57.02103467879478,28.723404255319153,24.242424242424242,60.20561685055165,37.82234957020057
Left Wing,7775,Emanuele Giaccherini,Bologna,240,2529,18.88888888888889,42.60366826156299,42.45810055865922,42.00626959247649,29.870129870129876,29.088990502989798,31.828978622327792,0.0,37.23706651506538,25.53191489361702,48.484848484848484,41.42427281845536,38.39541547277937
Right Wing,7776,Antonio Candreva,Lazio,236,2634,17.407407407407405,36.34370015948962,48.60335195530726,29.15360501567399,38.474025974025984,16.70770313049595,33.49168646080761,17.24137931034483,46.73109721432632,36.17021276595745,22.72727272727273,56.720160481444324,29.799426934097422
Right Wing,8172,Felipe Anderson Pereira Gomes,Lazio,236,1970,49.07407407407407,42.02551834130781,37.988826815642454,26.959247648902824,78.0844155844156,70.06683081252199,50.35629453681709,31.03448275862069,74.18988061398522,32.97872340425532,43.939393939393945,69.10732196589767,29.799426934097422
Right Wing,8184,Marco D''Alessandro,Atalanta,228,1026,42.96296296296296,53.42902711323762,100.0,32.288401253918494,50.97402597402597,52.58529722124516,56.29453681710213,29.31034482758621,60.54576463899942,27.659574468085108,42.42424242424242,64.01705115346036,34.67048710601719
Left Wing,8552,Robin Quaison,Palermo,2256,1310,32.77777777777778,79.70494417862838,39.10614525139665,39.18495297805642,34.41558441558442,100.0,28.741092636579573,22.413793103448278,36.89596361569073,6.382978723404255,27.272727272727277,40.7221664994985,39.828080229226366
Left Wing,8793,Oliver Kragl,Frosinone,291,1114,7.777777777777778,28.05023923444976,28.49162011173184,21.630094043887148,27.435064935064936,53.957087583538524,33.729216152019006,0.0,10.233086981239339,8.510638297872342,28.787878787878785,49.57372116349046,19.77077363896848
Right Wing,9898,Aleksandar Tonev,Frosinone,291,1032,16.851851851851848,71.71052631578947,50.27932960893854,21.31661442006269,41.88311688311689,45.7263454097784,6.175771971496436,13.793103448275865,28.823194997157476,0.0,16.666666666666668,45.185556670010016,21.77650429799427
Right Midfield,11339,Paweł Wszołek,Hellas Verona,226,2154,29.074074074074076,86.54306220095694,59.77653631284916,31.974921630094045,47.72727272727273,36.54590221596905,19.47743467933492,34.48275862068966,37.35076748152359,0.0,21.21212121212121,75.1755265797392,35.24355300859598
Left Midfield,11494,Luca Siligardi,Hellas Verona,226,1597,21.85185185185185,44.15869218500797,44.1340782122905,41.692789968652036,46.5909090909091,59.09250791417517,8.313539192399052,0.0,35.41785105173394,11.702127659574469,27.272727272727277,62.236710130391174,38.108882521489974
Left Midfield,11502,Antonio Di Gaudio,Carpi,1683,1504,32.407407407407405,54.42583732057415,16.75977653631285,12.539184952978054,36.688311688311686,49.841716496658464,62.23277909738717,29.31034482758621,41.44400227401933,18.085106382978726,27.272727272727277,76.8555667001003,16.6189111747851
Left Midfield,11608,Danilo Soddimo,Frosinone,291,1872,37.59259259259259,40.17145135566187,31.84357541899441,49.529780564263326,100.0,55.11783327470982,45.605700712589076,15.517241379310345,34.45139283683911,4.255319148936171,25.757575757575758,30.341023069207623,48.137535816618914
Right Wing,11729,Luca Rizzo,Bologna,240,1593,15.74074074074074,34.389952153110045,22.346368715083802,15.047021943573668,43.993506493506494,61.062258177981,21.852731591448933,18.965517241379313,34.90619670267197,0.0,18.181818181818183,63.56569709127382,17.191977077363898
Right Wing,12759,Maximiliano Nicol Moralez,Atalanta,228,1502,11.296296296296296,44.557416267942585,60.335195530726246,63.322884012539184,30.032467532467532,69.32817446359479,49.40617577197149,39.65517241379311,30.244457077885155,5.319148936170214,0.0,13.716148445336005,64.75644699140402
Left Wing,15818,Gervais Lombe Yao Kouassi,AS Roma,229,1215,34.25925925925925,67.06539074960128,13.40782122905028,21.630094043887148,21.428571428571434,19.45128385508266,0.23752969121140166,12.06896551724138,39.511085844229676,46.808510638297875,46.96969696969697,47.29187562688064,22.063037249283667
Right Midfield,23470,Luca Paganini,Frosinone,291,1960,13.7037037037037,55.66188197767145,20.111731843575416,18.495297805642636,42.857142857142854,83.57368976433347,55.10688836104512,15.517241379310345,13.303013075611142,9.574468085106384,30.303030303030305,32.572718154463395,19.48424068767908
Right Wing,26442,Boško Janković,Hellas Verona,226,1033,5.555555555555556,57.05741626794257,26.256983240223462,2.1943573667711602,2.2727272727272716,25.14948997537812,0.0,0.0,5.002842524161455,8.510638297872342,25.757575757575758,34.027081243731196,2.005730659025788
Left Wing,27110,Antonio Floro Flores,Chievo,231,1488,30.555555555555557,62.75917065390748,0.5586592178770946,24.137931034482758,18.83116883116883,28.03376714737953,58.66983372921615,20.689655172413794,20.06822057987493,25.53191489361702,31.818181818181817,23.946840521564685,25.50143266475645
Right Wing,27595,Carlos Mario Carbonero Mancilla,Sampdoria,234,1026,23.518518518518515,61.28389154704944,21.22905027932961,24.137931034482758,63.63636363636365,74.18220189940205,41.80522565320665,29.31034482758621,27.11768050028425,0.0,19.696969696969695,21.13841524573721,27.22063037249283
Right Wing,34565,Anthony Mounier,Bologna,240,2253,19.444444444444446,35.705741626794264,16.75977653631285,28.840125391849536,19.64285714285714,57.96693633485754,28.50356294536817,12.06896551724138,22.9107447413303,15.957446808510639,34.84848484848485,38.465396188565684,28.653295128939828
Left Wing,386651,Juan Ignacio Gómez Taleb,Hellas Verona,226,1777,14.629629629629628,81.22009569377991,11.173184357541901,28.840125391849536,30.519480519480524,47.73126978543792,54.63182897862232,0.0,5.855599772598068,5.319148936170214,16.666666666666668,13.91675025075225,26.361031518624646
Right Midfield,387472,Lorenzo Pasciuti,Carpi,1683,1787,8.888888888888888,69.65709728867623,44.6927374301676,33.22884012539185,60.55194805194806,43.826943369679924,8.788598574821854,25.862068965517242,15.463331438317224,10.638297872340427,40.909090909090914,58.47542627883651,34.957020057306586
Right Wing,3053,Leroy Sané,Schalke 04,181,2118,61.11111111111111,51.07655502392343,25.139664804469277,21.943573667711597,65.5844155844156,67.18255364052058,33.966745843230406,43.10344827586207,48.43661171119955,35.10638297872341,37.878787878787875,47.39217652958876,27.22063037249283
Right Wing,3275,Henrikh Mkhitaryan,Borussia Dortmund,180,2585,43.518518518518505,56.77830940988835,41.899441340782126,62.695924764890286,55.032467532467535,57.47449876890609,47.50593824228029,77.58620689655173,41.78510517339398,40.42553191489362,33.33333333333333,32.29689067201603,70.20057306590259
Left Wing,3499,Jean-Eric Maxim Choupo-Moting,Schalke 04,181,1940,63.703703703703695,76.35566188197768,51.396648044692725,38.87147335423198,48.05194805194806,35.1741118536757,42.51781472684086,15.517241379310345,42.922114837976125,28.723404255319153,43.939393939393945,44.082246740220654,38.39541547277937
Left Wing,5481,Mathew Leckie,Ingolstadt,189,2598,36.2962962962963,52.113237639553425,14.52513966480447,25.39184952978057,64.77272727272727,53.464650017587054,38.95486935866983,0.0,28.936895963615694,10.638297872340427,21.21212121212121,41.80040120361083,23.20916905444126
Left Midfield,5555,Julian Brandt,Bayer Leverkusen,904,1680,23.703703703703702,47.98644338118022,29.60893854748603,42.6332288401254,41.88311688311689,50.47485051002462,20.190023752969125,27.58620689655173,39.16998294485503,51.06382978723404,65.15151515151516,43.45536609829488,43.55300859598854
Left Wing,5559,Marco Reus,Borussia Dortmund,180,2205,19.25925925925926,43.38118022328548,29.05027932960893,47.64890282131661,14.772727272727273,33.02849103060148,24.46555819477435,20.689655172413794,18.874360432063675,51.06382978723404,39.39393939393939,21.238716148445334,46.99140401146132
Left Midfield,5591,Filip Kostić,VfB Stuttgart,174,2764,25.925925925925924,61.582934609250394,78.77094972067039,66.4576802507837,50.64935064935065,46.18360886387619,26.12826603325416,27.58620689655173,54.40591245025583,17.021276595744684,30.303030303030305,85.33099297893679,65.32951289398281
Right Midfield,5632,Thorgan Hazard,Borussia Mönchengladbach,185,1748,32.03703703703704,81.22009569377991,13.966480446927374,43.88714733542321,27.435064935064936,72.4938445304256,25.17814726840855,25.862068965517242,35.531552018192144,21.276595744680854,10.606060606060606,56.318956870611835,44.69914040114613
Right Wing,5697,Genki Haraguchi,Hertha Berlin,173,2584,30.740740740740733,67.92264752791068,37.988826815642454,19.122257053291538,30.84415584415584,55.08265916285614,24.46555819477435,17.24137931034483,32.7458783399659,6.382978723404255,25.757575757575758,57.347041123370104,20.343839541547275
Left Midfield,5837,Douglas Costa de Souza,Bayern Munich,169,2101,42.59259259259259,49.70095693779904,83.24022346368714,42.31974921630094,37.82467532467533,26.697150896939846,16.1520190023753,65.51724137931035,78.90847072200114,18.085106382978726,34.84848484848485,56.394182547642934,49.5702005730659
Left Wing,6925,Jairo Samperio Bustara,FSV Mainz 05,177,2408,26.296296296296294,31.060606060606055,9.497206703910614,20.68965517241379,49.188311688311686,50.93211396412241,39.42992874109264,24.13793103448276,29.61910176236498,27.659574468085108,45.45454545454546,62.487462387161465,23.20916905444126
Left Midfield,7039,Hakan Çalhanoğlu,Bayer Leverkusen,904,2503,16.481481481481485,62.75917065390748,55.3072625698324,77.4294670846395,45.616883116883116,43.826943369679924,18.764845605700714,29.31034482758621,24.729960204661737,10.638297872340427,16.666666666666668,15.2457372116349,75.93123209169053
Right Midfield,8213,Karim Bellarabi,Bayer Leverkusen,904,2883,39.25925925925925,52.133173843700156,17.877094972067038,24.137931034482758,52.27272727272727,53.710868800562785,40.85510688836104,58.62068965517242,44.172825469016495,19.148936170212767,31.818181818181817,73.64593781344031,32.09169054441261
Left Wing,8215,Kevin Volland,Hoffenheim,175,2885,24.074074074074073,53.34928229665071,36.87150837988826,28.21316614420063,36.52597402597403,60.04220893422442,53.44418052256532,36.206896551724135,30.471859010801595,25.53191489361702,25.757575757575758,63.89167502507521,32.09169054441261
Right Midfield,8218,Arjen Robben,Bayern Munich,169,1284,20.555555555555554,59.708931419457734,32.402234636871505,46.70846394984326,12.987012987012989,9.883925430882869,14.72684085510689,12.06896551724138,52.75724843661172,29.787234042553195,7.575757575757577,58.19959879638916,44.69914040114613
Left Midfield,8219,Admir Mehmedi,Bayer Leverkusen,904,1300,36.85185185185185,93.30143540669856,43.575418994413404,52.35109717868339,51.78571428571428,60.46429827646852,25.890736342042757,58.62068965517242,33.769187038089825,13.829787234042554,28.787878787878785,37.2617853560682,57.879656160458445
Right Wing,8302,Nicolai Müller,Hamburger SV,171,2507,17.037037037037035,47.98644338118022,18.99441340782123,16.300940438871475,32.62987012987013,65.45902215969048,22.090261282660336,29.31034482758621,17.964752700397955,34.04255319148937,48.484848484848484,63.841524573721166,20.057306590257877
Left Wing,8303,Caiuby Francisco da Silva,Augsburg,172,2316,28.148148148148145,67.92264752791068,16.201117318435756,34.1692789968652,43.50649350649351,50.61554695743933,25.653206650831358,25.862068965517242,17.566799317794203,15.957446808510639,28.787878787878785,20.436308926780335,35.53008595988538
Left Midfield,8311,Jonathan Schmid,Hoffenheim,175,1486,2.592592592592592,0.31897926634768764,13.966480446927374,39.49843260188088,26.785714285714285,39.57087583538515,25.653206650831358,0.0,12.905059693007386,25.53191489361702,42.42424242424242,47.91875626880642,36.10315186246418
Right Wing,8387,Mark Uth,Hoffenheim,175,1484,13.888888888888888,32.25677830940988,7.262569832402235,20.37617554858934,13.961038961038966,70.80548716144916,22.802850356294535,10.344827586206897,8.754974417282547,51.06382978723404,53.03030303030303,12.788365095285862,20.343839541547275
Right Midfield,8389,Fin Bartels,Werder Bremen,176,2048,27.59259259259259,47.98644338118022,18.99441340782123,22.884012539184955,53.896103896103895,49.6306718255364,27.315914489311165,6.896551724137932,30.69926094371802,37.234042553191486,34.84848484848485,38.56569709127381,22.063037249283667
Right Midfield,8521,Daniel Caligiuri,Wolfsburg,179,1847,43.7037037037037,42.643540669856456,37.988826815642454,33.542319749216304,64.6103896103896,59.3387266971509,53.44418052256532,41.37931034482759,58.44229675952246,9.574468085106384,24.242424242424242,53.20962888665998,37.82234957020057
Right Midfield,8541,Kenan Karaman,Hannover 96,178,1755,21.48148148148148,53.84768740031897,20.111731843575416,16.300940438871475,57.954545454545446,45.62082307421737,37.29216152019003,17.24137931034483,27.11768050028425,15.957446808510639,19.696969696969695,53.9618856569709,18.051575931232087
Right Midfield,8554,Levin Mete Öztunali,Werder Bremen,176,1569,34.074074074074076,46.63078149920255,41.899441340782126,21.003134796238243,45.12987012987013,42.49032711924025,19.71496437054632,29.31034482758621,37.69187038089824,5.319148936170214,25.757575757575758,80.39117352056167,24.068767908309457
Right Wing,8555,Pablo Ezequiel De Blasis,FSV Mainz 05,177,1660,22.96296296296296,51.81419457735247,27.37430167597766,22.884012539184955,29.545454545454554,68.06190643686247,32.066508313539195,36.206896551724135,21.3757816941444,22.340425531914896,31.818181818181817,55.0902708124373,26.934097421203436
Right Wing,8574,Alexander Esswein,Augsburg,172,2036,20.370370370370374,51.41547049441786,41.340782122905026,34.1692789968652,20.616883116883116,46.887091100949704,28.50356294536817,6.896551724137932,22.171688459351902,13.829787234042554,34.84848484848485,36.93580742226679,32.37822349570201
Left Wing,8575,Salomon Armand Magloire Kalou,Hertha Berlin,173,2774,21.666666666666664,54.14673046251994,9.497206703910614,14.106583072100316,17.6948051948052,26.908195568061906,22.090261282660336,10.344827586206897,26.662876634451386,47.87234042553192,53.03030303030303,50.80240722166499,14.899713467048711
Right Midfield,8822,Simon Zoller,FC Köln,186,1301,2.2222222222222228,24.98006379585327,16.201117318435756,11.285266457680253,16.883116883116884,42.91241646148434,9.501187648456057,10.344827586206897,5.855599772598068,43.61702127659575,54.54545454545454,38.340020060180535,12.320916905444125
Left Midfield,8826,Leonardo Bittencourt,FC Köln,186,2505,15.74074074074074,47.98644338118022,21.22905027932961,25.39184952978057,17.045454545454547,82.44811818501583,52.01900237529691,24.13793103448276,27.79988629903354,10.638297872340427,21.21212121212121,47.41725175526579,27.22063037249283
Right Wing,9098,Christian Clemens,FSV Mainz 05,177,1848,12.037037037037036,42.743221690590104,29.60893854748603,36.677115987460816,31.33116883116883,66.69011607456912,12.826603325415679,15.517241379310345,14.894826606026152,25.53191489361702,37.878787878787875,55.867602808425254,36.38968481375358
Right Midfield,9401,Marcel Heller,Darmstadt 98,872,3061,12.222222222222221,53.22966507177034,43.016759776536304,14.106583072100316,45.12987012987013,50.68589518114668,22.565320665083135,24.13793103448276,21.034678794769757,18.085106382978726,37.878787878787875,82.72316950852557,17.191977077363898
Left Wing,9721,Valentin Stocker,Hertha Berlin,173,929,10.185185185185187,32.25677830940988,18.435754189944134,18.181818181818183,26.2987012987013,83.60886387618713,8.076009501187649,0.0,10.346787947697557,9.574468085106384,25.757575757575758,75.1755265797392,16.6189111747851
Left Wing,10281,André Schürrle,Wolfsburg,179,1946,25.0,39.91228070175439,22.905027932960895,20.06269592476489,33.60389610389611,38.76187126275062,23.752969121140143,22.413793103448278,34.56509380329732,43.61702127659575,45.45454545454546,41.39919759277832,22.349570200573066
Left Midfield,11134,Konstantin Rausch,Darmstadt 98,872,2503,0.5555555555555555,0.0,32.960893854748605,28.840125391849536,29.870129870129876,30.953218431234614,14.489311163895488,29.31034482758621,0.6253553155201813,7.446808510638299,31.818181818181817,29.388164493480435,31.51862464183381
Left Midfield,11283,Fabian Johnson,Borussia Mönchengladbach,185,2305,8.148148148148149,39.91228070175439,12.29050279329609,25.705329153605017,25.487012987012992,24.12944073162153,13.776722090261284,18.965517241379313,19.954519613416714,24.46808510638298,43.939393939393945,44.10732196589768,26.934097421203436
Right Midfield,11285,Ibrahima Traoré,Borussia Mönchengladbach,185,1566,59.62962962962962,75.55821371610844,48.04469273743017,55.172413793103445,42.532467532467535,55.715793176222306,48.45605700712589,8.620689655172415,41.671404206935755,18.085106382978726,28.787878787878785,25.827482447342014,52.14899713467048
Right Midfield,21156,Stefan Aigner,Eintracht Frankfurt,184,2501,7.777777777777778,23.066188197767143,29.05027932960893,14.106583072100316,18.83116883116883,44.91734083714386,37.52969121140142,24.13793103448276,10.6878908470722,10.638297872340427,19.696969696969695,45.28585757271814,17.191977077363898
Left Wing,24740,Ivo Iličević,Hamburger SV,171,2235,28.703703703703702,75.43859649122807,15.083798882681565,26.645768025078375,45.616883116883116,57.26345409778404,34.679334916864605,13.793103448275865,29.16429789653212,17.021276595744684,27.272727272727277,23.89669007021063,26.64756446991404
Right Wing,40464,Moritz Hartmann,Ingolstadt,189,2217,4.0740740740740735,39.67304625199362,10.614525139664805,18.181818181818183,18.506493506493506,43.58072458670419,27.315914489311165,6.896551724137932,0.0,51.06382978723404,34.84848484848485,8.62587763289869,17.765042979942695
Right Wing,400613,Leon Andreasen,Hannover 96,178,1207,0.0,47.98644338118022,9.497206703910614,21.943573667711597,24.188311688311693,40.94266619767851,10.926365795724466,12.06896551724138,8.527572484366116,14.893617021276597,27.272727272727277,43.12938816449346,22.063037249283667
Left Wing,5687,Takashi Inui,Eibar,322,1677,23.703703703703702,72.34848484848484,39.10614525139665,27.58620689655173,19.318181818181817,46.07808652831517,17.81472684085511,27.58620689655173,27.060830017055142,17.021276595744684,31.818181818181817,52.5827482447342,29.799426934097422
Right Midfield,26211,Joan Verdú Fernández,Levante UD,221,934,19.074074074074073,84.70893141945773,29.05027932960893,45.141065830721,55.68181818181819,30.5311290889905,21.615201900237533,15.517241379310345,25.52586696986924,9.574468085106384,33.33333333333333,27.13139418254764,44.126074498567334
Right Wing,3083,Heung-Min Son,Tottenham Hotspur,38,1226,28.518518518518515,45.95295055821371,1.11731843575419,32.9153605015674,35.22727272727273,60.71051705944426,15.914489311163898,12.06896551724138,25.2416145537237,30.851063829787233,31.818181818181817,26.83049147442326,32.37822349570201
Left Wing,5474,Ivan Perišić,Inter Milan,238,2435,17.777777777777775,52.890749601275914,31.84357541899441,18.181818181818183,26.785714285714285,44.35455504748505,5.463182897862233,37.931034482758626,41.89880613985219,26.595744680851062,24.242424242424242,67.50250752256768,22.92263610315186
