main_position,player_id,player_name,team,team_id,minutes_played,tackle_success_rate,tackles_successful_per90,interceptions_per90,interception_success_rate,pressures_per90,chances_created_per90,pass_completion_rate,progressive_carries_per90,crosses_completed_per90,duels_won_per90,fouls_committed_per90,goals_scored_per90,goal_assists_per90,rating
Left Back,3023,Yuri Berchiche Izeta,Real Sociedad,210,1954,52.6031982149498,42.56198347107438,78.97727272727272,63.33333333333333,38.588110403397025,27.906976744186046,45.466534784042224,47.05539358600583,41.31736526946108,41.77777777777777,44.55782312925171,0.0,75.0,41.0239320828057
Right Back,3063,Danilo Luiz da Silva,Real Madrid,220,2136,66.21420602454447,62.39669421487603,74.43181818181817,60.903703703703705,26.433121019108285,25.193798449612398,77.48104187273327,47.28862973760932,37.724550898203596,63.55555555555556,53.06122448979592,24.242424242424242,87.5,44.426153589859645
Right Back,4324,Daniel Alves da Silva,Barcelona,217,2218,68.89178133134996,57.851239669421474,29.545454545454547,46.992592592592594,48.72611464968153,32.17054263565892,80.31651829871414,65.30612244897958,62.87425149700599,52.0,53.74149659863946,0.0,66.66666666666667,49.586943227702726
Right Back,4546,Dimitri Foulquier,Granada,1049,1491,59.42729639271105,44.62809917355371,43.18181818181818,17.51111111111111,46.12526539278132,23.255813953488374,50.840751730959454,33.469387755102034,25.149700598802394,44.888888888888886,52.04081632653062,18.18181818181818,25.0,34.87537856256919
Left Back,5211,Jordi Alba Ramos,Barcelona,217,2679,72.18296764596505,30.578512396694208,33.52272727272727,42.63703703703704,20.912951167728245,25.968992248062012,83.21793603692717,46.99708454810496,37.724550898203596,33.33333333333333,19.387755102040817,0.0,83.33333333333334,38.965546153182565
Left Back,5552,Marcelo Vieira da Silva Júnior,Real Madrid,220,2597,74.20974339903312,59.09090909090908,69.88636363636364,51.955555555555556,18.73673036093419,62.01550387596898,68.51302340916585,75.27696793002914,51.49700598802396,62.66666666666666,19.047619047619047,18.18181818181818,41.66666666666667,51.733313258980296
Left Back,5588,Antonio Rukavina,Villarreal,222,1302,30.847898847155076,27.272727272727266,46.02272727272727,41.7037037037037,15.498938428874734,5.426356589147288,54.43455324760965,10.379008746355684,0.0,25.33333333333333,39.1156462585034,0.0,0.0,16.53549018914451
Right Back,5721,Daniel Carvajal Ramos,Real Madrid,220,1756,42.673856452212725,23.553719008264462,85.22727272727273,79.71851851851852,43.15286624203822,61.240310077519375,84.86646884273,54.052478134110785,91.61676646706587,22.666666666666668,55.442176870748305,0.0,83.33333333333334,47.95873132223721
Left Back,6320,Filipe Luís Kasmirski,Atlético Madrid,212,2977,72.3503161026404,90.9090909090909,100.0,73.05185185185185,47.08067940552018,31.3953488372093,60.23738872403565,74.28571428571428,30.538922155688624,94.66666666666667,32.31292517006803,9.09090909090909,50.0,55.63703076399486
Right Back,6375,Juan Francisco Torres Belén,Atlético Madrid,212,3162,44.27296392711046,26.033057851239672,59.65909090909089,56.25185185185185,14.278131634819541,26.35658914728682,49.19221892515662,30.49562682215743,61.07784431137725,25.33333333333333,38.0952380952381,6.0606060606060606,8.333333333333334,30.34931739054698
Right Back,6379,Sergi Roberto Carnicer,Barcelona,217,1935,41.74414280401637,35.537190082644614,29.545454545454547,54.10370370370371,50.15923566878981,28.294573643410853,85.9874711506759,52.186588921282784,24.550898203592812,36.00000000000001,26.190476190476193,0.0,95.83333333333334,41.37502270007317
Right Back,6386,Eneko Bóveda Altube,Athletic Club,215,1396,39.8475269616958,40.49586776859503,94.31818181818181,55.48148148148149,53.29087048832272,22.48062015503876,49.12627761292452,53.002915451895035,49.700598802395206,37.333333333333336,42.51700680272109,0.0,0.0,38.55329293864675
Left Back,6392,Íñigo Lekue Martínez,Athletic Club,215,1115,67.9620676831536,80.99173553719005,64.20454545454545,59.25925925925925,57.11252653927814,31.782945736434108,43.09264754368615,48.62973760932944,67.66467065868264,81.77777777777777,29.931972789115648,24.242424242424242,0.0,52.50815812038385
Right Back,6569,Roberto José Rosales Altuve,Málaga,223,3260,47.37820751208628,55.78512396694213,64.20454545454545,66.22222222222223,31.157112526539283,17.829457364341085,38.60863831190244,31.195335276967924,27.54491017964072,57.333333333333336,30.952380952380953,0.0,33.333333333333336,35.58087293797206
Left Back,6596,José Luis Gayà Peña,Valencia,207,1397,41.48382298252139,64.46280991735537,35.22727272727273,56.13333333333333,42.62208067940553,32.55813953488372,58.85262116716126,42.0408163265306,38.32335329341318,68.88888888888889,25.170068027210885,0.0,0.0,40.596158782035026
Right Back,6605,Joseba Zaldúa Bengoetxea,Real Sociedad,210,926,30.23428783934548,39.669421487603294,28.409090909090907,17.15555555555555,48.72611464968153,16.279069767441857,25.486317177711854,24.373177842565592,52.09580838323353,40.444444444444436,76.87074829931973,0.0,0.0,28.867966354475556
Left Back,6612,Rubén Duarte Sánchez,Espanyol,214,1955,54.834510970621054,55.78512396694213,63.06818181818181,33.511111111111106,41.45435244161359,15.503875968992247,36.861193537751426,22.040816326530603,32.93413173652695,56.00000000000001,52.38095238095239,0.0,16.666666666666668,33.13062465102403
Right Back,6627,Damián Nicolás Suárez Suárez,Getafe,216,2796,54.14652287095575,47.10743801652891,55.68181818181819,60.903703703703705,49.89384288747346,32.55813953488372,50.6429277942631,25.481049562682212,24.550898203592812,50.222222222222214,48.9795918367347,0.0,37.5,37.280589644863696
Right Back,6649,Óscar de Marcos Arana,Athletic Club,215,3067,45.425808850873935,51.652892561983464,80.11363636363636,63.644444444444446,56.90021231422505,18.992248062015506,40.38905374216947,32.59475218658891,45.50898203592815,53.77777777777778,34.35374149659864,6.0606060606060606,33.333333333333336,40.81160309297006
Right Back,6663,Antonio Barragán Fernández,Valencia,207,1772,62.56972852361473,46.28099173553718,67.04545454545455,54.548148148148144,36.252653927813164,13.178294573643413,55.09396636993079,31.60349854227405,23.952095808383238,49.77777777777778,65.3061224489796,0.0,0.0,31.90236341059028
Right Back,6672,Jorge Andújar Moreno,Sevilla,213,1864,46.336928226106366,33.47107438016529,50.0,60.162962962962965,36.88959660297241,12.4031007751938,38.476755687438185,37.37609329446064,14.37125748502994,33.77777777777778,51.70068027210885,12.121212121212121,16.666666666666668,30.36482170397065
Left Back,6674,Alberto De La Bella Madureño,Real Sociedad,210,1299,22.38750464856824,24.793388429752067,46.59090909090909,34.56296296296296,21.868365180467098,18.992248062015506,44.41147378832839,28.22157434402332,32.93413173652695,25.77777777777778,43.87755102040817,0.0,0.0,23.296597169777755
Left Back,6675,Antonio Manuel Luna Rodríguez,Eibar,322,1111,48.30792116028263,47.52066115702478,73.29545454545455,54.32592592592593,29.033970276008496,13.178294573643413,33.7619518628421,23.381924198250726,28.74251497005988,53.333333333333336,16.3265306122449,0.0,33.333333333333336,33.16126006507277
Right Back,6679,Aritz Elustondo Irribaria,Real Sociedad,210,2786,48.04760133878766,36.77685950413222,72.1590909090909,59.25925925925925,32.53715498938429,12.4031007751938,46.62050774810419,32.18658892128279,30.538922155688624,39.11111111111111,32.99319727891156,9.09090909090909,0.0,31.32532665344763
Right Back,6699,Ander Capa Rodríguez,Eibar,322,3160,52.11974711788769,57.851239669421474,87.5,49.28888888888889,37.15498938428875,19.37984496124031,5.440158259149376,50.787172011661795,35.32934131736527,50.66666666666666,51.70068027210885,15.151515151515152,45.833333333333336,39.76209905426107
Left Back,6718,Sergio Escudero Palomo,Sevilla,213,1212,19.431015247303836,36.36363636363635,71.02272727272727,72.93333333333334,45.54140127388535,43.410852713178286,39.33399274645568,45.24781341107871,57.48502994011976,41.333333333333336,60.204081632653065,21.21212121212121,0.0,38.29965578996003
Left Back,6734,Luis Carlos Correia Pinto,RC Deportivo La Coruña,219,1029,45.016734845667536,56.19834710743801,30.113636363636363,22.22222222222222,58.17409766454353,10.852713178294575,23.508077810748468,50.495626822157426,15.568862275449103,58.666666666666664,65.64625850340136,0.0,0.0,34.94967191092588
Right Back,6738,Juan Francisco Moreno Fuertes,RC Deportivo La Coruña,219,2791,60.33841576794349,35.537190082644614,77.84090909090908,50.696296296296296,22.505307855626327,20.155038759689923,30.629739531816707,38.54227405247813,30.538922155688624,38.66666666666667,8.503401360544217,9.09090909090909,0.0,33.468091326679826
Right Back,6772,Mario Gaspar Pérez Martínez,Villarreal,222,2982,30.773521755299367,33.47107438016529,32.95454545454546,26.56296296296296,18.895966029723997,8.13953488372093,46.653478404220266,30.670553935860053,8.982035928143713,36.88888888888889,28.2312925170068,18.18181818181818,12.5,24.03760429083988
Left Back,6776,David Juncà Reñé,Eibar,322,2327,55.78281889178134,52.89256198347106,61.36363636363635,54.22222222222223,39.96815286624204,27.51937984496124,20.178041543026723,45.306122448979586,50.898203592814376,55.55555555555556,51.02040816326531,0.0,62.5,42.696455887915896
Left Back,6784,Antonio García Aranda,Levante UD,221,2417,64.78244700632206,27.272727272727266,60.79545454545454,45.65925925925926,25.79617834394905,30.620155038759687,37.65248928453677,47.5801749271137,44.31137724550898,26.666666666666668,61.564625850340136,0.0,29.166666666666668,34.6712189538008
Right Back,6787,Pedro López Muñoz,Levante UD,221,1491,36.64931201190034,22.314049586776857,53.40909090909092,46.6962962962963,34.6072186836518,4.651162790697675,54.73128915265417,25.014577259475217,21.55688622754491,23.555555555555557,47.61904761904762,18.18181818181818,0.0,24.56321687233109
Left Back,6789,Mikel Balenziaga Oruesagasti,Athletic Club,215,3070,43.566381554481225,34.71074380165288,74.99999999999999,63.94074074074073,42.62208067940553,23.64341085271318,52.48928453676229,31.895043731778422,41.91616766467065,34.22222222222222,37.41496598639456,0.0,33.333333333333336,35.24087948555294
Right Back,6791,Javier López Rodríguez,Espanyol,214,2603,60.15247303830421,63.22314049586776,91.47727272727272,80.34074074074074,47.45222929936306,9.689922480620154,36.564457632706905,26.705539358600582,30.538922155688624,67.11111111111111,61.564625850340136,0.0,25.0,38.22287094658038
Left Back,6802,Jonathan Castro Otto,Celta Vigo,209,3170,49.38638899219042,38.016528925619824,92.04545454545455,65.95555555555555,51.0615711252654,21.70542635658915,68.84272997032645,40.29154518950437,21.55688622754491,39.11111111111111,41.83673469387755,6.0606060606060606,45.833333333333336,37.58041317502089
Right Back,6805,Hugo Mallo Novegil,Celta Vigo,209,3075,38.862030494607666,44.21487603305785,61.93181818181818,46.34074074074074,49.36305732484077,13.178294573643413,59.1163864160897,27.3469387755102,17.365269461077844,44.44444444444444,54.08163265306123,6.0606060606060606,45.833333333333336,32.30989948816382
Left Back,6828,Jaume Vicent Costa Jordá,Villarreal,222,1584,38.09966530308665,48.347107438016515,85.79545454545455,58.62222222222222,25.47770700636943,6.2015503875969,59.80877019452687,19.999999999999996,6.58682634730539,49.33333333333334,42.85714285714286,15.151515151515152,20.833333333333336,26.848645352484862
Left Back,6856,Carlos Martín Vigaray,Getafe,216,1300,49.739680178505026,61.98347107438016,50.0,53.333333333333336,41.29511677282379,16.279069767441857,48.03824596109465,18.483965014577254,7.784431137724551,59.555555555555564,48.63945578231293,18.18181818181818,0.0,31.545694272393796
Right Back,6865,Francisco José Molinero Calderón,Real Betis,218,1396,72.66641874302717,48.76033057851238,57.38636363636363,67.22962962962963,24.840764331210192,12.4031007751938,48.59874711506762,21.749271137026234,19.16167664670659,45.77777777777778,55.782312925170075,0.0,25.0,31.249785078654593
Left Back,6878,Miguel Torres Gómez,Málaga,223,2046,46.262551134250664,43.801652892561975,25.0,24.237037037037037,22.983014861995755,14.34108527131783,32.93768545994069,4.723032069970843,17.964071856287426,41.333333333333336,31.63265306122449,0.0,33.333333333333336,24.632979709399315
Left Back,6913,Fernando Navarro i Corbacho,RC Deportivo La Coruña,219,3256,51.22722201561919,50.41322314049586,73.86363636363636,69.14074074074075,24.04458598726115,10.465116279069768,44.18067919551601,23.673469387755098,9.580838323353294,47.55555555555556,34.01360544217687,0.0,20.833333333333336,29.35926611223187
Left Back,6914,Roberto Román Triguero,Rayo Vallecano,360,2694,57.54927482335442,21.900826446280988,44.31818181818182,54.10370370370371,28.927813163481957,19.37984496124031,57.434882954170796,21.982507288629733,21.55688622754491,24.444444444444446,39.79591836734694,9.09090909090909,41.66666666666667,29.27790249048584
Right Back,6927,David García Santana,Las Palmas,208,1674,47.37820751208628,31.818181818181813,68.75,53.05185185185185,8.651804670912956,14.34108527131783,61.09462578305309,13.002915451895044,15.568862275449103,31.555555555555554,18.02721088435374,30.303030303030305,20.833333333333336,25.031538400964255
Left Back,6932,Dani Castellano Betancor,Las Palmas,208,2325,49.46076608404612,38.4297520661157,94.31818181818181,59.25925925925925,26.06157112526539,13.953488372093023,63.105835806132546,54.169096209912524,16.167664670658684,36.88888888888889,32.6530612244898,0.0,0.0,31.933478406889616
Left Back,6935,Adrián Marín Gómez,Villarreal,222,933,59.42729639271105,78.92561983471073,44.31818181818182,25.925925925925924,33.7579617834395,19.767441860465116,49.09330695680845,28.046647230320694,28.74251497005988,83.11111111111111,37.07482993197279,0.0,0.0,36.76436357693194
Right Back,7005,João Pedro Cavaco Cancelo,Valencia,207,2322,49.55373744886575,46.694214876033044,81.25,63.55555555555556,36.62420382165605,21.70542635658915,47.279920870425336,51.77842565597667,32.33532934131737,52.444444444444436,55.102040816326536,9.09090909090909,62.5,40.201220116075135
Left Back,7158,Cristiano Biraghi,Granada,1049,2988,28.988471550762362,29.752066115702476,36.36363636363637,49.37777777777777,17.834394904458605,16.279069767441857,26.013847675568748,22.157434402332356,28.74251497005988,27.555555555555557,42.51700680272109,0.0,12.5,23.61097743493857
Left Back,7577,Carles Planas Antolínez,Celta Vigo,209,1676,44.27296392711046,60.74380165289255,65.34090909090908,46.08888888888889,65.87048832271762,13.953488372093023,54.13781734256513,40.52478134110786,22.15568862275449,60.44444444444444,30.952380952380953,0.0,41.66666666666667,40.91929779901743
Right Back,7906,David Simón Rodríguez Santana,Las Palmas,208,2236,83.48828560803273,47.10743801652891,22.727272727272727,24.237037037037037,48.089171974522294,30.23255813953488,57.467853610286866,32.53644314868804,35.92814371257485,49.33333333333334,61.564625850340136,12.121212121212121,33.333333333333336,39.7537940807177
Right Back,8801,Iván López Mendoza,Levante UD,221,933,67.18110821866865,75.20661157024793,50.0,57.51111111111111,33.28025477707006,12.4031007751938,31.091328717441503,33.11953352769679,11.377245508982037,78.66666666666666,56.80272108843538,0.0,0.0,35.71853044231233
Left Back,11298,José Ignacio Martínez García,Rayo Vallecano,360,2040,65.563406470807,42.148760330578504,47.72727272727273,54.459259259259255,40.23354564755839,14.728682170542633,38.87240356083088,21.749271137026234,13.17365269461078,43.55555555555555,45.57823129251701,0.0,0.0,30.551041621705323
Right Back,11634,Cristiano Piccini,Real Betis,218,1495,66.95797694310153,64.46280991735537,67.04545454545455,67.5851851851852,27.707006369426757,27.906976744186046,48.82954170788,46.35568513119532,46.706586826347305,63.55555555555556,55.782312925170075,0.0,0.0,40.43539744088088
Right Back,16332,Ognjen Vranješ,Sporting Gijón,1041,929,47.37820751208628,67.35537190082643,66.47727272727272,41.7037037037037,57.6963906581741,1.1627906976744187,27.332673920211036,5.655976676384839,11.377245508982037,70.66666666666667,100.0,0.0,0.0,28.014299918951288
Right Back,20064,Hugo Miguel Almeida Costa Lopes,Granada,1049,2153,47.15507623651916,70.24793388429751,59.09090909090909,48.8,36.3588110403397,18.6046511627907,47.279920870425336,30.553935860058306,11.976047904191619,76.0,38.435374149659864,0.0,16.666666666666668,35.27445088547507
Right Back,21210,Mariano Ferreira Filho,Sevilla,213,1673,57.73521755299368,56.19834710743801,62.499999999999986,56.13333333333333,24.363057324840764,43.410852713178286,29.047148038245968,35.91836734693877,86.82634730538922,53.333333333333336,47.61904761904762,0.0,41.66666666666667,43.49175376567591
Right Back,23800,Laureano Sanabria Ruiz,RC Deportivo La Coruña,219,1483,77.40795834882857,70.24793388429751,67.61363636363636,44.44444444444444,38.21656050955415,16.279069767441857,44.41147378832839,23.4402332361516,32.33532934131737,66.66666666666666,50.0,0.0,0.0,36.752040390718406
Left Back,24132,Francisco Miguel Varela Martín,Real Betis,218,934,33.65563406470808,15.289256198347106,33.52272727272727,31.377777777777776,14.278131634819541,31.007751937984494,40.48796571051764,18.483965014577254,46.10778443113773,14.22222222222222,13.945578231292515,0.0,0.0,24.049726550256388
Right Back,24138,Joaquín José Marín Ruiz,Rayo Vallecano,360,2044,65.73075492748235,100.0,62.499999999999986,50.37037037037037,66.24203821656052,14.728682170542633,22.25519287833828,26.297376093294456,17.964071856287426,100.0,61.904761904761905,0.0,16.666666666666668,43.97987679852325
Left Back,24263,Ismael López Blanco,Sporting Gijón,1041,2601,67.47861658609149,56.19834710743801,69.88636363636364,72.72592592592592,42.88747346072187,22.868217054263567,34.289482360699,49.32944606413993,32.93413173652695,60.88888888888889,27.210884353741495,18.18181818181818,0.0,43.24428369837839
Left Back,26023,Juan Francisco García García,Levante UD,221,1773,72.66641874302717,35.537190082644614,67.04545454545455,76.1925925925926,5.201698513800427,7.364341085271317,13.979558193208074,21.807580174927114,17.964071856287426,40.444444444444436,27.210884353741495,0.0,20.833333333333336,28.162930998953616
Left Back,26448,Javier Garrido Behovide,Las Palmas,208,1674,39.8475269616958,16.11570247933884,47.159090909090914,75.3037037037037,8.333333333333334,10.077519379844961,76.06330365974286,27.1137026239067,22.15568862275449,19.555555555555554,23.809523809523807,0.0,20.833333333333336,23.90284523091369
Right Back,26633,Alberto Lora Ramos,Sporting Gijón,1041,2424,43.882484194867985,42.56198347107438,73.29545454545455,57.37777777777777,38.05732484076433,26.35658914728682,45.730300032970675,16.44314868804664,26.34730538922156,46.22222222222223,36.054421768707485,0.0,45.833333333333336,32.94186476535541
Left Back,26780,Guilherme Magdalena Siqueira,Valencia,207,1398,63.09036816660469,40.49586776859503,53.97727272727273,46.82962962962963,19.320594479830152,5.038759689922481,62.149686778766934,49.50437317784256,22.754491017964074,43.111111111111114,38.0952380952381,0.0,0.0,31.18473111236047
Left Back,27054,Roberto Lago Soto,Getafe,216,1578,78.98847155076237,50.826446280991725,60.22727272727272,55.022222222222226,30.891719745222936,21.70542635658915,62.05077481041875,19.067055393586003,20.359281437125752,52.0,44.89795918367348,0.0,45.833333333333336,35.13833633791276
Left Back,27241,Víctor Guillermo Álvarez Delgado,Espanyol,214,2323,63.555224990702875,38.4297520661157,34.65909090909091,40.548148148148144,36.62420382165605,18.6046511627907,21.101219914276314,20.758017492711364,16.167664670658684,42.22222222222222,45.91836734693878,9.09090909090909,29.166666666666668,31.228164933037597
Left Back,27335,Arthur Etienne Boka,Málaga,223,1115,39.8475269616958,17.355371900826444,50.0,47.659259259259265,16.401273885350317,13.178294573643413,49.42301351796904,38.30903790087463,23.952095808383238,17.333333333333336,41.15646258503402,0.0,0.0,23.830580264391905
Left Back,27347,Juan Manuel Vargas Risco,Real Betis,218,1866,21.253253997768688,7.438016528925619,50.0,46.34074074074074,0.0,44.1860465116279,28.750412133201447,26.6472303206997,48.50299401197605,8.0,40.47619047619048,27.27272727272727,37.5,25.09507870355238
Left Back,27483,Benoît Trémoulinas,Sevilla,213,2232,58.44179992562292,17.355371900826444,29.545454545454547,55.83703703703703,3.2908704883227182,27.131782945736433,41.80679195515993,35.91836734693877,47.904191616766475,15.555555555555555,10.884353741496597,0.0,50.0,31.40012143947571
Right Back,3052,Pablo Javier Zabaleta Girod,Manchester City,36,1125,75.60431387132765,76.8595041322314,36.36363636363637,53.70370370370371,39.3312101910828,0.7751937984496126,73.72238707550281,21.107871720116616,9.580838323353294,74.22222222222223,38.0952380952381,0.0,33.333333333333336,36.3741842619167
Left Back,3062,Aaron Cresswell,West Ham United,40,3493,48.30792116028263,12.8099173553719,24.431818181818183,48.34074074074074,12.791932059447984,42.24806201550387,46.58753709198816,25.422740524781336,43.11377245508982,16.0,17.006802721088434,15.151515151515152,41.66666666666667,30.74727831038233
Left Back,3065,Paul Dummett,Newcastle United,37,2165,21.253253997768688,28.51239669421487,21.022727272727273,30.725925925925928,37.314225053078566,2.3255813953488373,37.4216946917244,11.370262390670552,11.976047904191619,23.555555555555557,18.36734693877551,12.121212121212121,0.0,20.863326391977708
Left Back,3086,Ben Davies,Tottenham Hotspur,38,1314,17.404239494235778,18.595041322314046,18.749999999999996,51.185185185185176,37.20806794055201,39.922480620155035,47.70853939993406,34.9271137026239,44.91017964071857,22.22222222222222,38.775510204081634,0.0,54.16666666666667,32.524758592713766
Right Back,3205,Kyle Walker,Tottenham Hotspur,38,3093,51.33878765340276,47.52066115702478,50.0,45.58518518518519,41.932059447983015,35.65891472868217,50.18133860863831,29.50437317784256,38.32335329341318,46.666666666666664,27.210884353741495,6.0606060606060606,20.833333333333336,37.553682197210705
Right Back,3270,Danny Simpson,Leicester City,22,2818,43.566381554481225,21.900826446280988,56.81818181818182,52.94814814814816,24.840764331210192,5.038759689922481,33.03659742828886,3.615160349854226,5.389221556886228,21.333333333333332,29.25170068027211,0.0,0.0,19.081022011329843
Left Back,3306,Nathan Aké,Watford,23,1887,38.676087764968386,64.46280991735537,35.79545454545455,62.96296296296296,43.15286624203822,10.465116279069768,23.837784371909017,21.224489795918362,13.77245508982036,60.88888888888889,44.55782312925171,12.121212121212121,0.0,31.786316301582165
Right Back,3316,James Tomkins,West Ham United,40,2172,38.45295648940127,43.801652892561975,25.568181818181817,62.07407407407407,26.273885350318476,13.565891472868216,54.33564127926147,20.524781341107868,7.18562874251497,38.22222222222222,19.727891156462583,0.0,0.0,26.069861686923293
Left Back,3321,Patrick van Aanholt,Sunderland,41,3106,71.56935663815545,53.30578512396693,59.65909090909089,81.48148148148148,34.66029723991508,31.007751937984494,41.80679195515993,29.037900874635564,34.131736526946106,55.55555555555556,12.244897959183673,33.33333333333333,45.833333333333336,43.866621548693324
Right Back,3329,Cédric Ricardo Alves Soares,Southampton,25,2168,60.059501673484576,59.50413223140495,32.95454545454546,83.24444444444444,44.055201698513805,37.5968992248062,19.749423013518,29.73760932944606,61.67664670658684,64.44444444444444,26.870748299319725,0.0,33.333333333333336,45.907228944619334
Right Back,3340,Kyle Naughton,Swansea City,26,1788,32.093715135738194,33.05785123966942,38.06818181818182,87.33333333333334,44.426751592356695,34.496124031007746,56.05011539729641,38.25072886297376,32.93413173652695,37.777777777777786,35.374149659863946,0.0,62.5,38.50764868206157
Left Back,3345,Charlie Daniels,AFC Bournemouth,28,3484,28.226106359241353,24.793388429752067,17.045454545454543,62.96296296296296,25.265392781316347,33.333333333333336,59.314210352786056,52.65306122448978,43.11377245508982,26.666666666666668,4.0816326530612255,21.21212121212121,50.0,37.566097979892795
Right Back,3349,Michail Antonio,West Ham United,40,2170,65.87950911119376,42.148760330578504,63.636363636363626,54.60740740740741,41.77282377919321,32.94573643410853,12.95746785361031,37.72594752186589,41.91616766467065,40.444444444444436,32.31292517006803,100.0,50.0,45.7655635889965
Right Back,3443,Joel Ward,Crystal Palace,31,2819,53.941985868352546,37.60330578512396,46.02272727272727,58.62222222222222,39.54352441613589,14.728682170542633,43.91691394658756,29.271137026239064,24.550898203592812,39.55555555555555,43.19727891156463,18.18181818181818,12.5,32.78541476004058
Right Back,3448,Martin Kelly,Crystal Palace,31,1035,42.506507995537376,52.06611570247933,19.886363636363637,32.10370370370371,32.696390658174096,7.751937984496124,40.619848334981896,18.717201166180754,10.179640718562876,54.222222222222214,26.870748299319725,0.0,0.0,27.04302322107825
Left Back,3467,Erik Pieters,Stoke City,30,3286,40.62848642618074,55.371900826446264,52.84090909090909,44.44444444444444,53.76857749469214,17.829457364341085,45.5654467523904,33.11953352769679,22.754491017964074,56.888888888888886,55.782312925170075,0.0,8.333333333333334,34.46171730704852
Left Back,3498,Ignacio Monreal Eraso,Arsenal,1,3375,58.88806247675716,42.56198347107438,64.77272727272727,73.62962962962963,27.2823779193206,26.35658914728682,72.23870755028024,27.930029154518948,39.52095808383234,40.888888888888886,21.7687074829932,0.0,33.333333333333336,36.23512286830466
Right Back,3511,Héctor Bellerín Moruno,Arsenal,1,3374,48.84715507623653,24.793388429752067,21.022727272727273,33.33333333333333,18.524416135881104,22.48062015503876,72.40356083086057,51.72011661807579,34.73053892215569,26.666666666666668,16.3265306122449,6.0606060606060606,54.16666666666667,33.91055118900897
Left Back,3515,Alberto Moreno Pérez,Liverpool,24,2635,49.68389735961324,53.71900826446281,31.818181818181824,35.837037037037035,45.010615711252655,74.4186046511628,56.74249917573363,32.069970845481045,62.87425149700599,56.888888888888886,35.034013605442176,9.09090909090909,54.16666666666667,46.83763259585882
Left Back,3518,Leighton Baines,Everton,29,1507,58.44179992562292,31.818181818181813,39.20454545454546,50.62222222222223,57.6963906581741,46.12403100775194,54.07187603033302,39.3002915451895,42.51497005988024,31.11111111111111,6.462585034013604,33.33333333333333,20.833333333333336,43.87591782459402
Left Back,3520,Jeffrey Schlupp,Leicester City,22,1329,10.171067311268128,32.231404958677686,22.159090909090907,50.14814814814815,36.78343949044586,42.24806201550387,29.212001318826243,55.74344023323615,52.69461077844312,36.88888888888889,35.714285714285715,18.18181818181818,54.16666666666667,39.02998247001395
Right Back,3523,Craig Dawson,West Bromwich Albion,27,3577,42.30197099293418,28.099173553719005,27.84090909090909,47.80740740740741,25.84925690021232,19.767441860465116,7.3854269699967094,12.536443148688047,35.92814371257485,28.000000000000004,26.190476190476193,30.303030303030305,0.0,27.3585674176165
Left Back,3541,Chris Brunt,West Bromwich Albion,27,1890,33.65563406470808,14.87603305785124,17.045454545454543,49.37777777777777,18.524416135881104,32.55813953488372,17.738212990438544,20.93294460641399,45.50898203592815,16.0,31.63265306122449,0.0,58.333333333333336,28.23860423028315
Left Back,3576,Martin Olsson,Norwich City,56,1880,37.18854592785423,21.074380165289252,46.59090909090909,70.9037037037037,18.04670912951168,12.4031007751938,2.3409165842400292,25.014577259475217,37.125748502994014,18.666666666666668,40.13605442176871,12.121212121212121,37.5,27.070761224040723
Right Back,3590,Rhu-endly Martina,Southampton,25,1033,45.314243213090364,52.06611570247933,64.20454545454545,37.27407407407407,47.61146496815287,37.98449612403101,39.070227497527235,22.332361516034982,62.27544910179641,58.22222222222222,38.775510204081634,24.242424242424242,33.333333333333336,41.27823689615364
Left Back,3594,Danny Rose,Tottenham Hotspur,38,2250,61.100780959464494,58.67768595041321,38.06818181818182,58.34074074074075,30.20169851380043,33.333333333333336,46.88427299703264,42.33236151603498,32.93413173652695,65.33333333333333,51.70068027210885,12.121212121212121,50.0,41.52221486775399
Left Back,3602,Faustino Marcos Alberto Rojo,Manchester United,39,1411,65.21011528449239,61.157024793388416,38.63636363636364,63.94074074074073,42.88747346072187,22.093023255813957,36.861193537751426,38.89212827988337,41.91616766467065,56.888888888888886,42.17687074829932,0.0,25.0,41.27380450976887
Right Back,3608,Simon Francis,AFC Bournemouth,28,3578,56.061732986240244,53.71900826446281,48.295454545454554,61.73333333333334,20.488322717622086,32.55813953488372,57.204088361358416,55.80174927113703,47.904191616766475,54.666666666666664,26.870748299319725,0.0,41.66666666666667,42.074996877026734
Right Back,3612,Ashley Young,Manchester United,39,1026,22.926738564522125,19.83471074380165,39.77272727272727,59.25925925925925,31.422505307855626,31.3953488372093,42.0375865479723,70.14577259475217,62.87425149700599,20.0,47.95918367346939,24.242424242424242,70.83333333333334,40.265402770532354
Right Back,3650,Daryl Janmaat,Newcastle United,37,3010,44.96095202677576,46.694214876033044,25.568181818181817,56.38518518518519,32.05944798301486,27.51937984496124,40.059347181008924,34.63556851311952,49.700598802395206,44.44444444444444,28.91156462585034,15.151515151515152,45.833333333333336,38.42442418228864
Left Back,3651,Matt Targett,Southampton,25,1223,34.38081071030123,11.570247933884295,32.95454545454546,48.8,14.755838641188964,11.627906976744185,43.62017804154304,8.279883381924199,47.904191616766475,8.444444444444445,4.421768707482992,0.0,29.166666666666668,22.946850972946002
Right Back,3658,DeAndre Yedlin,Sunderland,41,1978,44.27296392711046,28.925619834710737,28.97727272727273,44.44444444444444,56.05095541401274,18.6046511627907,14.573030003297072,24.31486880466472,18.562874251497007,31.11111111111111,40.81632653061225,0.0,16.666666666666668,30.771053898813022
Left Back,3725,José Holebas,Watford,23,1029,54.14652287095575,41.73553719008264,69.88636363636364,93.82222222222222,21.921443736730364,21.317829457364343,38.57566765578636,47.46355685131195,20.359281437125752,39.11111111111111,27.210884353741495,0.0,0.0,34.31856832879021
Left Back,3812,Christian Fuchs,Leicester City,22,2818,77.59390107846784,80.99173553719005,55.11363636363637,37.34814814814815,50.955414012738856,55.81395348837209,23.211341905703943,16.093294460641395,24.550898203592812,82.22222222222223,35.714285714285715,0.0,50.0,45.706683668825164
Left Back,3957,César Azpilicueta Tanco,Chelsea,33,3401,41.98586835254742,60.74380165289255,28.409090909090907,28.577777777777776,55.307855626326976,18.992248062015506,66.99637322782726,22.9737609329446,25.149700598802394,65.33333333333333,37.75510204081633,15.151515151515152,41.66666666666667,37.307590478962396
Right Back,3973,Àngel Rangel Zaragoza,Swansea City,26,1878,87.46746002231313,48.76033057851238,55.11363636363637,60.903703703703705,21.656050955414013,21.70542635658915,63.13880646224862,33.99416909620991,28.143712574850298,54.666666666666664,23.809523809523807,0.0,0.0,36.83858509342012
Right Back,3991,Allan Romeo Nyom,Watford,23,2734,58.44179992562292,64.87603305785123,30.681818181818183,61.170370370370364,26.433121019108285,7.751937984496124,15.95779756017146,23.79008746355685,17.365269461077844,66.22222222222223,37.07482993197279,0.0,12.5,32.585182906554124
Left Back,4347,Jordan Amavi,Aston Villa,59,852,49.14466344365936,83.47107438016528,36.93181818181818,44.44444444444444,53.02547770700639,30.23255813953488,46.06000659413122,56.326530612244895,50.29940119760479,82.66666666666667,59.183673469387756,0.0,87.5,50.44872246039535
Right Back,4587,Matteo Darmian,Manchester United,39,2250,56.749721085905556,73.55371900826445,34.09090909090909,38.44444444444445,40.392781316348206,14.728682170542633,57.171117705242345,31.311953352769677,28.74251497005988,72.44444444444444,36.734693877551024,12.121212121212121,0.0,37.39148055228143
Right Back,4589,Séamus Coleman,Everton,29,2537,64.16883599851246,47.52066115702478,41.477272727272734,65.02222222222223,29.405520169851386,18.217054263565892,63.96307286515004,57.9008746355685,33.53293413173653,51.55555555555556,22.10884353741497,9.09090909090909,29.166666666666668,41.27797799572042
Right Back,4590,Nathaniel Edwin Clyne,Liverpool,24,3106,51.004090740052064,37.60330578512396,23.295454545454543,42.32592592592593,34.819532908704886,29.069767441860467,57.33597098582263,48.62973760932944,22.15568862275449,39.11111111111111,14.96598639455782,6.0606060606060606,0.0,35.20264893813787
Right Back,4724,Glen Johnson,Stoke City,30,2346,72.18296764596505,36.36363636363635,40.909090909090914,74.07407407407408,10.456475583864123,25.581395348837205,57.3689416419387,27.172011661807577,25.149700598802394,40.0,12.585034013605442,0.0,45.833333333333336,34.11997993408314
Left Back,4884,Pape N''Diaye Souaré,Crystal Palace,31,3196,10.803272592041658,0.0,43.18181818181818,44.44444444444444,7.961783439490445,27.131782945736433,34.02571711177055,33.17784256559766,33.53293413173653,0.0,25.170068027210885,0.0,8.333333333333334,19.698128355243025
Right Back,5594,Branislav Ivanović,Chelsea,33,3119,68.35254741539606,45.867768595041305,27.84090909090909,37.70370370370371,26.11464968152866,13.178294573643413,66.99637322782726,24.489795918367342,22.15568862275449,48.88888888888889,32.6530612244898,15.151515151515152,20.833333333333336,32.19337176800787
Left Back,5596,Aleksandar Kolarov,Manchester City,36,2340,48.30792116028263,16.11570247933884,30.113636363636363,65.18518518518519,14.065817409766456,54.263565891472865,48.03824596109465,41.63265306122449,52.69461077844312,17.77777777777778,25.850340136054424,33.33333333333333,45.833333333333336,37.390018841203094
Left Back,5836,Bryan Oviedo,Everton,29,1135,69.20788397173673,69.42148760330578,94.31818181818181,75.5111111111111,34.02335456475584,34.496124031007746,51.20342894823607,31.895043731778422,18.562874251497007,73.33333333333333,40.13605442176871,0.0,29.166666666666668,41.14594185120337
Right Back,6409,Adam Smith,AFC Bournemouth,28,2069,68.9847526961696,66.5289256198347,25.0,36.2074074074074,90.92356687898089,20.930232558139537,70.09561490273659,58.54227405247813,31.137724550898206,69.77777777777779,50.68027210884354,24.242424242424242,0.0,50.31784915605851
Right Back,7110,Bacary Sagna,Manchester City,36,2525,54.14652287095575,31.404958677685947,19.318181818181817,44.44444444444444,20.594479830148625,38.75968992248062,68.51302340916585,17.49271137026239,46.706586826347305,32.88888888888889,18.707482993197278,0.0,41.66666666666667,32.90367687070889
Right Back,9533,Leandro Bacuna,Aston Villa,59,2544,47.731498698400905,34.297520661157016,17.045454545454543,26.56296296296296,44.798301486199584,20.930232558139537,44.37850313221236,29.037900874635564,25.149700598802394,36.00000000000001,42.51700680272109,9.09090909090909,0.0,30.428292835274956
Left Back,9627,Neil Taylor,Swansea City,26,3105,39.8475269616958,14.87603305785124,16.477272727272727,28.725925925925928,20.06369426751593,15.503875968992247,58.391031981536464,33.236151603498534,27.54491017964072,18.22222222222222,32.99319727891156,0.0,8.333333333333334,24.053935165817215
Right Back,9642,Alan Hutton,Aston Villa,59,2459,52.24990702863519,38.84297520661156,30.681818181818183,71.11111111111111,30.785562632696394,31.3953488372093,33.696010550609955,45.072886297376094,45.50898203592815,39.11111111111111,31.63265306122449,0.0,12.5,37.74637390362416
Right Back,10503,Billy Jones,Sunderland,41,2162,50.18594272963928,64.87603305785123,26.136363636363637,71.73333333333333,82.00636942675159,13.565891472868216,27.23376195186286,11.661807580174925,9.580838323353294,62.66666666666666,49.65986394557824,12.121212121212121,0.0,37.60369619863264
Left Back,10967,Robert Brady,Norwich City,56,3203,52.56600966902195,49.999999999999986,38.06818181818182,59.25925925925925,45.75371549893843,55.03875968992248,7.41839762611276,46.005830903790084,44.91017964071857,52.444444444444436,43.19727891156463,24.242424242424242,20.833333333333336,44.81675820099262
Left Back,12325,Abdul Rahman Baba,Chelsea,33,1034,55.33655634064708,88.01652892561982,69.31818181818181,59.25925925925925,75.26539278131634,7.751937984496124,63.69930761622159,39.067055393585996,25.74850299401198,85.33333333333333,47.61904761904762,0.0,33.333333333333336,46.216403986442444
Left Back,20045,Ryan Bertrand,Southampton,25,3015,36.2774265526218,18.18181818181818,46.02272727272727,64.93333333333334,25.95541401273886,22.868217054263567,46.88427299703264,29.679300291545186,28.143712574850298,20.444444444444443,30.952380952380953,6.0606060606060606,33.333333333333336,28.69642270609612
Left Back,20302,Gaël Clichy,Manchester City,36,1124,58.44179992562292,47.10743801652891,95.45454545454545,47.970370370370375,33.86411889596603,31.782945736434108,59.54500494559842,58.483965014577244,47.904191616766475,49.33333333333334,21.7687074829932,0.0,33.333333333333336,42.930561359659144
Right Back,21254,Carl Jenkinson,West Ham United,40,1226,36.64931201190034,29.752066115702476,15.909090909090907,62.96296296296296,21.656050955414013,14.728682170542633,39.66369930761623,33.469387755102034,34.73053892215569,24.444444444444446,31.97278911564626,42.42424242424242,0.0,29.4824376808448
Left Back,27146,Aly Cissokho,Aston Villa,59,1685,36.64931201190034,18.18181818181818,43.75,55.022222222222226,25.371549893842893,16.279069767441857,30.959446092977256,35.27696793002915,47.904191616766475,14.666666666666664,23.46938775510204,0.0,0.0,28.13393431230526
Left Back,30702,Brendan Joel Zibusiso Galloway,Everton,29,1317,58.44179992562292,72.31404958677685,26.136363636363637,78.11851851851853,54.830148619957555,10.852713178294575,64.32575008242665,22.507288629737605,7.784431137724551,61.77777777777778,22.448979591836732,0.0,25.0,38.1354672150692
Left Back,40118,Ikechi Anya,Watford,23,1601,51.46894756415025,8.264462809917354,30.113636363636363,66.22222222222223,26.64543524416136,32.17054263565892,36.03692713485,52.128279883381914,33.53293413173653,8.444444444444445,0.0,0.0,20.833333333333336,34.143745065004154
Left Wing Back,3416,Gabriel Moisés Antunes da Silva,Genoa,233,2057,39.8475269616958,39.669421487603294,27.272727272727277,16.22222222222222,51.22080679405521,16.279069767441857,19.551599076821653,33.70262390670553,33.53293413173653,43.111111111111114,52.38095238095239,0.0,33.333333333333336,32.85778003542296
Right Wing Back,3660,Davide Zappacosta,Torino,241,1217,25.17664559315731,11.983471074380162,20.454545454545453,44.44444444444444,83.65180467091295,37.5968992248062,38.377843719090016,67.46355685131195,88.02395209580838,11.555555555555557,62.244897959183675,21.21212121212121,29.166666666666668,46.13069974718792
Left Wing Back,3964,Marcos Alonso Mendoza,Fiorentina,239,2437,36.2774265526218,25.6198347107438,35.22727272727273,61.170370370370364,56.68789808917197,56.201550387596896,64.12792614573031,63.49854227405247,70.65868263473054,26.222222222222218,42.17687074829932,33.33333333333333,58.333333333333336,48.77795428417488
Right Back,5461,Šime Vrsaljko,Sassuolo,232,3279,30.066939382670142,26.033057851239672,27.84090909090909,33.86666666666667,29.033970276008496,37.98449612403101,44.840092317837154,49.38775510204081,77.24550898203594,25.33333333333333,51.36054421768708,0.0,33.333333333333336,35.91991227059207
Right Wing Back,5541,Stephan Lichtsteiner,Juventus,224,2051,58.44179992562292,14.46280991735537,2.8409090909090913,19.748148148148147,17.25053078556263,27.906976744186046,49.65380811078142,34.344023323615154,28.74251497005988,14.22222222222222,31.63265306122449,0.0,16.666666666666668,26.63278308613306
Right Wing Back,5689,Juan Guillermo Cuadrado Bello,Juventus,224,1491,60.264038676087765,49.58677685950412,32.95454545454546,51.85185185185185,66.34819532908705,98.06201550387595,71.7771183646555,100.0,79.04191616766468,55.55555555555556,68.36734693877551,72.72727272727272,100.0,69.53450961467412
Right Back,5690,Yuto Nagatomo,Inter Milan,238,1785,47.00632205280774,45.867768595041305,26.70454545454546,56.13333333333333,65.97664543524417,20.930232558139537,58.424002637652485,44.19825072886297,32.93413173652695,42.666666666666664,31.97278911564626,0.0,0.0,39.38138536666658
Left Wing Back,5717,Diego Sebastián Laxalt Suárez,Genoa,233,3272,47.880252882112316,37.60330578512396,21.59090909090909,57.21481481481481,72.55838641188961,29.457364341085267,42.76294098252555,44.37317784256559,34.131736526946106,35.111111111111114,36.394557823129254,24.242424242424242,45.833333333333336,43.62274714192211
Right Back,6830,Facundo Sebastián Roncaglia,Fiorentina,239,2431,54.629973968017865,65.28925619834709,35.22727272727273,58.34074074074075,60.61571125265394,8.914728682170542,88.39432904714805,36.20991253644314,4.1916167664670665,62.66666666666666,57.48299319727892,9.09090909090909,0.0,36.32603781833268
Left Back,6849,Lucas Digne,AS Roma,229,2995,41.31647452584604,27.272727272727266,31.25,44.44444444444444,42.62208067940553,27.906976744186046,54.07187603033302,48.16326530612244,44.91017964071857,27.555555555555557,48.63945578231293,27.27272727272727,25.0,36.554242704839126
Left Back,6944,Mattia De Sciglio,AC Milan,243,1972,44.27296392711046,28.925619834710737,23.863636363636363,60.903703703703705,37.68577494692144,29.457364341085267,46.75239037256844,36.15160349854227,49.101796407185624,31.11111111111111,54.761904761904766,0.0,16.666666666666668,34.05663461762762
Left Wing Back,6945,Alex Sandro Lobo Silva,Juventus,224,1395,42.22759390107848,40.9090909090909,75.56818181818181,63.49629629629629,52.9723991507431,100.0,64.95219254863173,94.81049562682216,100.0,46.22222222222223,64.62585034013605,36.36363636363636,79.16666666666667,63.777907823742574
Right Back,6964,Alessandro Florenzi,AS Roma,229,2902,53.7002603198215,21.900826446280988,67.61363636363636,68.34074074074074,39.11889596602973,43.02325581395348,52.687108473458636,55.80174927113703,57.48502994011976,24.444444444444446,20.74829931972789,63.63636363636363,37.5,45.634877412591806
Right Wing Back,6965,Bruno da Silva Peres,Torino,241,2815,68.78021569356639,40.08264462809917,22.159090909090907,39.82222222222222,43.895966029723986,38.37209302325581,64.88625123639963,71.31195335276968,61.07784431137725,40.0,23.809523809523807,27.27272727272727,50.0,49.77260672587024
Left Back,6969,Juan Guilherme Nunes Jesus,Inter Milan,238,1500,39.8475269616958,39.669421487603294,15.909090909090907,51.185185185185176,54.29936305732485,20.930232558139537,68.67787668974611,52.128279883381914,25.149700598802394,39.11111111111111,61.904761904761905,0.0,0.0,34.915495802482226
Right Back,6984,Danilo D''Ambrosio,Inter Milan,238,1688,47.60133878765341,44.62809917355371,34.65909090909091,44.44444444444444,51.00849256900213,15.891472868217052,49.91757335970986,24.664723032069965,25.149700598802394,43.111111111111114,57.82312925170069,30.303030303030305,0.0,32.6039669102056
Right Back,6992,Andrea Masiello,Atalanta,228,2533,44.49609520267758,18.18181818181818,39.77272727272727,39.71851851851852,24.20382165605096,12.790697674418606,50.511045169798905,15.918367346938773,25.149700598802394,21.777777777777775,29.591836734693878,0.0,12.5,23.480180474098237
Right Back,6999,Davide Santon,Inter Milan,238,1030,51.46894756415025,19.83471074380165,0.0,0.0,29.29936305732484,17.829457364341085,74.94230135179691,78.48396501457724,41.31736526946108,19.555555555555554,47.95918367346939,0.0,33.333333333333336,34.44507480631938
Left Back,7012,Vasco Regini,Napoli,227,1304,47.37820751208628,44.62809917355371,18.749999999999996,81.48148148148148,59.76645435244162,0.0,70.19452687108476,48.979591836734684,0.0,44.0,41.49659863945578,0.0,0.0,34.68037678036404
Right Back,7020,Jacopo Sala,Sampdoria,234,1874,84.17627370769804,82.64462809917353,22.727272727272727,76.1925925925926,67.88747346072186,31.007751937984494,33.30036267721731,50.3206997084548,51.49700598802396,88.88888888888889,43.5374149659864,0.0,16.666666666666668,54.886541647258355
Right Back,7031,Elseid Hysaj,Napoli,227,3443,59.85496467088137,39.25619834710743,20.454545454545453,67.22962962962963,31.90021231422505,23.64341085271318,79.29442795911639,53.81924198250728,11.976047904191619,37.333333333333336,18.36734693877551,0.0,20.833333333333336,36.58628453918654
Right Back,7050,Fabrizio Cacciatore,Chievo,231,2338,65.21011528449239,31.818181818181813,10.227272727272727,31.377777777777776,43.31210191082803,34.883720930232556,59.84174085064296,33.11953352769679,34.131736526946106,33.33333333333333,25.850340136054424,9.09090909090909,45.833333333333336,37.83412901748654
Right Back,7114,Gaetano Letizia,Carpi,1683,3096,53.38415767943474,58.26446280991734,48.295454545454554,69.14074074074075,66.24203821656052,35.65891472868217,19.980217606330374,59.00874635568512,32.93413173652695,60.88888888888889,30.952380952380953,6.0606060606060606,0.0,47.19989842213429
Left Back,7118,Federico Peluso,Sassuolo,232,3182,52.75195239866122,35.12396694214875,38.63636363636364,35.940740740740736,31.528662420382176,20.54263565891473,43.81800197823939,32.53644314868804,26.94610778443114,36.44444444444444,49.31972789115647,6.0606060606060606,8.333333333333334,30.085225823289306
Right Back,7142,Luca Rossettini,Bologna,240,2626,57.84678319077725,39.669421487603294,57.38636363636363,65.18518518518519,30.732484076433124,6.5891472868217065,47.80745136828223,29.79591836734693,5.988023952095809,39.11111111111111,46.93877551020408,30.303030303030305,12.5,30.068709993928334
Left Back,7151,Mário Rui Silva Duarte,Empoli,290,3378,58.44179992562292,36.77685950413222,43.75,58.16296296296296,24.416135881104033,32.55813953488372,64.62248598747118,53.06122448979591,10.778443113772456,36.00000000000001,31.63265306122449,0.0,20.833333333333336,34.6064674500231
Right Back,7155,Vincent Laurini,Empoli,290,2250,39.8475269616958,14.049586776859503,36.36363636363637,59.25925925925925,24.46921443736731,5.426356589147288,76.722716782064,29.037900874635564,2.3952095808383236,15.555555555555555,25.850340136054424,12.121212121212121,0.0,22.327518066587945
Right Back,7164,Ibrahima Mbaye,Bologna,240,1027,60.84046113796951,56.19834710743801,30.113636363636363,56.785185185185185,66.71974522292994,4.263565891472869,55.68743818001979,47.5801749271137,20.958083832335326,58.666666666666664,54.08163265306123,0.0,0.0,39.56296075732908
Left Back,7169,Adam Masina,Bologna,240,2813,65.99107474897733,41.73553719008264,35.22727272727273,53.940740740740736,51.27388535031847,28.294573643410853,44.18067919551601,36.67638483965013,26.34730538922156,40.0,33.6734693877551,18.18181818181818,37.5,40.140067242900585
Right Back,7462,Aleandro Rosi,Frosinone,291,2252,46.336928226106366,25.206611570247933,24.431818181818183,41.7037037037037,46.65605095541402,15.891472868217052,38.64160896801846,31.778425655976672,40.11976047904192,25.77777777777778,84.01360544217687,0.0,0.0,28.722600918411654
Right Back,7463,Ignazio Abate,AC Milan,243,2531,64.20602454444033,65.28925619834709,29.545454545454547,46.6962962962963,42.56900212314225,23.64341085271318,52.75304978569074,50.37900874635568,31.736526946107784,67.55555555555556,45.23809523809524,9.09090909090909,12.5,42.07327173767924
Right Wing Back,7464,Cristian Daniel Ansaldi,Genoa,233,2152,48.531052435849766,58.26446280991734,35.79545454545455,60.31111111111112,67.03821656050954,34.883720930232556,34.948895483020145,56.61807580174926,39.52095808383234,55.55555555555556,51.36054421768708,0.0,66.66666666666667,48.091657373386255
Right Wing Back,7473,Lorenzo De Silvestri,Sampdoria,234,1593,47.00632205280774,3.71900826446281,33.52272727272727,97.34814814814814,23.354564755838645,25.968992248062012,17.177711836465573,28.396501457725943,37.125748502994014,6.222222222222222,57.82312925170069,15.151515151515152,45.833333333333336,29.606432216931225
Left Wing Back,7479,Cristian Molinaro,Torino,241,2161,29.880996653030873,30.578512396694208,32.95454545454546,46.82962962962963,47.823779193205944,32.94573643410853,50.37916254533465,43.73177842565597,47.305389221556894,29.333333333333332,41.15646258503402,12.121212121212121,0.0,35.09852378515734
Left Back,7695,Samuel Souprayen,Hellas Verona,226,1685,28.914094458906654,20.661157024793386,13.636363636363635,38.74074074074073,39.01273885350318,26.35658914728682,53.11572700296736,48.688046647230316,31.736526946107784,21.777777777777775,52.38095238095239,0.0,0.0,29.384663927347013
Right Back,7704,Alex Ferrari,Bologna,240,1216,55.63406470806992,82.23140495867767,92.04545454545455,62.459259259259255,89.27813163481953,8.914728682170542,58.72073854269701,46.76384839650145,8.383233532934133,80.88888888888887,67.34693877551021,0.0,0.0,44.65557485802583
Right Wing Back,7777,Federico Bernardeschi,Fiorentina,239,2340,59.76199330606175,14.46280991735537,27.84090909090909,81.48148148148148,68.78980891719746,55.81395348837209,55.32476096274317,48.57142857142856,25.149700598802394,16.0,45.57823129251701,21.21212121212121,62.5,44.98065942853958
Left Back,7778,Ştefan Daniel Radu,Lazio,236,1224,26.571216065451843,5.785123966942148,40.909090909090914,72.22222222222221,21.709129511677283,40.310077519379846,69.5351137487636,51.54518950437317,21.55688622754491,4.888888888888888,39.45578231292517,0.0,29.166666666666668,28.706766249679408
Left Back,7785,Senad Lulić,Lazio,236,2619,53.12383785793976,55.371900826446264,47.72727272727273,91.57037037037037,61.518046709129514,45.348837209302324,49.225189581272694,56.96793002915451,34.73053892215569,61.77777777777778,52.721088435374156,30.303030303030305,41.66666666666667,50.58053967401714
Right Wing Back,7796,Silvan Widmer,Udinese,230,1963,49.628114540721455,27.272727272727266,31.818181818181824,85.6,71.33757961783441,27.51937984496124,14.968677876689767,37.95918367346938,40.718562874251504,27.555555555555557,48.9795918367347,0.0,37.5,41.00633254704417
Left Wing Back,8191,Ali Adnan Kadhim Al Tameemi,Udinese,230,1958,82.11230940870213,78.51239669421487,55.11363636363637,80.28148148148148,51.326963906581746,32.94573643410853,12.133201450708892,40.75801749271137,62.87425149700599,80.44444444444446,55.442176870748305,12.121212121212121,16.666666666666668,51.25740039296143
Right Back,8443,Dušan Basta,Lazio,236,1971,79.69505392339161,34.71074380165288,36.93181818181818,69.14074074074075,34.28874734607219,15.11627906976744,60.23738872403565,43.84839650145772,13.17365269461078,39.55555555555555,33.33333333333333,0.0,0.0,35.000533261915045
Left Back,8645,Massimo Gobbi,Chievo,231,2898,50.873930829304584,29.752066115702476,19.886363636363637,37.27407407407407,44.32059447983014,17.829457364341085,46.06000659413122,44.1399416909621,31.137724550898206,30.22222222222222,48.29931972789116,0.0,12.5,32.836754945389714
Right Back,8657,Andrea Conti,Atalanta,228,938,13.27631089624396,26.8595041322314,76.70454545454545,59.25925925925925,40.021231422505316,12.4031007751938,47.31289152654141,29.562682215743436,22.754491017964074,22.666666666666668,36.734693877551024,57.57575757575757,37.5,29.77063533582902
Left Back,8661,Daniel Pavlovic,Frosinone,291,2057,56.749721085905556,34.297520661157016,25.0,38.74074074074073,47.505307855626334,75.5813953488372,12.363996043521267,11.253644314868803,52.09580838323353,27.555555555555557,52.38095238095239,0.0,87.5,40.41995631397472
Left Back,8874,Luca Antonelli,AC Milan,243,2340,55.16920788397175,71.48760330578511,23.863636363636363,41.7037037037037,46.496815286624205,18.217054263565892,60.534124629080125,45.65597667638484,27.54491017964072,70.66666666666667,15.30612244897959,33.33333333333333,12.5,43.16862858852799
Left Back,8876,Faouzi Ghoulam,Napoli,227,2977,62.16065451840833,26.033057851239672,34.65909090909091,62.459259259259255,6.4755838641189,33.720930232558146,70.39235080778111,68.10495626822156,37.724550898203596,28.888888888888893,19.047619047619047,0.0,37.5,37.78381837680096
Left Back,10032,Achraf Lazaar,Palermo,2256,2427,60.189661584232056,47.10743801652891,39.20454545454546,74.07407407407408,56.63481953290871,23.255813953488374,21.167161226508412,63.556851311953345,41.91616766467065,49.77777777777778,44.89795918367348,9.09090909090909,12.5,45.43641582463812
Left Back,11183,Alex Nicolao Telles,Inter Milan,238,1681,46.65303086649312,35.95041322314049,61.93181818181818,63.49629629629629,30.626326963906582,49.224806201550386,49.12627761292452,62.2740524781341,44.31137724550898,38.66666666666667,48.9795918367347,0.0,20.833333333333336,40.38566756512979
Right Back,11342,Eros Pisano,Hellas Verona,226,3091,32.22387504648568,21.074380165289252,30.113636363636363,52.23703703703704,13.959660297239921,24.418604651162788,25.321463897131576,39.41690962099125,53.89221556886228,20.888888888888886,39.1156462585034,42.42424242424242,0.0,29.979844571677905
Left Back,11516,Manuel Pasqual,Fiorentina,239,1118,48.30792116028263,27.272727272727266,18.181818181818183,44.44444444444444,37.63269639065817,69.37984496124031,56.445763270689106,35.33527696793002,62.27544910179641,28.000000000000004,32.6530612244898,0.0,66.66666666666667,42.0280563840876
Left Back,11722,Boukary Dramé,Atalanta,228,2342,44.27296392711046,22.314049586776857,53.97727272727273,84.65185185185186,27.2823779193206,21.317829457364343,60.5011539729641,31.486880466472293,27.54491017964072,26.222222222222218,25.850340136054424,0.0,0.0,29.806959401631424
Right Back,19299,Maicon Douglas Sisenando,AS Roma,229,1118,100.0,33.88429752066116,13.636363636363635,44.44444444444444,16.666666666666668,31.782945736434108,66.0402242004616,75.27696793002914,52.69461077844312,38.66666666666667,27.210884353741495,24.242424242424242,66.66666666666667,48.207314933681516
Left Wing Back,20008,Patrice Evra,Juventus,224,2239,59.66902194124209,48.76033057851238,20.454545454545453,41.22962962962963,17.462845010615716,39.53488372093023,72.83217936036928,41.39941690962098,23.952095808383238,49.33333333333334,32.6530612244898,24.242424242424242,50.0,37.657238929728216
Right Back,23324,Nicolas Sebastian Frey,Chievo,231,1589,0.0,1.2396694214876043,14.204545454545455,22.651851851851852,28.343949044585987,6.2015503875969,41.18034948895487,13.29446064139941,13.17365269461078,1.3333333333333344,27.210884353741495,0.0,0.0,13.150646940431809
Right Back,24061,Aljaž Struna,Palermo,2256,2053,47.9360357010041,32.64462809917355,15.340909090909088,49.37777777777777,44.85138004246285,11.240310077519378,47.57665677546986,27.638483965014576,20.958083832335326,33.33333333333333,61.564625850340136,12.121212121212121,0.0,28.849205502931987
Right Wing Back,25116,Edenílson Andrade dos Santos,Udinese,230,2428,27.166232800297514,16.528925619834705,50.0,55.97037037037037,51.27388535031847,31.782945736434108,37.45466534784042,32.41982507288629,35.32934131736527,18.22222222222222,30.952380952380953,0.0,0.0,30.881476523003833
Left Wing Back,25505,José Rodolfo Pires Ribeiro,Sampdoria,234,1501,24.35849758274452,11.983471074380162,63.06818181818181,69.14074074074075,34.819532908704886,34.496124031007746,53.80811078140457,45.072886297376094,53.293413173652695,12.444444444444445,26.870748299319725,0.0,20.833333333333336,33.19745064655382
Right Back,26683,Abdoulay Konko,Lazio,236,1599,32.40981777612495,40.9090909090909,52.84090909090909,65.61481481481482,67.9936305732484,12.790697674418606,53.577316188592164,71.19533527696792,23.353293413173652,38.66666666666667,67.00680272108843,0.0,0.0,38.57624758071171
Left Wing Back,28289,Gastón Alexis Silva Perdomo,Torino,241,939,62.29081442915583,58.67768595041321,33.52272727272727,35.18518518518518,61.30573248407644,38.37209302325581,58.48994394988464,39.59183673469387,22.754491017964074,60.88888888888889,49.65986394557824,0.0,37.5,42.650414478243015
Right Wing Back,30769,Andrea Rispoli,Palermo,2256,1497,48.30792116028263,17.355371900826444,43.18181818181818,53.333333333333336,23.513800424628446,37.2093023255814,29.442795911638665,50.14577259475218,64.67065868263474,18.22222222222222,37.41496598639456,0.0,100.0,39.553633354367456
Left Back,31231,Davide Brivio,Atalanta,228,934,48.30792116028263,11.157024793388427,11.363636363636365,44.44444444444444,35.72186836518047,19.767441860465116,49.68677876689749,53.29446064139941,28.74251497005988,10.222222222222221,20.74829931972789,0.0,0.0,30.799117868195218
Right Wing Back,31268,Michel Morganella,Palermo,2256,1025,19.635552249907036,20.24793388429752,19.886363636363637,44.44444444444444,63.163481953290876,14.34108527131783,28.12396966699638,31.311953352769677,15.568862275449103,20.0,75.17006802721087,0.0,33.333333333333336,27.2686474573197
Right Back,31721,Matteo Ciofani,Frosinone,291,1295,58.44179992562292,30.578512396694208,22.727272727272727,44.44444444444444,25.000000000000007,2.713178294573644,31.618859215298396,20.64139941690962,20.359281437125752,32.0,39.45578231292517,0.0,25.0,26.225994604679347
Left Back,32525,Fabrizio Poli,Carpi,1683,939,50.18594272963928,26.8595041322314,22.159090909090907,37.70370370370371,37.898089171974526,5.038759689922481,27.695351137487656,6.005830903790087,5.389221556886228,31.11111111111111,65.98639455782313,0.0,0.0,20.6869321840262
Right Back,40250,Marco Zambelli,Empoli,290,1222,34.95723317218297,14.87603305785124,41.477272727272734,30.725925925925928,19.851380042462846,6.2015503875969,58.061325420375866,51.253644314868794,17.365269461077844,18.22222222222222,37.07482993197279,0.0,0.0,23.766737630497957
Left Back,296873,Roberto Crivello,Frosinone,291,1490,60.505764224618815,42.148760330578504,19.318181818181817,22.22222222222222,37.52653927813164,25.581395348837205,47.44477415100561,18.01749271137026,21.55688622754491,39.55555555555555,39.45578231292517,0.0,25.0,30.547324946074713
Right Back,386607,Gianpaolo Bellini,Atalanta,228,1028,51.004090740052064,38.016528925619824,25.0,25.925925925925924,37.791932059447994,0.7751937984496126,65.61160567095288,23.498542274052472,20.958083832335326,43.111111111111114,59.863945578231295,24.242424242424242,0.0,27.194465774006815
Right Back,387300,Cristian Zaccardo,Carpi,1683,2443,38.45295648940127,37.60330578512396,43.18181818181818,60.044444444444444,37.261146496815286,8.914728682170542,36.00395647873393,13.877551020408161,19.76047904191617,40.888888888888886,29.591836734693878,9.09090909090909,0.0,27.329851067110383
Right Back,387417,Mattia Cassani,Sampdoria,234,2150,46.03941985868353,14.87603305785124,40.34090909090909,50.8,18.471337579617835,10.465116279069768,59.54500494559842,44.25655976676384,14.970059880239523,16.444444444444446,48.63945578231293,0.0,16.666666666666668,24.886250845311224
Left Back,3221,Markus Suttner,Ingolstadt,189,1396,42.506507995537376,35.537190082644614,61.36363636363635,51.185185185185176,49.52229299363057,34.883720930232556,6.297395318166845,12.769679300291545,41.91616766467065,34.66666666666667,31.63265306122449,0.0,0.0,32.49558828012931
Left Back,3510,Sead Kolašinac,Schalke 04,181,1662,43.882484194867985,40.9090909090909,35.22727272727273,41.7037037037037,56.63481953290871,29.069767441860467,51.665018133860876,25.830903790087454,44.91017964071857,41.77777777777777,60.544217687074834,15.151515151515152,0.0,35.19488400783365
Right Back,3530,Hiroki Sakai,Hannover 96,178,2308,36.03570100409075,43.801652892561975,30.681818181818183,24.237037037037037,46.390658174097666,13.953488372093023,36.300692383778454,32.82798833819241,20.958083832335326,45.77777777777778,30.272108843537417,9.09090909090909,0.0,30.89817658432173
Left Back,5544,Ricardo Iván Rodríguez Araya,Wolfsburg,179,2124,53.7002603198215,34.71074380165288,14.204545454545455,49.37777777777777,29.67091295116773,56.58914728682171,66.30398944939004,40.99125364431486,47.904191616766475,33.77777777777778,31.97278911564626,24.242424242424242,50.0,41.114370524751564
Left Back,5569,Marvin Plattenhardt,Hertha Berlin,173,3047,37.78356266269989,14.049586776859503,28.97727272727273,65.95555555555555,17.038216560509557,35.27131782945736,51.9617540389054,32.01166180758017,37.125748502994014,12.444444444444445,34.69387755102041,15.151515151515152,45.833333333333336,29.93479476248519
Right Back,5658,Łukasz Piszczek,Borussia Dortmund,180,1473,43.566381554481225,20.24793388429752,33.52272727272727,66.22222222222223,36.41188959660298,42.63565891472867,69.93076162215631,50.029154518950435,40.11976047904192,21.333333333333332,19.387755102040817,0.0,75.0,39.83579009571547
Right Back,5681,Makoto Hasebe,Eintracht Frankfurt,184,2868,87.20714020081816,39.25619834710743,16.477272727272727,55.022222222222226,50.63694267515923,31.3953488372093,45.466534784042224,29.50437317784256,10.778443113772456,37.333333333333336,38.0952380952381,9.09090909090909,25.0,38.206328504713625
Left Back,6040,Jonas Hector,FC Köln,186,2968,46.262551134250664,26.446280991735527,39.77272727272727,48.97777777777778,50.84925690021231,59.68992248062015,62.05077481041875,45.364431486880456,39.52095808383234,28.888888888888893,20.068027210884352,0.0,50.0,42.13608689475456
Right Back,6309,Tin Jedvaj,Bayer Leverkusen,904,1038,39.8475269616958,23.140495867768593,44.31818181818182,52.681481481481484,48.14225053078556,10.852713178294575,25.123639960435227,34.81049562682215,20.359281437125752,23.555555555555557,44.55782312925171,0.0,0.0,28.46762734790824
Right Back,6339,Gotoku Sakai,Hamburger SV,171,1952,71.88545927854221,61.57024793388429,55.68181818181819,51.49629629629629,43.52441613588111,22.48062015503876,42.268381140784726,26.6472303206997,21.55688622754491,64.44444444444444,25.850340136054424,0.0,16.666666666666668,38.7566315170838
Left Back,7993,Filip Mladenović,FC Köln,186,923,45.314243213090364,23.553719008264462,17.613636363636363,29.629629629629626,47.92993630573249,46.51162790697674,37.850313221233115,32.47813411078717,58.08383233532935,27.555555555555557,37.41496598639456,0.0,79.16666666666667,39.554488929481465
Right Back,8209,Márcio Rafael Ferreira de Souza,Bayern Munich,169,1650,74.71178876905914,37.19008264462809,19.886363636363637,21.896296296296295,14.490445859872613,33.333333333333336,100.0,76.9679300291545,52.09580838323353,34.66666666666667,37.07482993197279,0.0,41.66666666666667,41.383426882364255
Left Back,8212,Wendell Nascimento Borges,Bayer Leverkusen,904,2422,32.00074377091856,45.867768595041305,56.25,35.46666666666666,58.3864118895966,23.255813953488374,50.37916254533465,55.45189504373177,17.365269461077844,43.111111111111114,71.42857142857142,0.0,0.0,34.14433306131567
Right Back,8237,Paul Verhaegh,Augsburg,172,2318,58.44179992562292,16.11570247933884,28.409090909090907,66.99259259259259,17.62208067940552,24.418604651162788,65.94131223211342,25.131195335276963,32.33532934131737,16.444444444444446,11.564625850340136,69.6969696969697,29.166666666666668,33.09737451771851
Right Back,8316,Dennis Diekmeier,Hamburger SV,171,1393,19.18928969877278,24.793388429752067,21.022727272727273,56.785185185185185,42.1443736730361,17.441860465116278,44.93900428618533,26.763848396501455,46.10778443113773,25.77777777777778,20.74829931972789,0.0,0.0,29.22941826247156
Left Back,8319,Philipp Max,Augsburg,172,2125,14.819635552249908,20.661157024793386,19.318181818181817,27.348148148148148,49.41613588110404,20.54263565891473,43.52126607319487,36.50145772594752,58.08383233532935,15.111111111111109,46.25850340136054,0.0,0.0,28.830900595397296
Left Back,8392,Jeremy Toljan,Hoffenheim,175,1487,39.8475269616958,17.355371900826444,36.36363636363637,44.44444444444444,24.52229299363058,9.30232558139535,41.34520276953514,33.58600583090379,3.592814371257485,10.222222222222221,4.761904761904762,18.18181818181818,0.0,23.77372022559646
Left Back,8394,Robert Bauer,Ingolstadt,189,1664,27.854220899962804,47.93388429752065,44.31818181818182,61.54074074074074,62.84501061571125,12.015503875968992,12.03428948236072,7.8134110787172,16.167664670658684,44.0,58.843537414965986,15.151515151515152,0.0,28.89163233756385
Right Back,8396,Theodor Gebre Selassie,Werder Bremen,176,3064,56.97285236147267,42.148760330578504,21.59090909090909,26.81481481481482,52.12314225053078,25.968992248062012,41.14737883283879,21.341107871720112,36.52694610778443,43.55555555555555,40.47619047619048,6.0606060606060606,20.833333333333336,35.09113834878221
Left Back,8504,Bastian Oczipka,Eintracht Frankfurt,184,2775,78.7281517292674,39.669421487603294,56.25,74.37037037037038,23.673036093418265,25.193798449612398,51.236399604352144,49.97084548104956,28.74251497005988,39.11111111111111,26.530612244897956,0.0,0.0,37.59959884282904
Right Back,8545,Julian Korb,Borussia Mönchengladbach,185,1297,21.253253997768688,16.11570247933884,61.93181818181818,79.86666666666666,46.97452229299363,16.279069767441857,54.99505440158262,23.381924198250726,11.976047904191619,16.444444444444446,53.40136054421769,18.18181818181818,25.0,26.436889924251613
Left Back,8547,Matthias Ostrzolek,Hamburger SV,171,2975,44.142804016362966,29.752066115702476,41.477272727272734,39.33333333333333,35.881104033970274,25.581395348837205,38.27893175074184,36.384839650145764,35.92814371257485,28.888888888888893,21.08843537414966,0.0,25.0,32.94386295302811
Right Back,8548,Daniel Brosinski,FSV Mainz 05,177,2218,19.635552249907036,17.76859504132231,15.909090909090907,21.644444444444446,28.503184713375802,32.17054263565892,25.91493570722057,39.067055393585996,40.718562874251504,13.77777777777778,19.387755102040817,12.121212121212121,33.333333333333336,29.039771061717364
Right Back,8549,Giulio Donati,FSV Mainz 05,177,1944,59.148382298252145,48.76033057851238,47.72727272727273,62.96296296296296,38.959660297239914,13.565891472868216,28.91526541378177,21.69096209912536,16.167664670658684,50.222222222222214,38.435374149659864,0.0,16.666666666666668,32.50573872877902
Right Back,8576,Mitchell Weiser,Hertha Berlin,173,2494,48.04760133878766,42.56198347107438,30.113636363636363,54.32592592592593,73.19532908704883,26.744186046511626,38.87240356083088,47.871720116618064,23.353293413173652,46.22222222222223,33.6734693877551,21.21212121212121,58.333333333333336,44.73478241035454
Right Back,8676,Danny Vieira da Costa,Ingolstadt,189,1573,38.267013759761994,55.78512396694213,37.5,50.62222222222223,72.08067940552017,26.35658914728682,23.211341905703943,25.539358600583085,23.952095808383238,49.77777777777778,25.510204081632654,0.0,70.83333333333334,41.06487712227972
Right Back,8808,Matthias Ginter,Borussia Dortmund,180,1945,74.71178876905914,29.338842975206607,18.749999999999996,53.70370370370371,19.002123142250532,27.906976744186046,68.51302340916585,39.47521865889212,46.706586826347305,32.0,32.31292517006803,39.39393939393939,75.0,40.160314549269735
Left Back,8809,Oscar Wendt,Borussia Mönchengladbach,185,2769,42.95277054667163,28.925619834710737,30.113636363636363,64.19259259259259,23.301486199575375,31.3953488372093,57.3030003297066,37.026239067055386,34.73053892215569,24.88888888888889,17.687074829931973,27.27272727272727,25.0,33.831106752992106
Right Back,8823,Marcel Risse,FC Köln,186,3057,58.44179992562292,56.61157024793388,36.93181818181818,58.54814814814815,50.583864118895974,71.70542635658914,0.0,52.30320699708455,61.67664670658684,52.888888888888886,30.272108843537417,24.242424242424242,58.333333333333336,53.277505211580966
Left Back,8958,Dennis Aogo,Schalke 04,181,1847,11.230940870211974,5.37190082644628,9.09090909090909,16.666666666666664,15.552016985138003,46.51162790697674,65.54566435872079,29.620991253644313,61.07784431137725,5.777777777777779,39.1156462585034,0.0,16.666666666666668,24.215249717515533
Right Back,9134,Aleksandar Ignjovski,Eintracht Frankfurt,184,1200,37.78356266269989,55.78512396694213,50.56818181818182,50.62222222222223,94.90445859872611,20.930232558139537,20.672601384767592,44.08163265306122,44.91017964071857,62.22222222222222,45.57823129251701,0.0,29.166666666666668,46.93232247431182
Left Back,9222,Fabian Holland,Darmstadt 98,872,1478,56.91706954258089,60.330578512396684,47.159090909090914,62.96296296296296,74.94692144373674,9.30232558139535,7.616221562809108,5.42274052478134,7.18562874251497,67.11111111111111,69.04761904761905,0.0,0.0,33.81935891442498
Right Back,9397,Pavel Kadeřábek,Hoffenheim,175,2321,37.02119747117887,13.223140495867765,30.681818181818183,42.19259259259259,21.01910828025478,13.953488372093023,35.938015166501835,26.239067055393583,27.54491017964072,12.888888888888891,28.57142857142857,0.0,12.5,23.196790017378998
Right Back,9459,Paweł Olkowski,FC Köln,186,1204,27.72406098921532,18.18181818181818,33.52272727272727,59.25925925925925,32.961783439490446,3.1007751937984502,28.519617540389074,33.81924198250728,17.365269461077844,21.777777777777775,24.829931972789115,0.0,0.0,24.644499428901014
Right Back,9722,Peter Pekarík,Hertha Berlin,173,1115,51.004090740052064,34.297520661157016,22.727272727272727,38.74074074074073,42.09129511677282,16.279069767441857,55.95120342894824,33.11953352769679,52.69461077844312,39.11111111111111,29.931972789115648,0.0,33.333333333333336,36.012493633681025
Right Back,9728,Florian Klein,VfB Stuttgart,174,1574,8.850873930829302,22.727272727272727,50.56818181818182,67.22962962962963,66.24203821656052,26.35658914728682,37.45466534784042,14.169096209912531,44.31137724550898,24.444444444444446,35.374149659863946,0.0,20.833333333333336,31.228802942296504
Right Back,10790,Adelino André Vieira Freitas,Wolfsburg,179,2036,57.73521755299368,44.21487603305785,40.34090909090909,62.32592592592593,36.146496815286625,59.302325581395344,48.20309924167493,48.57142857142856,44.91017964071857,41.77777777777777,18.36734693877551,12.121212121212121,91.66666666666667,47.678305553700184
Left Back,11458,Marcel Schmelzer,Borussia Dortmund,180,2021,53.79323168464114,29.752066115702476,22.727272727272727,56.13333333333333,46.12526539278132,42.24806201550387,70.72205736894166,48.746355685131185,58.08383233532935,26.222222222222218,32.31292517006803,0.0,70.83333333333334,43.48576836807158
Left Back,12316,Oliver Sorg,Hannover 96,178,1751,23.96801785050205,23.553719008264462,24.431818181818183,32.10370370370371,30.785562632696394,9.30232558139535,32.57500824266406,13.52769679300291,8.982035928143713,25.33333333333333,25.850340136054424,0.0,0.0,19.89591431198803
Right Back,12383,Florian Jungwirth,Darmstadt 98,872,1481,59.89215321680923,65.28925619834709,40.34090909090909,22.42962962962963,76.0615711252654,9.30232558139535,1.3847675568743876,6.4723032069970845,21.55688622754491,61.77777777777778,27.55102040816326,0.0,0.0,35.64138870118278
Left Back,12626,Emiliano Adrián Insúa Zapata,VfB Stuttgart,174,3046,65.99107474897733,37.60330578512396,59.09090909090909,80.75555555555556,55.14861995753716,31.782945736434108,40.78470161556217,42.0408163265306,41.91616766467065,41.333333333333336,43.5374149659864,0.0,8.333333333333334,41.838506576353026
Left Back,13126,Miiko Martín Albornoz Inola,Hannover 96,178,2128,46.727407958348834,38.016528925619824,40.909090909090914,64.19259259259259,46.81528662420382,46.51162790697674,37.124958786679876,33.236151603498534,32.33532934131737,39.55555555555555,31.63265306122449,0.0,16.666666666666668,37.882864566557934
Left Back,13206,Erik Durm,Borussia Dortmund,180,923,64.31759018222387,35.95041322314049,22.727272727272727,37.70370370370371,35.5095541401274,27.906976744186046,52.22551928783384,42.682215743440224,28.74251497005988,36.44444444444444,37.41496598639456,27.27272727272727,37.5,37.52051202728541
Left Back,15651,Juan Bernat Velasco,Bayern Munich,169,1194,34.95723317218297,15.289256198347106,33.52272727272727,72.93333333333334,16.719745222929937,20.930232558139537,92.02110121991427,43.44023323615159,17.964071856287426,18.666666666666668,22.448979591836732,0.0,29.166666666666668,28.02283102451541
Left Back,18399,Gaëtan Bussmann,FSV Mainz 05,177,1204,47.00632205280774,52.06611570247933,28.97727272727273,26.81481481481482,65.07430997876858,26.35658914728682,16.419386745796256,17.725947521865887,17.365269461077844,52.0,42.85714285714286,21.21212121212121,0.0,34.554652134826036
Right Back,19295,Philipp Lahm,Bayern Munich,169,2287,58.44179992562292,11.983471074380162,22.159090909090907,63.94074074074073,9.925690021231427,68.9922480620155,97.03264094955493,68.04664723032069,32.93413173652695,13.333333333333336,9.183673469387756,9.09090909090909,12.5,38.4825742653148
Right Back,20522,György Garics,Darmstadt 98,872,1853,70.8441799925623,27.685950413223132,28.409090909090907,51.185185185185176,44.26751592356688,3.1007751937984502,9.066930431915596,0.0,14.37125748502994,25.33333333333333,37.41496598639456,0.0,0.0,25.077890469608125
Right Back,20665,Kevin Großkreutz,VfB Stuttgart,174,917,10.970621048716994,28.099173553719005,34.09090909090909,100.0,41.188959660297236,20.155038759689923,49.818661391361694,21.865889212827984,40.718562874251504,23.555555555555557,37.75510204081633,0.0,0.0,28.515408730435315
Left Back,20871,Pierre Bengtsson,FSV Mainz 05,177,1289,49.14466344365936,19.008264462809915,10.795454545454545,15.955555555555556,46.390658174097666,21.70542635658915,35.44345532476096,21.574344023323615,20.359281437125752,22.666666666666668,27.55102040816326,0.0,0.0,26.9529941005274
Right Back,20950,Yanni Regäsel,Eintracht Frankfurt,184,1292,70.8441799925623,27.685950413223132,14.772727272727273,76.1925925925926,45.43524416135881,16.279069767441857,45.433564127926154,17.02623906705539,20.359281437125752,28.888888888888893,27.55102040816326,0.0,0.0,31.822740622746636
Right Back,23266,Christian Träsch,Wolfsburg,179,2118,53.51431759018224,55.78512396694213,33.52272727272727,52.10370370370371,60.98726114649683,38.75968992248062,59.1163864160897,63.44023323615159,58.08383233532935,54.666666666666664,40.47619047619048,0.0,16.666666666666668,48.37054000191925
Right Back,25003,Sascha Riether,Schalke 04,181,1287,44.27296392711046,19.008264462809915,26.70454545454546,40.08888888888889,29.033970276008496,27.131782945736433,61.49027365644578,29.387755102040813,32.93413173652695,22.666666666666668,32.31292517006803,0.0,0.0,27.803024743392992
Left Back,26359,Santiago García,Werder Bremen,176,2693,46.20676831535888,41.32231404958677,57.95454545454546,54.666666666666664,34.97876857749469,36.434108527131784,26.706231454005962,26.6472303206997,41.91616766467065,43.55555555555555,53.40136054421769,0.0,25.0,34.434540849602634
Right Back,30312,Uilson de Souza Paula Júnior,Schalke 04,181,2040,46.727407958348834,40.08264462809917,30.113636363636363,41.8962962962963,50.530785562632694,64.34108527131782,45.33465215957798,50.029154518950435,60.47904191616767,35.55555555555556,55.782312925170075,0.0,54.16666666666667,44.81246481567106
Right Back,40460,Tobias Levels,Ingolstadt,189,1486,20.472294533283748,35.12396694214875,39.77272727272727,66.66666666666666,65.39278131634819,13.953488372093023,57.33597098582263,29.037900874635564,21.55688622754491,28.888888888888893,45.91836734693878,18.18181818181818,50.0,33.85446235301335
Left Back,40469,Marcel Schäfer,Wolfsburg,179,1295,48.30792116028263,21.900826446280988,6.818181818181819,81.48148148148148,24.25690021231423,89.14728682170542,51.796900758325116,36.85131195335277,66.46706586826349,16.444444444444446,20.408163265306122,18.18181818181818,54.16666666666667,43.96903512986671
Right Back,40480,Markus Feulner,Augsburg,172,928,51.19003346969134,79.75206611570246,28.409090909090907,69.14074074074075,100.0,23.64341085271318,38.147049126277636,32.82798833819241,34.73053892215569,83.55555555555554,93.19727891156462,27.27272727272727,0.0,48.38456489162074
Left Back,40538,Jin-Su Kim,Hoffenheim,175,1303,1.1156563778356294,7.438016528925619,65.9090909090909,56.38518518518519,53.92781316348195,8.13953488372093,40.619848334981896,32.12827988338192,20.359281437125752,10.222222222222221,41.49659863945578,0.0,0.0,23.008413602852784
Left Back,6593,Martín Montoya Torralbo,Real Betis,218,1211,23.96801785050205,39.669421487603294,54.545454545454554,31.377777777777776,62.15498938428875,8.914728682170542,60.76491922189254,33.58600583090379,8.383233532934133,31.555555555555554,27.210884353741495,0.0,29.166666666666668,30.29345192331042
