,main_position,player_id,player_name,team,team_id,minutes_played,interceptions_per90,ball_recoveries_per90,pressures_per90,chances_created_per90,pass_completion_rate,progressive_passes_per90,duels_won_per90,fouls_committed_per90,goals_scored_per90,goal_assists_per90,duel_success_rate
4,Right Defensive Midfield,3160,Rene Krhin,Granada,1049,1496,92.69662921348315,6.741573033707865,22.191011235955056,9.831460674157304,19.662921348314608,5.056179775280898,38.764044943820224,31.179775280898873,19.382022471910112,15.730337078651685,63.48314606741573
8,Left Defensive Midfield,3292,Abdoulaye Doucouré,Granada,1049,1215,79.21348314606742,87.64044943820225,63.48314606741573,61.79775280898876,71.91011235955057,3.932584269662921,12.359550561797752,21.629213483146067,19.382022471910112,89.32584269662921,18.53932584269663
15,Right Defensive Midfield,3610,Roque Mesa Quevedo,Las Palmas,208,3161,68.53932584269663,84.26966292134831,6.179775280898876,32.02247191011236,84.26966292134831,10.112359550561797,20.224719101123593,17.415730337078653,39.8876404494382,56.17977528089888,97.75280898876404
16,Left Defensive Midfield,3637,Grzegorz Krychowiak,Sevilla,213,2326,96.06741573033707,26.40449438202247,7.303370786516854,5.337078651685393,63.48314606741573,30.89887640449438,69.66292134831461,56.17977528089888,19.382022471910112,15.730337078651685,44.10112359550562
36,Center Defensive Midfield,5203,Sergio Busquets i Burgos,Barcelona,217,3141,22.191011235955056,12.921348314606742,26.40449438202247,37.359550561797754,98.87640449438202,59.55056179775281,83.98876404494382,8.707865168539326,19.382022471910112,89.32584269662921,74.15730337078652
54,Center Defensive Midfield,5539,Carlos Henrique Casimiro,Real Madrid,220,1575,98.31460674157303,40.73033707865169,79.7752808988764,25.0,83.70786516853933,55.61797752808989,99.43820224719101,96.06741573033707,59.269662921348306,83.42696629213484,80.89887640449437
57,Center Defensive Midfield,5574,Toni Kroos,Real Madrid,220,2970,72.19101123595506,24.15730337078652,56.46067415730337,90.4494382022472,99.43820224719101,85.39325842696628,55.89887640449438,10.674157303370785,45.78651685393258,98.31460674157303,96.06741573033707
59,Right Defensive Midfield,5582,Celso Borges Mora,RC Deportivo La Coruña,219,1951,84.26966292134831,5.617977528089887,7.865168539325842,73.59550561797754,47.752808988764045,36.51685393258427,30.337078651685395,11.235955056179774,90.1685393258427,78.65168539325843,86.51685393258427
64,Left Defensive Midfield,5671,Alfred John Momar N''Diaye,Real Betis,218,3169,69.3820224719101,25.842696629213485,43.53932584269663,1.6853932584269662,39.325842696629216,1.1235955056179776,65.4494382022472,39.325842696629216,59.269662921348306,15.730337078651685,51.68539325842697
71,Right Defensive Midfield,5737,Steven N''Kemboanza Mike Christopher Nzonzi,Sevilla,213,2048,24.43820224719101,4.213483146067416,11.797752808988763,28.932584269662918,36.51685393258427,33.70786516853933,37.359550561797754,31.179775280898873,90.1685393258427,49.43820224719101,91.01123595505618
72,Center Defensive Midfield,5741,Enzo Nicolás Pérez,Valencia,207,1491,41.29213483146067,11.51685393258427,27.52808988764045,21.910112359550563,91.57303370786516,16.853932584269664,33.146067415730336,71.34831460674157,19.382022471910112,15.730337078651685,6.460674157303371
87,Right Defensive Midfield,6384,Gabriel Fernández Arenas,Atlético Madrid,212,3161,54.7752808988764,81.46067415730337,58.42696629213483,50.56179775280899,43.82022471910113,91.57303370786516,75.84269662921348,69.9438202247191,39.8876404494382,56.17977528089888,42.13483146067416
90,Right Defensive Midfield,6389,Mikel San José Domínguez,Athletic Club,215,2787,86.23595505617978,25.0,47.19101123595505,32.02247191011236,38.764044943820224,60.39325842696629,62.07865168539326,51.96629213483146,64.32584269662921,78.65168539325843,82.58426966292134
96,Left Defensive Midfield,6396,Beñat Etxebarria Urkiaga,Athletic Club,215,2972,76.40449438202246,89.60674157303372,47.752808988764045,93.82022471910112,16.292134831460675,96.62921348314607,55.89887640449438,27.247191011235955,45.78651685393258,85.95505617977528,69.10112359550563
109,Right Defensive Midfield,6580,José Luis García del Pozo,Málaga,223,2976,38.48314606741573,59.269662921348306,35.39325842696629,76.40449438202246,38.20224719101123,39.8876404494382,68.25842696629213,85.39325842696628,19.382022471910112,85.95505617977528,49.43820224719101
115,Right Defensive Midfield,6599,Rubén Salvador Pérez Del Mármol,Granada,1049,2802,79.21348314606742,39.325842696629216,62.35955056179775,58.98876404494382,16.853932584269664,75.28089887640449,87.35955056179775,57.865168539325836,19.382022471910112,62.92134831460674,53.93258426966292
127,Right Defensive Midfield,6622,Tomás Pina Isla,Villarreal,222,1770,66.85393258426966,38.764044943820224,20.224719101123593,21.06741573033708,35.95505617977528,15.730337078651685,57.30337078651685,87.64044943820225,19.382022471910112,56.17977528089888,47.19101123595505
133,Right Defensive Midfield,6633,Markel Bergara Larrañaga,Real Sociedad,210,1393,91.85393258426966,26.96629213483146,42.13483146067416,0.5617977528089888,41.01123595505618,14.887640449438203,81.17977528089888,86.51685393258427,64.32584269662921,15.730337078651685,96.62921348314607
147,Left Defensive Midfield,6671,Asier Illarramendi Andonegi,Real Sociedad,210,2972,99.43820224719101,66.01123595505618,70.78651685393258,64.04494382022472,37.359550561797754,85.95505617977528,76.68539325842697,27.247191011235955,45.78651685393258,39.60674157303371,34.26966292134831
168,Right Defensive Midfield,6712,Gonzalo Escalante,Eibar,322,2976,90.4494382022472,69.10112359550563,84.5505617977528,32.02247191011236,6.460674157303371,44.9438202247191,92.97752808988764,100.0,83.14606741573034,39.60674157303371,70.78651685393258
179,Left Defensive Midfield,6733,Pedro Mosquera Parada,RC Deportivo La Coruña,219,3438,67.69662921348315,32.02247191011236,80.33707865168539,41.29213483146067,56.74157303370787,66.29213483146067,92.97752808988764,77.80898876404494,19.382022471910112,56.17977528089888,78.93258426966293
182,Right Defensive Midfield,6736,Álvaro Medrán Just,Getafe,216,1493,58.70786516853933,64.04494382022472,39.325842696629216,35.674157303370784,52.80898876404494,21.34831460674157,44.662921348314605,71.34831460674157,87.92134831460675,62.92134831460674,97.19101123595506
188,Left Defensive Midfield,6745,Mehdi Lacen,Getafe,216,2882,72.19101123595506,82.02247191011236,60.1123595505618,19.662921348314608,49.43820224719101,34.26966292134831,67.13483146067416,64.32584269662921,19.382022471910112,15.730337078651685,70.2247191011236
190,Center Defensive Midfield,6751,Javier Fuego Martínez,Valencia,207,2138,73.31460674157303,41.853932584269664,89.8876404494382,22.47191011235955,75.28089887640449,48.31460674157304,65.4494382022472,93.82022471910112,19.382022471910112,15.730337078651685,22.752808988764045
193,Right Defensive Midfield,6758,Víctor Sánchez Mata,Espanyol,214,2605,54.7752808988764,8.426966292134832,91.01123595505618,57.865168539325836,19.101123595505616,8.426966292134832,91.29213483146067,92.41573033707866,45.78651685393258,94.10112359550563,67.97752808988764
197,Left Defensive Midfield,6764,Pablo Fornals Malla,Málaga,223,1117,75.84269662921348,96.06741573033707,40.44943820224719,81.46067415730337,18.53932584269663,71.34831460674157,51.40449438202247,14.04494382022472,77.24719101123596,15.730337078651685,47.752808988764045
201,Right Defensive Midfield,6771,Manuel Trigueros Muñoz,Villarreal,222,2236,35.95505617977528,37.640449438202246,24.719101123595504,46.91011235955056,48.31460674157304,71.91011235955057,21.629213483146067,33.146067415730336,77.24719101123596,49.43820224719101,17.97752808988764
203,Left Defensive Midfield,6775,Daniel García Carrillo,Eibar,322,3253,81.74157303370787,70.50561797752809,15.730337078651685,23.314606741573034,14.606741573033707,83.14606741573034,60.67415730337079,39.8876404494382,19.382022471910112,15.730337078651685,43.258426966292134
216,Left Defensive Midfield,6796,Nemanja Radoja,Celta Vigo,209,1397,83.42696629213484,78.08988764044943,76.96629213483146,5.337078651685393,62.92134831460674,50.28089887640449,100.0,66.01123595505618,19.382022471910112,15.730337078651685,84.5505617977528
241,Right Defensive Midfield,6867,Papa Kouly Diop,Espanyol,214,2701,94.10112359550563,36.51685393258427,25.842696629213485,2.8089887640449436,30.337078651685395,55.0561797752809,63.76404494382022,97.75280898876404,83.14606741573034,15.730337078651685,44.9438202247191
250,Left Defensive Midfield,6899,Rubén Pardo Gutiérrez,Real Sociedad,210,1765,84.8314606741573,67.13483146067416,38.764044943820224,98.87640449438202,17.415730337078653,87.64044943820225,15.44943820224719,17.97752808988764,19.382022471910112,99.43820224719101,81.46067415730337
259,Left Defensive Midfield,6929,José Vicente Gómez Umpiérrez,Las Palmas,208,1490,28.370786516853936,22.47191011235955,12.921348314606742,27.808988764044944,87.64044943820225,5.617977528089887,44.662921348314605,38.764044943820224,64.32584269662921,62.92134831460674,15.168539325842698
268,Left Defensive Midfield,7154,Sebastián Carlos Cristóforo Pepe,Sevilla,213,1582,79.21348314606742,38.20224719101123,92.69662921348315,8.146067415730338,79.7752808988764,6.179775280898876,97.19101123595506,98.87640449438202,19.382022471910112,56.17977528089888,87.07865168539325
284,Right Defensive Midfield,8234,Ignacio Camacho Barnola,Málaga,223,2139,96.62921348314607,62.64044943820225,41.01123595505618,33.146067415730336,10.674157303370785,70.78651685393258,81.17977528089888,83.98876404494382,77.24719101123596,49.43820224719101,75.28089887640449
321,Right Defensive Midfield,13107,Sergio Álvarez Díaz,Sporting Gijón,1041,2427,74.15730337078652,29.775280898876407,83.14606741573034,42.69662921348314,15.730337078651685,25.280898876404496,93.82022471910112,87.07865168539325,70.50561797752809,68.82022471910112,29.775280898876407
325,Center Defensive Midfield,15805,Hernán Daniel Santana Trujillo,Las Palmas,208,1024,89.32584269662921,57.30337078651685,12.359550561797752,1.6853932584269662,74.15730337078652,6.741573033707865,58.42696629213483,43.258426966292134,77.24719101123596,15.730337078651685,98.87640449438202
337,Right Defensive Midfield,18398,Omar Mascarell González,Sporting Gijón,1041,1857,88.20224719101124,23.595505617977526,65.1685393258427,28.932584269662918,7.865168539325842,51.12359550561798,19.101123595505616,80.33707865168539,19.382022471910112,49.43820224719101,8.98876404494382
343,Left Defensive Midfield,18925,Ignacio Cases Mora,Sporting Gijón,1041,1958,45.78651685393258,59.269662921348306,60.67415730337079,13.764044943820226,56.17977528089888,28.370786516853936,56.74157303370787,83.98876404494382,54.21348314606742,15.730337078651685,79.7752808988764
344,Right Defensive Midfield,19431,Fernando Damián Tissone,Málaga,223,1118,83.42696629213484,34.26966292134831,4.49438202247191,73.59550561797754,24.719101123595504,80.33707865168539,8.707865168539326,96.62921348314607,19.382022471910112,15.730337078651685,14.04494382022472
346,Center Defensive Midfield,19668,Augusto Matías Fernández,Atlético Madrid,212,2423,98.87640449438202,53.93258426966292,73.03370786516854,12.640449438202248,93.25842696629213,38.764044943820224,92.13483146067416,59.8314606741573,45.78651685393258,39.60674157303371,59.55056179775281
355,Left Defensive Midfield,20669,Tiago Cardoso Mendes,Atlético Madrid,212,1115,88.76404494382022,29.213483146067414,13.48314606741573,35.674157303370784,71.34831460674157,75.84269662921348,42.69662921348314,35.39325842696629,77.24719101123596,92.13483146067416,19.662921348314608
360,Left Defensive Midfield,22819,Bruno Soriano Llido,Villarreal,222,2610,91.01123595505618,61.23595505617978,1.1235955056179776,35.674157303370784,74.71910112359551,82.58426966292134,25.280898876404496,5.617977528089887,97.19101123595506,39.60674157303371,74.71910112359551
368,Right Defensive Midfield,23806,Alejandro Bergantiños García,RC Deportivo La Coruña,219,1858,45.78651685393258,60.1123595505618,30.89887640449438,73.59550561797754,35.39325842696629,51.96629213483146,65.4494382022472,7.303370786516854,83.14606741573034,15.730337078651685,46.06741573033708
378,Center Defensive Midfield,23970,José María Martín-Bejarano Serrano,Levante UD,221,935,40.168539325842694,30.337078651685395,6.741573033707865,14.887640449438203,21.910112359550563,14.04494382022472,20.786516853932586,74.71910112359551,19.382022471910112,15.730337078651685,3.932584269662921
390,Right Defensive Midfield,24149,José Antonio García Rabasco,Levante UD,221,2145,58.70786516853933,33.70786516853933,44.38202247191011,93.25842696629213,26.40449438202247,81.46067415730337,49.43820224719101,40.44943820224719,77.24719101123596,85.95505617977528,98.31460674157303
409,Left Defensive Midfield,25707,Francisco Manuel Rico Castro,Granada,1049,1397,77.24719101123596,18.53932584269663,38.20224719101123,97.19101123595506,30.89887640449438,90.4494382022472,52.24719101123596,99.43820224719101,87.92134831460675,15.730337078651685,88.20224719101124
412,Right Defensive Midfield,25881,Juan Antonio Rodríguez Villamuela,Getafe,216,2787,73.31460674157303,3.3707865168539324,10.112359550561797,8.146067415730338,37.359550561797754,24.15730337078652,16.853932584269664,49.43820224719101,19.382022471910112,39.60674157303371,69.10112359550563
431,Left Defensive Midfield,26607,José Raúl Baena Urdiales,Rayo Vallecano,360,2043,63.48314606741573,10.393258426966293,32.58426966292135,24.15730337078652,42.13483146067416,10.674157303370785,17.696629213483146,65.1685393258427,54.21348314606742,49.43820224719101,36.51685393258427
448,Right Defensive Midfield,26848,Roberto Trashorras Gayoso,Rayo Vallecano,360,3252,51.40449438202247,65.1685393258427,3.932584269662921,92.13483146067416,53.93258426966292,93.53932584269663,34.831460674157306,20.224719101123593,77.24719101123596,96.34831460674157,80.33707865168539
454,Center Defensive Midfield,27122,Simão Mate,Levante UD,221,2421,77.24719101123596,21.34831460674157,2.8089887640449436,3.3707865168539324,23.595505617977526,22.47191011235955,12.921348314606742,68.82022471910112,45.78651685393258,15.730337078651685,28.932584269662918
472,Right Defensive Midfield,27346,Petros Matheus dos Santos Araújo,Real Betis,218,2518,69.3820224719101,64.60674157303372,94.3820224719101,46.91011235955056,66.29213483146067,4.49438202247191,91.29213483146067,79.21348314606742,45.78651685393258,39.60674157303371,50.56179775280899
486,Left Defensive Midfield,27526,Rachid Aït-Atmane,Sporting Gijón,1041,1018,93.25842696629213,100.0,68.53932584269663,78.08988764044943,13.764044943820226,35.95505617977528,85.67415730337079,89.8876404494382,19.382022471910112,73.59550561797754,53.08988764044944
499,Left Defensive Midfield,3037,Mousa Sidi Yaya Dembélé,Tottenham Hotspur,38,2529,64.60674157303372,88.48314606741573,57.865168539325836,70.2247191011236,96.62921348314607,8.98876404494382,97.75280898876404,57.865168539325836,85.39325842696628,39.60674157303371,85.95505617977528
505,Left Defensive Midfield,3054,Fernando Luiz Rosa,Manchester City,36,2902,70.78651685393258,47.19101123595505,70.2247191011236,62.92134831460674,85.39325842696628,77.52808988764045,88.20224719101124,74.15730337078652,64.32584269662921,62.92134831460674,49.43820224719101
515,Right Defensive Midfield,3087,Gnégnéri Yaya Touré,Manchester City,36,2626,1.6853932584269662,27.52808988764045,1.6853932584269662,88.76404494382022,77.52808988764045,78.65168539325843,7.865168539325842,15.730337078651685,99.15730337078652,81.46067415730337,72.47191011235955
521,Right Defensive Midfield,3098,Victor Wanyama,Southampton,25,2729,42.41573033707865,85.95505617977528,57.30337078651685,27.808988764044944,57.58426966292135,38.20224719101123,76.68539325842697,77.80898876404494,45.78651685393258,39.60674157303371,57.30337078651685
536,Left Defensive Midfield,3272,Oriol Romeu Vidal,Southampton,25,1597,41.29213483146067,43.258426966292134,87.07865168539325,48.59550561797753,72.47191011235955,64.04494382022472,96.62921348314607,44.9438202247191,59.269662921348306,15.730337078651685,32.58426966292135
537,Right Defensive Midfield,3277,Yohan Cabaye,Crystal Palace,31,3010,95.50561797752809,50.56179775280899,56.46067415730337,88.20224719101124,29.775280898876407,43.82022471910113,65.4494382022472,20.224719101123593,92.97752808988764,32.58426966292135,11.235955056179774
571,Center Defensive Midfield,3344,Andrew Surman,AFC Bournemouth,28,3578,38.48314606741573,31.46067415730337,5.617977528089887,82.02247191011236,76.96629213483146,70.2247191011236,2.247191011235955,3.089887640449438,19.382022471910112,68.82022471910112,26.96629213483146
577,Left Defensive Midfield,3381,Nemanja Matić,Chelsea,33,2646,48.31460674157304,77.24719101123596,24.15730337078652,41.29213483146067,81.46067415730337,46.348314606741575,78.08988764044943,15.168539325842698,64.32584269662921,62.92134831460674,55.89887640449438
586,Left Defensive Midfield,3437,Francis Joseph Coquelin,Arsenal,1,1969,97.19101123595506,77.24719101123596,26.96629213483146,13.764044943820226,97.19101123595506,32.02247191011236,95.50561797752809,22.752808988764045,19.382022471910112,15.730337078651685,87.64044943820225
598,Left Defensive Midfield,3464,James McArthur,Crystal Palace,31,2439,62.07865168539326,86.51685393258427,46.62921348314607,58.98876404494382,70.2247191011236,1.6853932584269662,41.01123595505618,34.55056179775281,70.50561797752809,68.82022471910112,88.76404494382022
608,Right Defensive Midfield,3478,Francesc Fàbregas i Soler,Chelsea,33,3119,28.370786516853936,39.8876404494382,74.15730337078652,94.9438202247191,52.24719101123596,100.0,83.14606741573034,11.797752808988763,92.97752808988764,97.19101123595506,24.719101123595504
627,Left Defensive Midfield,3517,Aaron Ramsey,Arsenal,1,2720,32.02247191011236,93.82022471910112,78.65168539325843,83.70786516853933,70.78651685393258,88.20224719101124,70.78651685393258,56.17977528089888,96.06741573033707,87.92134831460675,39.325842696629216
655,Right Defensive Midfield,3600,Morgan Schneiderlin,Manchester United,39,2346,85.39325842696628,47.752808988764045,49.43820224719101,19.662921348314608,96.06741573033707,29.49438202247191,55.0561797752809,79.7752808988764,45.78651685393258,15.730337078651685,33.42696629213483
661,Right Defensive Midfield,3607,James McCarthy,Everton,29,2730,14.887640449438203,11.51685393258427,45.2247191011236,38.764044943820224,80.33707865168539,23.595505617977526,70.2247191011236,29.213483146067414,64.32584269662921,62.92134831460674,55.0561797752809
670,Left Defensive Midfield,3626,Ben Watson,Watford,23,2922,61.23595505617978,7.303370786516854,42.69662921348314,78.65168539325843,11.235955056179774,67.97752808988764,47.752808988764045,18.53932584269663,45.78651685393258,15.730337078651685,72.47191011235955
672,Left Defensive Midfield,3633,Gareth Barry,Everton,29,3011,34.831460674157306,44.9438202247191,50.56179775280899,75.84269662921348,53.37078651685393,93.53932584269663,82.30337078651685,36.51685393258427,19.382022471910112,15.730337078651685,52.24719101123596
674,Left Defensive Midfield,3636,Charlie Adam,Stoke City,30,1127,8.98876404494382,85.39325842696628,21.34831460674157,60.95505617977528,7.303370786516854,83.70786516853933,5.617977528089887,95.50561797752809,70.50561797752809,68.82022471910112,6.460674157303371
688,Right Defensive Midfield,3665,Andrew Philip King,Leicester City,22,851,4.49438202247191,73.03370786516854,52.80898876404494,71.91011235955057,28.651685393258425,67.41573033707866,21.629213483146067,3.932584269662921,100.0,81.46067415730337,26.40449438202247
716,Center Defensive Midfield,3897,Pedro Mba Obiang Avomo,West Ham United,40,1046,64.60674157303372,50.0,90.4494382022472,11.235955056179774,28.08988764044944,27.52808988764045,87.35955056179775,52.80898876404494,19.382022471910112,73.59550561797754,27.52808988764045
722,Left Defensive Midfield,3961,N''Golo Kanté,Leicester City,22,3106,100.0,97.19101123595506,93.82022471910112,60.1123595505618,51.68539325842697,11.797752808988763,98.31460674157303,25.56179775280899,39.8876404494382,73.59550561797754,39.8876404494382
726,Left Defensive Midfield,3967,Claudio Ariel Yacob,West Bromwich Albion,27,3102,67.69662921348315,55.89887640449438,73.59550561797754,12.640449438202248,31.741573033707866,16.292134831460675,86.51685393258427,54.7752808988764,19.382022471910112,32.58426966292135,61.79775280898876
747,Left Defensive Midfield,4346,Gilbert Gianelli Imbula Wanga,Stoke City,30,1316,30.0561797752809,69.66292134831461,25.280898876404496,57.30337078651685,88.20224719101124,62.92134831460674,6.179775280898876,32.02247191011236,90.1685393258427,15.730337078651685,99.43820224719101
759,Center Defensive Midfield,4631,Leon Britton,Swansea City,26,1782,91.85393258426966,44.38202247191011,23.595505617977526,6.460674157303371,92.69662921348315,11.235955056179774,26.685393258426966,1.6853932584269662,19.382022471910112,15.730337078651685,21.34831460674157
784,Right Defensive Midfield,5475,John Michael Nchekwube Obinna,Chelsea,33,1799,62.92134831460674,58.42696629213483,51.12359550561798,11.235955056179774,98.31460674157303,29.49438202247191,60.67415730337079,61.51685393258427,19.382022471910112,56.17977528089888,28.08988764044944
785,Left Defensive Midfield,5489,Mile Jedinak,Crystal Palace,31,1505,89.8876404494382,40.73033707865169,82.02247191011236,39.8876404494382,5.617977528089887,72.47191011235955,73.03370786516854,90.73033707865169,19.382022471910112,15.730337078651685,14.04494382022472
792,Center Defensive Midfield,5685,Carlos Alberto Sánchez Moreno,Aston Villa,59,1519,20.224719101123593,83.70786516853933,28.651685393258425,4.49438202247191,48.87640449438202,24.719101123595504,77.52808988764045,33.146067415730336,19.382022471910112,15.730337078651685,40.44943820224719
799,Right Defensive Midfield,6631,Mathieu Flamini,Arsenal,1,1127,26.40449438202247,1.6853932584269662,14.606741573033707,17.696629213483146,87.07865168539325,25.842696629213485,34.831460674157306,23.876404494382022,19.382022471910112,15.730337078651685,3.3707865168539324
811,Center Defensive Midfield,7780,Lucas Pezzini Leiva,Liverpool,24,1975,56.46067415730337,55.89887640449438,85.95505617977528,71.91011235955057,66.85393258426966,91.01123595505618,98.87640449438202,94.9438202247191,19.382022471910112,49.43820224719101,67.13483146067416
819,Right Defensive Midfield,9452,Gary O''Neil,Norwich City,56,1784,80.33707865168539,82.58426966292134,48.31460674157304,25.0,13.764044943820226,69.10112359550563,73.87640449438202,69.9438202247191,19.382022471910112,15.730337078651685,53.08988764044944
820,Right Defensive Midfield,9463,Alexander Banor Tettey,Norwich City,56,2165,18.53932584269663,49.43820224719101,10.674157303370785,9.831460674157304,67.41573033707866,7.865168539325842,30.337078651685395,51.12359550561798,77.24719101123596,15.730337078651685,33.42696629213483
832,Right Defensive Midfield,9625,Glenn Whelan,Stoke City,30,3475,43.258426966292134,71.62921348314607,9.550561797752808,43.53932584269663,81.46067415730337,61.79775280898876,30.337078651685395,2.247191011235955,19.382022471910112,32.58426966292135,38.48314606741573
841,Left Defensive Midfield,9649,Jack Colback,Newcastle United,37,2636,53.37078651685393,19.662921348314608,55.33707865168539,48.59550561797753,59.55056179775281,19.662921348314608,75.28089887640449,72.75280898876404,45.78651685393258,39.60674157303371,32.02247191011236
854,Right Defensive Midfield,10956,Eric Dier,Tottenham Hotspur,38,3471,33.98876404494382,0.5617977528089888,17.415730337078653,41.29213483146067,65.73033707865169,73.03370786516854,19.101123595505616,24.719101123595504,70.50561797752809,56.17977528089888,10.674157303370785
863,Left Defensive Midfield,11386,Santiago Cazorla González,Arsenal,1,1402,6.741573033707865,94.9438202247191,2.247191011235955,100.0,85.95505617977528,97.75280898876404,47.752808988764045,9.550561797752808,19.382022471910112,96.34831460674157,100.0
872,Center Defensive Midfield,13846,Jan Kirchhoff,Sunderland,41,1322,94.9438202247191,73.03370786516854,33.146067415730336,67.97752808988764,2.8089887640449436,76.40449438202246,96.06741573033707,42.69662921348314,19.382022471910112,15.730337078651685,94.9438202247191
876,Right Defensive Midfield,16003,Fernando Francisco Reges,Manchester City,36,1589,94.10112359550563,46.06741573033708,82.02247191011236,14.887640449438203,94.66292134831461,3.3707865168539324,94.9438202247191,46.62921348314607,86.79775280898876,15.730337078651685,92.13483146067416
879,Left Defensive Midfield,16181,Jordy Clasie,Southampton,25,1885,56.46067415730337,4.213483146067416,59.55056179775281,33.98876404494382,41.57303370786517,33.146067415730336,44.662921348314605,8.707865168539326,19.382022471910112,15.730337078651685,77.52808988764045
886,Left Defensive Midfield,18414,Bastian Schweinsteiger,Manchester United,39,1212,6.741573033707865,75.28089887640449,35.95505617977528,51.40449438202247,78.37078651685393,97.19101123595506,63.76404494382022,44.9438202247191,70.50561797752809,15.730337078651685,9.550561797752808
995,Left Defensive Midfield,5255,Matías Vecino Falero,Fiorentina,239,2530,22.191011235955056,16.01123595505618,64.60674157303372,70.2247191011236,88.76404494382022,57.30337078651685,54.49438202247191,62.92134831460674,70.50561797752809,39.60674157303371,37.640449438202246
1002,Center Defensive Midfield,5510,Lucas Rodrigo Biglia,Lazio,236,2443,87.35955056179775,97.75280898876404,85.39325842696628,94.3820224719101,79.21348314606742,80.89887640449437,78.93258426966293,47.752808988764045,92.97752808988764,83.42696629213484,46.62921348314607
1006,Left Defensive Midfield,5554,Blerim Džemaili,Genoa,233,2053,9.831460674157304,14.04494382022472,54.49438202247191,82.58426966292134,39.8876404494382,20.786516853932586,23.03370786516854,27.247191011235955,90.1685393258427,73.59550561797754,4.49438202247191
1026,Right Defensive Midfield,6305,Milan Badelj,Fiorentina,239,2332,70.78651685393258,41.853932584269664,28.08988764044944,84.8314606741573,83.14606741573034,84.26966292134831,23.876404494382022,38.20224719101123,45.78651685393258,39.60674157303371,6.460674157303371
1030,Center Defensive Midfield,6577,Zdravko Kuzmanović,Udinese,230,1214,6.741573033707865,62.64044943820225,34.831460674157306,45.78651685393258,60.67415730337079,31.46067415730337,0.5617977528089888,82.58426966292134,19.382022471910112,15.730337078651685,89.60674157303372
1076,Center Defensive Midfield,6994,Marten de Roon,Atalanta,228,3279,78.08988764044943,28.08988764044944,99.43820224719101,38.764044943820224,29.213483146067414,54.49438202247191,94.3820224719101,83.14606741573034,39.8876404494382,32.58426966292135,75.84269662921348
1077,Right Defensive Midfield,6997,Borja Valero Iglesias,Fiorentina,239,3274,2.247191011235955,32.86516853932584,23.03370786516854,97.75280898876404,82.58426966292134,68.53932584269663,7.303370786516854,5.056179775280898,85.39325842696628,92.13483146067416,37.07865168539326
1093,Center Defensive Midfield,7024,Jorge Luiz Frello Filho,Napoli,227,2972,81.74157303370787,62.64044943820225,86.51685393258427,95.50561797752809,92.13483146067416,98.31460674157303,49.43820224719101,47.752808988764045,19.382022471910112,85.95505617977528,62.92134831460674
1107,Center Defensive Midfield,7041,Nicola Rigoni,Chievo,231,2049,24.43820224719101,52.24719101123596,53.37078651685393,21.06741573033708,47.19101123595505,64.8876404494382,46.348314606741575,29.213483146067414,90.1685393258427,49.43820224719101,35.1123595505618
1108,Center Defensive Midfield,7042,Ivan Radovanović,Chievo,231,2338,8.426966292134832,54.49438202247191,14.04494382022472,16.573033707865168,42.69662921348314,60.39325842696629,6.741573033707865,27.247191011235955,19.382022471910112,15.730337078651685,76.40449438202246
1115,Center Defensive Midfield,7051,Daniele De Rossi,AS Roma,229,2150,10.955056179775282,2.8089887640449436,0.5617977528089888,51.40449438202247,94.66292134831461,88.76404494382022,3.089887640449438,6.741573033707865,54.21348314606742,73.59550561797754,59.55056179775281
1130,Center Defensive Midfield,7127,Francesco Magnanelli,Sassuolo,232,3179,52.80898876404494,98.31460674157303,80.89887640449437,64.04494382022472,61.79775280898876,95.50561797752809,73.87640449438202,75.84269662921348,39.8876404494382,32.58426966292135,93.25842696629213
1138,Left Defensive Midfield,7147,Andrea Bertolacci,AC Milan,243,1969,20.224719101123593,75.28089887640449,77.52808988764045,71.91011235955057,55.0561797752809,42.13483146067416,72.19101123595506,61.51685393258427,54.21348314606742,49.43820224719101,56.74157303370787
1148,Center Defensive Midfield,7166,Riccardo Montolivo,AC Milan,243,2907,87.35955056179775,99.43820224719101,29.213483146067414,44.662921348314605,51.12359550561798,89.8876404494382,39.325842696629216,1.1235955056179776,19.382022471910112,39.60674157303371,83.70786516853933
1159,Right Defensive Midfield,7460,Isaac Cofie,Carpi,1683,2439,51.40449438202247,71.62921348314607,93.25842696629213,30.337078651685395,6.460674157303371,47.752808988764045,78.93258426966293,34.55056179775281,19.382022471910112,39.60674157303371,91.57303370786516
1171,Right Defensive Midfield,7475,Tomás Eduardo Rincón Hernández,Genoa,233,3085,35.95505617977528,91.01123595505618,39.8876404494382,80.33707865168539,76.40449438202246,51.96629213483146,37.359550561797754,76.40449438202246,77.24719101123596,94.10112359550563,66.01123595505618
1182,Right Defensive Midfield,7770,Federico Viviani,Hellas Verona,226,1595,86.23595505617978,93.25842696629213,67.97752808988764,99.43820224719101,27.52808988764045,96.06741573033707,83.98876404494382,58.98876404494382,96.06741573033707,98.87640449438202,55.89887640449438
1198,Right Defensive Midfield,7949,Artur Ioniţă,Hellas Verona,226,2528,44.10112359550562,20.786516853932586,98.87640449438202,56.46067415730337,40.44943820224719,0.5617977528089888,89.32584269662921,85.95505617977528,92.97752808988764,68.82022471910112,83.14606741573034
1222,Center Defensive Midfield,8284,Amadou Diawara,Bologna,240,2906,70.78651685393258,83.14606741573034,62.92134831460674,53.65168539325843,65.1685393258427,52.80898876404494,25.280898876404496,36.51685393258427,19.382022471910112,39.60674157303371,22.752808988764045
1224,Center Defensive Midfield,8294,Claudio Marchisio,Juventus,224,2143,66.01123595505618,79.7752808988764,8.98876404494382,70.2247191011236,89.32584269662921,79.21348314606742,39.8876404494382,20.224719101123593,19.382022471910112,73.59550561797754,67.13483146067416
1257,Right Defensive Midfield,9903,Yussif Raman Chibsah,Frosinone,291,1307,3.932584269662921,90.4494382022472,64.04494382022472,76.96629213483146,20.224719101123593,13.48314606741573,22.47191011235955,23.876404494382022,19.382022471910112,87.92134831460675,41.29213483146067
1301,Center Defensive Midfield,16308,Leandro Daniel Paredes,Empoli,290,2720,28.370786516853936,84.8314606741573,34.26966292134831,86.51685393258427,46.06741573033708,86.51685393258427,31.741573033707866,44.9438202247191,64.32584269662921,39.60674157303371,2.8089887640449436
1302,Right Defensive Midfield,16453,Gary Alexis Medel Soto,Inter Milan,238,2631,18.53932584269663,53.08988764044944,36.51685393258427,30.337078651685395,93.82022471910112,58.98876404494382,23.876404494382022,4.49438202247191,45.78651685393258,39.60674157303371,35.95505617977528
1303,Center Defensive Midfield,16586,Fernando Lucas Martins,Sampdoria,234,3178,81.74157303370787,75.28089887640449,43.53932584269663,89.8876404494382,64.04494382022472,73.59550561797754,34.831460674157306,68.82022471910112,86.79775280898876,56.17977528089888,25.280898876404496
1315,Center Defensive Midfield,20169,Seydou Kéita,AS Roma,229,1495,28.370786516853936,13.48314606741573,15.168539325842698,16.573033707865168,84.8314606741573,40.44943820224719,11.51685393258427,94.3820224719101,64.32584269662921,15.730337078651685,69.10112359550563
1320,Right Defensive Midfield,20636,Mirko Gori,Frosinone,291,2432,37.07865168539326,92.13483146067416,97.75280898876404,30.337078651685395,4.49438202247191,30.337078651685395,80.0561797752809,89.32584269662921,19.382022471910112,15.730337078651685,25.842696629213485
1329,Left Defensive Midfield,23349,Paolo Sammarco,Frosinone,291,2331,32.02247191011236,21.910112359550563,65.73033707865169,58.98876404494382,12.359550561797752,41.57303370786517,37.359550561797754,16.853932584269664,94.66292134831461,39.60674157303371,31.46067415730337
1338,Center Defensive Midfield,25345,Anderson Hernanes de Carvalho Andrade,Juventus,224,928,58.70786516853933,66.01123595505618,8.426966292134832,84.26966292134831,91.01123595505618,56.46067415730337,33.146067415730336,93.25842696629213,83.14606741573034,78.65168539325843,64.04494382022472
1339,Center Defensive Midfield,25430,Felipe Melo de Carvalho,Inter Milan,238,1966,49.43820224719101,16.01123595505618,17.97752808988764,26.40449438202247,81.46067415730337,53.37078651685393,53.93258426966292,50.56179775280899,54.21348314606742,49.43820224719101,11.797752808988763
1342,Center Defensive Midfield,25954,Enzo Maresca,Palermo,2256,935,9.831460674157304,94.3820224719101,16.292134831460675,65.73033707865169,58.42696629213483,94.3820224719101,80.0561797752809,12.640449438202248,83.14606741573034,15.730337078651685,92.69662921348315
1348,Left Defensive Midfield,26728,Alberto Facundo Costa,Fiorentina,239,1406,12.07865168539326,78.65168539325843,41.57303370786517,79.49438202247191,32.58426966292135,92.69662921348315,1.6853932584269662,53.37078651685393,19.382022471910112,15.730337078651685,44.10112359550562
1359,Center Defensive Midfield,30704,Gastón Brugman,Palermo,2256,931,58.70786516853933,98.87640449438202,96.06741573033707,87.35955056179775,50.56179775280899,82.02247191011236,51.40449438202247,75.28089887640449,19.382022471910112,78.65168539325843,17.134831460674157
1360,Center Defensive Midfield,30735,Mato Jajalo,Palermo,2256,2237,47.752808988764045,91.57303370786516,66.29213483146067,55.0561797752809,44.662921348314605,35.39325842696629,25.280898876404496,61.51685393258427,19.382022471910112,15.730337078651685,14.04494382022472
1369,Left Defensive Midfield,30911,Robert Gucher,Frosinone,291,1398,64.60674157303372,48.59550561797753,52.24719101123596,85.95505617977528,3.3707865168539324,66.85393258426966,85.67415730337079,14.04494382022472,19.382022471910112,15.730337078651685,94.3820224719101
1378,Left Defensive Midfield,31572,Luca Marrone,Hellas Verona,226,1785,10.955056179775282,45.50561797752809,50.0,83.14606741573034,33.70786516853933,46.348314606741575,26.685393258426966,37.640449438202246,59.269662921348306,90.73033707865169,89.60674157303372
1383,Center Defensive Midfield,32119,Leandro Greco,Hellas Verona,226,2061,24.43820224719101,30.89887640449438,69.10112359550563,66.85393258426966,62.35955056179775,39.325842696629216,37.359550561797754,64.32584269662921,54.21348314606742,15.730337078651685,19.101123595505616
1388,Right Defensive Midfield,33311,Ogenyi Eddy Onazi,Lazio,236,1310,45.78651685393258,62.64044943820225,82.02247191011236,53.65168539325843,50.0,44.38202247191011,28.932584269662918,16.292134831460675,64.32584269662921,62.92134831460674,59.55056179775281
1415,Center Defensive Midfield,40351,Alessandro Gazzi,Torino,241,1039,97.75280898876404,16.853932584269664,3.3707865168539324,65.73033707865169,73.59550561797754,21.910112359550563,4.213483146067416,92.41573033707866,19.382022471910112,15.730337078651685,78.93258426966293
1416,Center Defensive Midfield,40367,Francesco Lodi,Udinese,230,1871,12.921348314606742,51.40449438202247,32.02247191011236,89.32584269662921,21.34831460674157,98.87640449438202,1.1235955056179776,6.179775280898876,54.21348314606742,49.43820224719101,95.50561797752809
1422,Center Defensive Midfield,40430,Giuseppe Vives,Torino,241,2624,62.07865168539326,74.15730337078652,83.70786516853933,48.59550561797753,64.60674157303372,34.831460674157306,89.8876404494382,61.51685393258427,45.78651685393258,39.60674157303371,62.35955056179775
1439,Left Defensive Midfield,352172,Raffaele Bianco,Carpi,1683,1975,49.43820224719101,89.60674157303372,91.57303370786516,55.0561797752809,15.168539325842698,37.359550561797754,41.01123595505618,77.80898876404494,54.21348314606742,78.65168539325843,38.48314606741573
1479,Left Defensive Midfield,3500,Granit Xhaka,Borussia Mönchengladbach,185,2580,32.02247191011236,55.89887640449438,18.53932584269663,45.78651685393258,78.37078651685393,94.9438202247191,50.56179775280899,91.57303370786516,85.39325842696628,15.730337078651685,30.89887640449438
1483,Left Defensive Midfield,3545,Luiz Gustavo Dias,Wolfsburg,179,2028,16.573033707865168,28.651685393258425,30.337078651685395,17.696629213483146,90.4494382022472,12.921348314606742,17.696629213483146,53.93258426966292,54.21348314606742,49.43820224719101,12.640449438202248
1484,Left Defensive Midfield,3570,Pierre-Emile Højbjerg,Schalke 04,181,1197,81.74157303370787,88.48314606741573,78.08988764044943,38.764044943820224,86.51685393258427,49.157303370786515,49.43820224719101,97.19101123595506,19.382022471910112,68.82022471910112,23.876404494382022
1518,Right Defensive Midfield,5624,Albin Ekdal,Hamburger SV,171,1303,58.70786516853933,12.359550561797752,20.786516853932586,19.662921348314608,33.146067415730336,37.359550561797754,8.707865168539326,67.97752808988764,19.382022471910112,15.730337078651685,42.69662921348314
1522,Left Defensive Midfield,5664,Salif Sané,Hannover 96,178,2770,24.43820224719101,68.53932584269663,19.382022471910112,15.730337078651685,22.47191011235955,78.08988764044943,52.80898876404494,44.9438202247191,64.32584269662921,15.730337078651685,51.12359550561798
1531,Right Defensive Midfield,6039,Sebastian Rudy,Hoffenheim,175,2039,16.573033707865168,23.03370786516854,74.71910112359551,67.97752808988764,17.97752808988764,47.19101123595505,58.42696629213483,88.20224719101124,77.24719101123596,49.43820224719101,59.55056179775281
1537,Left Defensive Midfield,6324,Leon Goretzka,Schalke 04,181,2126,54.7752808988764,60.67415730337079,75.84269662921348,77.52808988764045,58.98876404494382,2.247191011235955,60.67415730337079,21.629213483146067,54.21348314606742,85.95505617977528,23.876404494382022
1541,Right Defensive Midfield,6717,Johannes Geis,Schalke 04,181,2498,2.8089887640449436,10.393258426966293,22.191011235955056,96.62921348314607,26.96629213483146,89.32584269662921,16.292134831460675,47.752808988764045,70.50561797752809,95.50561797752809,17.134831460674157
1550,Right Defensive Midfield,8207,Dominik Kohr,Augsburg,172,2780,54.7752808988764,1.1235955056179776,67.41573033707866,8.146067415730338,23.03370786516854,26.40449438202247,67.13483146067416,88.76404494382022,19.382022471910112,62.92134831460674,90.4494382022472
1562,Left Defensive Midfield,8222,Kevin Kampl,Bayer Leverkusen,904,1769,58.70786516853933,96.62921348314607,58.98876404494382,65.73033707865169,44.662921348314605,74.71910112359551,27.808988764044944,48.87640449438202,94.66292134831461,81.46067415730337,93.82022471910112
1566,Right Defensive Midfield,8230,Josuha Guilavogui,Wolfsburg,179,2401,60.67415730337079,35.39325842696629,53.93258426966292,52.52808988764045,89.8876404494382,45.50561797752809,62.07865168539326,81.74157303370787,70.50561797752809,15.730337078651685,65.1685393258427
1567,Left Defensive Midfield,8231,Yannick Gerhardt,FC Köln,186,2040,38.48314606741573,37.07865168539326,89.32584269662921,75.0,34.831460674157306,7.303370786516854,47.752808988764045,22.752808988764045,77.24719101123596,94.10112359550563,35.1123595505618
1569,Left Defensive Midfield,8233,Gonzalo Castro Randon,Borussia Dortmund,180,1461,5.056179775280898,17.696629213483146,46.06741573033708,92.69662921348315,57.58426966292135,53.93258426966292,28.932584269662918,3.089887640449438,98.03370786516854,100.0,49.43820224719101
1570,Left Defensive Midfield,8235,Maximilian Arnold,Wolfsburg,179,2036,16.573033707865168,35.95505617977528,61.23595505617978,96.06741573033707,73.03370786516854,58.14606741573034,10.112359550561797,80.89887640449437,90.1685393258427,73.59550561797754,15.730337078651685
1572,Right Defensive Midfield,8238,Mahmoud Dahoud,Borussia Mönchengladbach,185,2488,16.573033707865168,43.82022471910113,69.66292134831461,79.49438202247191,68.53932584269663,17.415730337078653,42.69662921348314,77.80898876404494,98.03370786516854,97.75280898876404,48.31460674157304
1590,Left Defensive Midfield,8317,Daniel Baier,Augsburg,172,2594,49.43820224719101,46.62921348314607,5.056179775280898,91.01123595505618,11.797752808988763,87.07865168539325,10.112359550561797,10.112359550561797,45.78651685393258,62.92134831460674,21.34831460674157
1595,Right Defensive Midfield,8323,Gideon Jung,Hamburger SV,171,1208,6.741573033707865,55.89887640449438,71.34831460674157,8.146067415730338,25.280898876404496,2.8089887640449436,19.101123595505616,56.17977528089888,19.382022471910112,15.730337078651685,66.01123595505618
1599,Left Defensive Midfield,8388,Jérôme Gondorf,Darmstadt 98,872,3061,33.98876404494382,53.08988764044944,92.13483146067416,33.98876404494382,1.1235955056179776,18.258426966292134,33.146067415730336,51.96629213483146,77.24719101123596,83.42696629213484,10.112359550561797
1601,Center Defensive Midfield,8390,Philipp Bargfrede,Werder Bremen,176,1303,32.02247191011236,51.40449438202247,51.68539325842697,26.40449438202247,8.426966292134832,42.97752808988764,84.8314606741573,54.7752808988764,19.382022471910112,62.92134831460674,85.39325842696628
1607,Left Defensive Midfield,8397,Kevin Vogt,FC Köln,186,1575,3.3707865168539324,14.606741573033707,79.21348314606742,56.46067415730337,45.50561797752809,76.96629213483146,11.51685393258427,33.146067415730336,19.382022471910112,83.42696629213484,59.55056179775281
1611,Left Defensive Midfield,8404,Eugen Polanski,Hoffenheim,175,1859,40.168539325842694,48.59550561797753,94.9438202247191,62.35955056179775,24.15730337078652,61.23595505617978,46.348314606741575,67.13483146067416,54.21348314606742,89.32584269662921,5.056179775280898
1622,Left Defensive Midfield,8539,Danny Latza,FSV Mainz 05,177,1855,18.53932584269663,67.97752808988764,96.62921348314607,87.35955056179775,43.258426966292134,58.14606741573034,82.30337078651685,90.73033707865169,19.382022471910112,78.65168539325843,82.02247191011236
1625,Right Defensive Midfield,8543,Manuel Schmiedebach,Hannover 96,178,2031,38.48314606741573,70.50561797752809,84.5505617977528,64.04494382022472,10.112359550561797,63.48314606741573,42.69662921348314,66.01123595505618,54.21348314606742,49.43820224719101,54.49438202247191
1634,Right Defensive Midfield,8556,Pirmin Schwegler,Hoffenheim,175,1491,22.191011235955056,6.179775280898876,45.2247191011236,41.29213483146067,46.62921348314607,32.58426966292135,53.37078651685393,71.34831460674157,19.382022471910112,15.730337078651685,12.640449438202248
1639,Left Defensive Midfield,8561,Fabian Frei,FSV Mainz 05,177,1013,42.41573033707865,20.224719101123593,48.87640449438202,60.95505617977528,20.786516853932586,23.03370786516854,14.325842696629213,59.8314606741573,19.382022471910112,94.10112359550563,21.34831460674157
1647,Right Defensive Midfield,8578,Per Ciljan Skjelbred,Hertha Berlin,173,2864,26.96629213483146,25.0,55.33707865168539,11.235955056179774,75.84269662921348,9.550561797752808,31.741573033707866,63.48314606741573,19.382022471910112,62.92134831460674,72.47191011235955
1658,Right Defensive Midfield,8805,Christoph Kramer,Bayer Leverkusen,904,2598,1.1235955056179776,80.89887640449437,72.47191011235955,37.359550561797754,61.23595505617978,42.97752808988764,62.92134831460674,19.101123595505616,19.382022471910112,39.60674157303371,78.08988764044943
1668,Center Defensive Midfield,8816,Julian Weigl,Borussia Dortmund,180,2294,12.07865168539326,67.13483146067416,31.46067415730337,44.662921348314605,100.0,84.8314606741573,13.48314606741573,25.56179775280899,19.382022471910112,15.730337078651685,16.292134831460675
1676,Right Defensive Midfield,8827,Matthias Lehmann,FC Köln,186,2871,13.48314606741573,5.056179775280898,37.359550561797754,43.53932584269663,55.61797752808989,62.35955056179775,3.089887640449438,50.0,19.382022471910112,62.92134831460674,8.146067415730338
1681,Left Defensive Midfield,8891,Lewis Harry Holtby,Hamburger SV,171,3160,14.04494382022472,80.33707865168539,95.50561797752809,80.89887640449437,31.741573033707866,65.73033707865169,71.34831460674157,81.74157303370787,77.24719101123596,56.17977528089888,45.50561797752809
1690,Left Defensive Midfield,8959,Christian Gentner,VfB Stuttgart,174,2673,22.191011235955056,17.696629213483146,76.40449438202246,69.10112359550563,8.98876404494382,69.66292134831461,44.662921348314605,41.29213483146067,96.06741573033707,62.92134831460674,64.60674157303372
1692,Right Defensive Midfield,8969,Lars Bender,Bayer Leverkusen,904,1018,6.741573033707865,19.101123595505616,66.85393258426966,48.59550561797753,25.842696629213485,64.8876404494382,59.55056179775281,44.9438202247191,77.24719101123596,73.59550561797754,1.1235955056179776
1718,Right Defensive Midfield,9407,Gojko Kačar,Hamburger SV,171,1110,14.887640449438203,8.98876404494382,88.76404494382022,1.6853932584269662,34.26966292134831,26.96629213483146,88.76404494382022,72.75280898876404,77.24719101123596,15.730337078651685,59.55056179775281
1737,Right Defensive Midfield,10896,Marc Stendera,Eintracht Frankfurt,184,2218,30.0561797752809,73.03370786516854,98.31460674157303,75.0,5.056179775280898,74.15730337078652,90.4494382022472,73.59550561797754,77.24719101123596,49.43820224719101,76.96629213483146
1749,Right Defensive Midfield,11395,Lukas Rupp,VfB Stuttgart,174,2217,44.10112359550562,87.07865168539325,97.19101123595506,85.39325842696628,12.921348314606742,20.224719101123593,74.71910112359551,29.213483146067414,99.15730337078652,92.13483146067416,59.55056179775281
1750,Left Defensive Midfield,11396,Florian Grillitsch,Werder Bremen,176,2135,75.28089887640449,42.69662921348314,88.20224719101124,67.97752808988764,9.550561797752808,14.887640449438203,27.808988764044944,7.865168539325842,54.21348314606742,73.59550561797754,2.247191011235955
1762,Left Defensive Midfield,12321,Tobias Strobl,Hoffenheim,175,2047,47.19101123595505,9.550561797752808,71.91011235955057,35.674157303370784,60.1123595505618,56.46067415730337,58.42696629213483,57.865168539325836,19.382022471910112,49.43820224719101,8.146067415730338
1775,Center Defensive Midfield,13332,Romain Brégerie,Ingolstadt,189,1112,52.24719101123596,2.247191011235955,16.853932584269664,18.53932584269663,1.6853932584269662,49.157303370786515,5.056179775280898,0.5617977528089888,19.382022471910112,15.730337078651685,0.5617977528089888
1786,Left Defensive Midfield,18888,Szabolcs Huszti,Eintracht Frankfurt,184,1297,25.842696629213485,34.831460674157306,87.64044943820225,98.31460674157303,3.932584269662921,50.28089887640449,68.25842696629213,98.31460674157303,64.32584269662921,62.92134831460674,84.5505617977528
1791,Right Defensive Midfield,20037,Julian Baumgartlinger,FSV Mainz 05,177,2776,50.56179775280899,57.865168539325836,100.0,50.0,69.66292134831461,18.258426966292134,72.19101123595506,67.13483146067416,64.32584269662921,39.60674157303371,20.224719101123593
1792,Center Defensive Midfield,20133,Xabier Alonso Olano,Bayern Munich,169,2112,0.5617977528089888,7.865168539325842,11.235955056179774,91.57303370786516,97.75280898876404,99.43820224719101,41.01123595505618,36.51685393258427,19.382022471910112,73.59550561797754,72.47191011235955
1840,Left Defensive Midfield,30439,Tolga Ciğerci,Hertha Berlin,173,1193,45.78651685393258,76.40449438202246,61.79775280898876,52.52808988764045,54.49438202247191,12.359550561797752,35.95505617977528,14.04494382022472,19.382022471910112,90.73033707865169,41.29213483146067
1844,Center Defensive Midfield,34558,Sereso Geoffroy Gonzaroua Dié,VfB Stuttgart,174,2119,35.95505617977528,95.50561797752809,33.70786516853933,55.0561797752809,67.97752808988764,41.01123595505618,69.10112359550563,42.13483146067416,54.21348314606742,73.59550561797754,72.47191011235955
1854,Center Defensive Midfield,40459,Roger de Oliveira Bernardo,Ingolstadt,189,2592,32.02247191011236,79.21348314606742,19.382022471910112,6.460674157303371,2.247191011235955,28.370786516853936,15.44943820224719,30.337078651685395,45.78651685393258,15.730337078651685,30.337078651685395
1859,Right Defensive Midfield,40467,Peter Niemeyer,Darmstadt 98,872,2880,20.224719101123593,15.168539325842698,75.28089887640449,3.932584269662921,0.5617977528089888,19.101123595505616,14.325842696629213,84.8314606741573,64.32584269662921,15.730337078651685,1.6853932584269662
1880,Center Defensive Midfield,400619,Stefan Reinartz,Eintracht Frankfurt,184,1288,66.01123595505618,32.86516853932584,29.775280898876407,26.40449438202247,69.10112359550563,79.7752808988764,10.112359550561797,41.29213483146067,64.32584269662921,62.92134831460674,28.932584269662918
1894,Left Defensive Midfield,27341,Marcelo Alfonso Díaz Rojas,Celta Vigo,209,929,74.71910112359551,92.69662921348315,37.359550561797754,23.314606741573034,95.50561797752809,92.13483146067416,4.213483146067416,12.640449438202248,19.382022471910112,78.65168539325843,6.460674157303371
