,main_position,player_id,player_name,team,team_id,minutes_played,tackle_success_rate,tackles_successful_per90,interceptions_per90,interception_success_rate,pressures_per90,chances_created_per90,pass_completion_rate,progressive_carries_per90,crosses_completed_per90,duels_won_per90,fouls_committed_per90,goals_scored_per90,goal_assists_per90
0,Left Back,3023,Yuri Berchiche Izeta,Real Sociedad,210,1954,59.92217898832685,62.06225680933852,94.94163424124513,74.31906614785993,51.36186770428015,63.22957198443579,45.3307392996109,73.54085603112841,69.06614785992218,59.53307392996109,67.31517509727627,29.18287937743191,95.3307392996109
1,Right Back,3063,Danilo Luiz da Silva,Real Madrid,220,2136,87.15953307392996,88.32684824902724,92.99610894941634,68.28793774319067,27.82101167315175,53.89105058365759,96.49805447470817,73.92996108949417,64.2023346303502,88.52140077821011,83.26848249027238,88.13229571984435,98.0544747081712
20,Right Back,4324,Daniel Alves da Silva,Barcelona,217,2218,89.88326848249028,83.0739299610895,32.1011673151751,35.797665369649806,72.568093385214,73.54085603112841,97.27626459143968,94.94163424124513,95.52529182879378,73.92996108949417,84.43579766536965,29.18287937743191,92.80155642023347
25,Right Back,4546,Dimitri Foulquier,Granada,1049,1491,75.68093385214007,65.36964980544747,60.11673151750973,2.3346303501945527,66.34241245136187,50.583657587548636,60.311284046692606,49.221789883268485,38.32684824902724,65.75875486381322,80.93385214007782,80.93385214007782,55.252918287937746
38,Left Back,5211,Jordi Alba Ramos,Barcelona,217,2679,92.80155642023347,36.57587548638132,42.217898832684824,26.07003891050584,15.17509727626459,56.03112840466926,97.66536964980544,73.15175097276264,64.2023346303502,39.688715953307394,10.505836575875486,29.18287937743191,97.08171206225681
55,Left Back,5552,Marcelo Vieira da Silva Júnior,Real Madrid,220,2597,94.55252918287937,85.21400778210116,90.27237354085604,45.91439688715953,12.062256809338521,96.49805447470817,89.49416342412452,98.24902723735408,85.40856031128405,87.54863813229572,9.53307392996109,80.93385214007782,75.29182879377431
60,Left Back,5588,Antonio Rukavina,Villarreal,222,1302,14.007782101167315,29.571984435797667,63.81322957198443,23.73540856031128,6.614785992217899,5.642023346303502,66.9260700389105,3.8910505836575875,0.5836575875486382,25.680933852140075,55.6420233463035,29.18287937743191,16.731517509727624
69,Right Back,5721,Daniel Carvajal Ramos,Real Madrid,220,1756,31.1284046692607,23.346303501945524,96.10894941634241,93.77431906614785,60.505836575875485,96.10894941634241,98.0544747081712,88.32684824902724,99.61089494163424,20.428015564202333,86.57587548638132,29.18287937743191,97.08171206225681
74,Left Back,6320,Filipe Luís Kasmirski,Atlético Madrid,212,2977,93.3852140077821,99.61089494163424,100.0,89.49416342412452,69.26070038910505,70.03891050583657,79.1828793774319,97.66536964980544,48.054474708171206,99.61089494163424,38.52140077821012,65.75875486381322,84.43579766536965
79,Right Back,6375,Juan Francisco Torres Belén,Atlético Madrid,212,3162,35.21400778210117,26.848249027237355,79.1828793774319,57.58754863813229,5.252918287937743,57.97665369649806,55.6420233463035,37.7431906614786,92.60700389105058,25.680933852140075,52.723735408560316,60.311284046692606,34.43579766536965
83,Right Back,6379,Sergi Roberto Carnicer,Barcelona,217,1935,28.793774319066145,44.94163424124514,32.1011673151751,50.38910505836576,74.70817120622569,64.78599221789884,98.44357976653697,85.60311284046692,35.992217898832685,43.57976653696498,21.595330739299612,29.18287937743191,99.22178988326849
88,Right Back,6386,Eneko Bóveda Altube,Athletic Club,215,1396,25.680933852140075,57.003891050583654,98.83268482490273,54.86381322957199,80.54474708171206,48.63813229571984,55.05836575875487,86.7704280155642,83.85214007782102,46.69260700389105,63.42412451361867,29.18287937743191,16.731517509727624
93,Left Back,6392,Íñigo Lekue Martínez,Athletic Club,215,1115,88.715953307393,97.47081712062257,84.8249027237354,64.59143968871595,85.21400778210116,71.98443579766537,39.688715953307394,77.23735408560312,97.27626459143968,96.88715953307393,30.544747081712064,88.13229571984435,16.731517509727624
106,Right Back,6569,Roberto José Rosales Altuve,Málaga,223,3260,44.55252918287938,79.76653696498055,84.8249027237354,81.32295719844358,35.797665369649806,35.21400778210117,31.517509727626457,38.91050583657588,42.4124513618677,81.71206225680933,32.68482490272373,29.18287937743191,65.75875486381322
114,Left Back,6596,José Luis Gayà Peña,Valencia,207,1397,28.404669260700388,89.49416342412452,46.69260700389105,56.6147859922179,58.754863813229576,75.09727626459144,75.87548638132296,65.1750972762646,65.1750972762646,92.60700389105058,18.09338521400778,29.18287937743191,16.731517509727624
118,Right Back,6605,Joseba Zaldúa Bengoetxea,Real Sociedad,210,926,13.229571984435799,54.6692607003891,29.18287937743191,1.9455252918287937,72.568093385214,32.295719844357976,13.618677042801556,22.957198443579767,86.38132295719845,56.42023346303502,98.83268482490273,29.18287937743191,16.731517509727624
123,Left Back,6612,Rubén Duarte Sánchez,Espanyol,214,1955,64.98054474708171,79.76653696498055,83.46303501945526,13.618677042801556,56.03112840466926,29.377431906614788,26.653696498054476,18.28793774319066,53.69649805447471,80.1556420233463,81.90661478599222,29.18287937743191,43.57976653696498
131,Right Back,6627,Damián Nicolás Suárez Suárez,Getafe,216,2796,63.81322957198443,69.06614785992218,75.29182879377431,68.28793774319067,74.31906614785993,75.09727626459144,59.92217898832685,25.680933852140075,35.992217898832685,72.17898832684824,75.87548638132296,29.18287937743191,71.40077821011673
135,Right Back,6649,Óscar de Marcos Arana,Athletic Club,215,3067,38.52140077821012,75.09727626459144,95.3307392996109,75.87548638132296,84.8249027237354,38.52140077821012,34.63035019455253,45.13618677042802,77.431906614786,76.65369649805449,43.57976653696498,60.311284046692606,65.75875486381322
142,Right Back,6663,Antonio Barragán Fernández,Valencia,207,1772,81.71206225680933,67.31517509727627,87.54863813229572,52.52918287937744,44.3579766536965,21.40077821011673,68.09338521400778,40.46692607003891,34.43579766536965,71.20622568093385,95.3307392996109,29.18287937743191,16.731517509727624
148,Right Back,6672,Jorge Andújar Moreno,Sevilla,213,1864,40.66147859922179,40.27237354085603,69.26070038910505,66.9260700389105,46.69260700389105,18.482490272373543,30.739299610894943,57.58754863813229,13.424124513618677,40.66147859922179,80.1556420233463,71.78988326848248,43.57976653696498
150,Left Back,6674,Alberto De La Bella Madureño,Real Sociedad,210,1299,7.392996108949417,24.708171206225682,64.78599221789884,14.396887159533073,17.120622568093385,38.52140077821012,42.996108949416346,31.906614785992215,53.69649805447471,27.237354085603112,66.53696498054474,29.18287937743191,16.731517509727624
151,Left Back,6675,Antonio Manuel Luna Rodríguez,Eibar,322,1111,49.0272373540856,70.42801556420234,92.02334630350194,51.55642023346303,31.517509727626457,21.40077821011673,22.56809338521401,20.428015564202333,45.719844357976655,76.07003891050583,6.031128404669261,29.18287937743191,65.75875486381322
153,Right Back,6679,Aritz Elustondo Irribaria,Real Sociedad,210,2786,47.276264591439684,47.66536964980545,91.43968871595331,64.59143968871595,37.7431906614786,18.482490272373543,47.85992217898833,43.190661478599225,48.054474708171206,51.36186770428015,41.43968871595331,65.75875486381322,16.731517509727624
161,Right Back,6699,Ander Capa Rodríguez,Eibar,322,3160,58.754863813229576,83.0739299610895,96.88715953307393,38.91050583657588,47.081712062256805,39.494163424124515,1.556420233463035,82.87937743190662,60.505836575875485,72.76264591439688,80.1556420233463,76.45914396887159,79.76653696498055
170,Left Back,6718,Sergio Escudero Palomo,Sevilla,213,1212,4.669260700389105,46.88715953307393,91.05058365758755,88.91050583657587,65.36964980544747,89.6887159533074,33.46303501945525,70.42801556420234,89.6887159533074,58.36575875486382,91.43968871595331,84.63035019455253,16.731517509727624
180,Left Back,6734,Luis Carlos Correia Pinto,RC Deportivo La Coruña,219,1029,37.35408560311284,81.51750972762646,34.43579766536965,4.085603112840467,86.38132295719845,15.56420233463035,12.062256809338521,82.49027237354085,14.785992217898833,82.68482490272373,95.71984435797665,29.18287937743191,16.731517509727624
184,Right Back,6738,Juan Francisco Moreno Fuertes,RC Deportivo La Coruña,219,2791,79.37743190661479,44.94163424124514,94.55252918287937,42.80155642023346,17.898832684824903,41.43968871595331,19.06614785992218,59.53307392996109,48.054474708171206,48.83268482490272,2.3346303501945527,65.75875486381322,16.731517509727624
202,Right Back,6772,Mario Gaspar Pérez Martínez,Villarreal,222,2982,13.618677042801556,40.27237354085603,39.688715953307394,7.587548638132295,12.45136186770428,9.53307392996109,48.249027237354085,38.52140077821012,6.420233463035019,45.525291828793776,28.01556420233463,80.93385214007782,38.13229571984436
204,Left Back,6776,David Juncà Reñé,Eibar,322,2327,66.53696498054474,76.65369649805449,80.73929961089495,50.97276264591439,53.69649805447471,61.478599221789885,9.33852140077821,70.8171206225681,84.8249027237354,79.1828793774319,78.59922178988327,29.18287937743191,91.24513618677042
208,Left Back,6784,Antonio García Aranda,Levante UD,221,2417,84.04669260700389,29.571984435797667,80.1556420233463,32.68482490272373,25.291828793774318,67.70428015564202,28.793774319066145,74.90272373540856,73.92996108949417,29.571984435797667,92.80155642023347,29.18287937743191,59.92217898832685
209,Right Back,6787,Pedro López Muñoz,Levante UD,221,1491,19.45525291828794,21.595330739299612,72.37354085603113,34.43579766536965,40.856031128404666,3.8910505836575875,67.31517509727627,24.31906614785992,28.21011673151751,21.98443579766537,72.37354085603113,80.93385214007782,16.731517509727624
211,Left Back,6789,Mikel Balenziaga Oruesagasti,Athletic Club,215,3070,32.295719844357976,42.80155642023346,93.3852140077821,76.65369649805449,58.754863813229576,51.9455252918288,63.035019455252915,41.43968871595331,70.8171206225681,41.245136186770424,50.19455252918288,29.18287937743191,65.75875486381322
212,Right Back,6791,Javier López Rodríguez,Espanyol,214,2603,78.21011673151752,88.715953307393,97.27626459143968,94.94163424124513,69.64980544747081,13.229571984435799,26.07003891050584,28.793774319066145,48.054474708171206,91.63424124513618,92.80155642023347,29.18287937743191,55.252918287937746
219,Left Back,6802,Jonathan Castro Otto,Celta Vigo,209,3170,52.14007782101168,50.97276264591439,97.85992217898833,80.35019455252919,77.431906614786,46.69260700389105,90.6614785992218,62.64591439688716,28.21011673151751,51.36186770428015,61.86770428015564,60.311284046692606,79.76653696498055
221,Right Back,6805,Hugo Mallo Novegil,Celta Vigo,209,3075,23.73540856031128,64.39688715953308,81.71206225680933,33.65758754863813,73.15175097276264,21.40077821011673,76.45914396887159,30.35019455252918,18.09338521400778,65.1750972762646,85.01945525291829,60.311284046692606,79.76653696498055
225,Left Back,6828,Jaume Vicent Costa Jordá,Villarreal,222,1584,21.78988326848249,71.59533073929961,96.49805447470817,62.45136186770428,24.90272373540856,6.614785992217899,78.21011673151752,12.45136186770428,3.501945525291829,69.8443579766537,64.39688715953308,76.45914396887159,49.61089494163424
236,Left Back,6856,Carlos Martín Vigaray,Getafe,216,1300,54.08560311284047,87.93774319066148,69.26070038910505,48.44357976653696,55.6420233463035,32.295719844357976,52.723735408560316,11.089494163424124,4.863813229571985,83.26848249027238,74.70817120622569,80.93385214007782,16.731517509727624
240,Right Back,6865,Francisco José Molinero Calderón,Real Betis,218,1396,93.96887159533074,72.568093385214,77.23735408560312,83.26848249027238,23.151750972762645,18.482490272373543,53.69649805447471,16.536964980544745,21.78988326848249,66.34241245136187,87.7431906614786,29.18287937743191,55.252918287937746
245,Left Back,6878,Miguel Torres Gómez,Málaga,223,2046,39.88326848249027,63.42412451361867,23.151750972762645,5.836575875486381,18.28793774319066,26.07003891050584,21.011673151750973,1.1673151750972763,20.038910505836576,58.36575875486382,35.019455252918284,29.18287937743191,65.75875486381322
253,Left Back,6913,Fernando Navarro i Corbacho,RC Deportivo La Coruña,219,3256,57.19844357976653,74.31906614785993,92.60700389105058,85.60311284046692,20.233463035019454,14.396887159533073,41.82879377431907,21.78988326848249,7.392996108949417,68.48249027237354,43.190661478599225,29.18287937743191,49.61089494163424
254,Left Back,6914,Roberto Román Triguero,Rayo Vallecano,360,2694,68.8715953307393,20.428015564202333,62.45136186770428,50.38910505836576,30.739299610894943,39.494163424124515,73.15175097276264,17.898832684824903,28.21011673151751,23.540856031128403,57.58754863813229,65.75875486381322,75.29182879377431
257,Right Back,6927,David García Santana,Las Palmas,208,1674,44.55252918287938,38.13229571984436,89.10505836575877,47.85992217898833,2.7237354085603114,26.07003891050584,80.93385214007782,6.22568093385214,14.785992217898833,37.54863813229572,7.392996108949417,93.77431906614785,49.61089494163424
260,Left Back,6932,Dani Castellano Betancor,Las Palmas,208,2325,52.52918287937744,51.9455252918288,98.83268482490273,64.59143968871595,26.459143968871597,24.5136186770428,82.87937743190662,88.715953307393,16.147859922178988,45.525291828793776,40.27237354085603,29.18287937743191,16.731517509727624
262,Left Back,6935,Adrián Marín Gómez,Villarreal,222,933,75.68093385214007,96.49805447470817,62.45136186770428,6.809338521400778,39.29961089494164,40.46692607003891,54.474708171206224,31.517509727626457,45.719844357976655,98.0544747081712,48.44357976653696,29.18287937743191,16.731517509727624
264,Right Back,7005,João Pedro Cavaco Cancelo,Valencia,207,2322,52.918287937743195,67.89883268482491,95.71984435797665,75.4863813229572,45.719844357976655,46.69260700389105,50.0,84.43579766536965,51.16731517509727,74.90272373540856,85.99221789883269,65.75875486381322,91.24513618677042
269,Left Back,7158,Cristiano Biraghi,Granada,1049,2988,12.062256809338521,35.019455252918284,49.221789883268485,39.88326848249027,10.116731517509727,32.295719844357976,14.396887159533073,18.67704280155642,45.719844357976655,31.1284046692607,63.42412451361867,29.18287937743191,38.13229571984436
271,Left Back,7577,Carles Planas Antolínez,Celta Vigo,209,1676,35.21400778210117,86.57587548638132,85.99221789883269,33.07392996108949,91.05058365758755,24.5136186770428,66.14785992217898,63.035019455252915,30.544747081712064,83.65758754863813,32.68482490272373,29.18287937743191,75.29182879377431
279,Right Back,7906,David Simón Rodríguez Santana,Las Palmas,208,2236,98.44357976653697,69.06614785992218,18.8715953307393,5.836575875486381,71.59533073929961,67.12062256809338,73.54085603112841,44.55252918287938,61.478599221789885,69.8443579766537,92.80155642023347,71.78988326848248,65.75875486381322
293,Right Back,8801,Iván López Mendoza,Levante UD,221,933,87.93774319066148,95.3307392996109,69.26070038910505,60.311284046692606,38.91050583657588,18.482490272373543,19.844357976653697,46.88715953307393,9.53307392996109,95.71984435797665,88.715953307393,29.18287937743191,16.731517509727624
310,Left Back,11298,José Ignacio Martínez García,Rayo Vallecano,360,2040,85.21400778210116,60.505836575875485,66.53696498054474,52.14007782101168,54.474708171206224,27.626459143968873,32.490272373540854,16.536964980544745,12.062256809338521,63.42412451361867,69.64980544747081,29.18287937743191,16.731517509727624
315,Right Back,11634,Cristiano Piccini,Real Betis,218,1495,87.54863813229572,89.49416342412452,87.54863813229572,84.04669260700389,29.571984435797667,63.22957198443579,54.08560311284047,72.37354085603113,79.37743190661479,88.52140077821011,87.7431906614786,29.18287937743191,16.731517509727624
328,Right Back,16332,Ognjen Vranješ,Sporting Gijón,1041,929,44.55252918287938,92.60700389105058,86.7704280155642,23.73540856031128,85.7976653696498,1.556420233463035,15.56420233463035,1.9455252918287937,9.53307392996109,93.57976653696498,100.0,29.18287937743191,16.731517509727624
351,Right Back,20064,Hugo Miguel Almeida Costa Lopes,Granada,1049,2153,43.57976653696498,93.57976653696498,78.40466926070039,37.93774319066148,44.74708171206226,37.35408560311284,50.0,38.13229571984436,10.700389105058365,95.3307392996109,53.89105058365759,29.18287937743191,43.57976653696498
357,Right Back,21210,Mariano Ferreira Filho,Sevilla,213,1673,69.45525291828794,81.51750972762646,82.68482490272373,56.6147859922179,21.40077821011673,89.6887159533074,17.898832684824903,54.280155642023345,98.83268482490273,76.07003891050583,72.37354085603113,29.18287937743191,75.29182879377431
366,Right Back,23800,Laureano Sanabria Ruiz,RC Deportivo La Coruña,219,1483,96.10894941634241,93.57976653696498,88.52140077821011,29.18287937743191,50.97276264591439,32.295719844357976,42.996108949416346,21.011673151750973,51.16731517509727,91.05058365758755,77.82101167315176,29.18287937743191,16.731517509727624
386,Left Back,24132,Francisco Miguel Varela Martín,Real Betis,218,934,16.147859922178988,9.53307392996109,42.217898832684824,11.673151750972762,5.252918287937743,68.48249027237354,35.019455252918284,11.089494163424124,78.40466926070039,7.198443579766536,4.669260700389105,29.18287937743191,16.731517509727624
387,Right Back,24138,Joaquín José Marín Ruiz,Rayo Vallecano,360,2044,85.60311284046692,100.0,82.68482490272373,41.245136186770424,92.21789883268482,27.626459143968873,10.894941634241246,27.237354085603112,20.038910505836576,100.0,93.96887159533074,29.18287937743191,43.57976653696498
395,Left Back,24263,Ismael López Blanco,Sporting Gijón,1041,2601,88.32684824902724,81.51750972762646,90.27237354085604,88.32684824902724,59.72762645914397,49.61089494163424,23.346303501945524,78.98832684824903,53.69649805447471,84.63035019455253,25.291828793774318,80.93385214007782,16.731517509727624
418,Left Back,26023,Juan Francisco García García,Levante UD,221,1773,93.96887159533074,44.94163424124514,87.54863813229572,92.60700389105058,1.1673151750972763,7.782101167315175,5.447470817120623,17.120622568093385,20.038910505836576,56.42023346303502,25.291828793774318,29.18287937743191,49.61089494163424
429,Left Back,26448,Javier Garrido Behovide,Las Palmas,208,1674,25.680933852140075,10.700389105058365,65.56420233463035,91.43968871595331,2.3346303501945527,13.618677042801556,95.71984435797665,29.571984435797667,30.544747081712064,15.369649805447471,16.731517509727624,29.18287937743191,49.61089494163424
432,Right Back,26633,Alberto Lora Ramos,Sporting Gijón,1041,2424,33.26848249027237,62.06225680933852,92.02334630350194,59.92217898832685,50.583657587548636,57.97665369649806,46.30350194552529,8.949416342412452,40.66147859922179,67.31517509727627,46.30350194552529,29.18287937743191,79.76653696498055
443,Left Back,26780,Guilherme Magdalena Siqueira,Valencia,207,1398,82.10116731517509,57.003891050583654,72.95719844357976,35.21400778210117,13.229571984435799,4.669260700389105,82.49027237354085,79.76653696498055,32.1011673151751,61.86770428015564,52.723735408560316,29.18287937743191,16.731517509727624
450,Left Back,27054,Roberto Lago Soto,Getafe,216,1578,97.27626459143968,74.70817120622569,79.76653696498055,54.08560311284047,35.40856031128405,46.69260700389105,81.90661478599222,12.062256809338521,23.73540856031128,73.92996108949417,68.28793774319067,29.18287937743191,79.76653696498055
463,Left Back,27241,Víctor Guillermo Álvarez Delgado,Espanyol,214,2323,82.49027237354085,51.9455252918288,45.13618677042802,22.17898832684825,45.719844357976655,37.35408560311284,10.116731517509727,13.618677042801556,16.147859922178988,60.311284046692606,70.62256809338521,65.75875486381322,59.92217898832685
468,Left Back,27335,Arthur Etienne Boka,Málaga,223,1115,25.680933852140075,12.645914396887159,69.26070038910505,36.18677042801556,7.392996108949417,21.40077821011673,56.42023346303502,59.143968871595334,34.43579766536965,12.062256809338521,60.505836575875485,29.18287937743191,16.731517509727624
473,Left Back,27347,Juan Manuel Vargas Risco,Real Betis,218,1866,6.614785992217899,2.529182879377432,69.26070038910505,33.65758754863813,0.38910505836575876,90.27237354085604,17.120622568093385,28.01556420233463,82.87937743190662,2.3346303501945527,59.143968871595334,91.63424124513618,71.40077821011673
483,Left Back,27483,Benoît Trémoulinas,Sevilla,213,2232,72.37354085603113,12.645914396887159,32.1011673151751,55.252918287937746,0.7782101167315175,60.311284046692606,37.93774319066148,54.280155642023345,81.51750972762646,8.754863813229571,3.11284046692607,29.18287937743191,84.43579766536965
504,Right Back,3052,Pablo Javier Zabaleta Girod,Manchester City,36,1125,95.71984435797665,95.71984435797665,49.221789883268485,49.221789883268485,52.918287937743195,0.9727626459143969,94.94163424124513,14.396887159533073,7.392996108949417,94.94163424124513,52.723735408560316,29.18287937743191,65.75875486381322
507,Left Back,3062,Aaron Cresswell,West Ham United,40,3493,49.0272373540856,5.447470817120623,21.78988326848249,37.35408560311284,3.8910505836575875,87.93774319066148,47.47081712062256,25.291828793774318,72.95719844357976,9.72762645914397,6.614785992217899,76.45914396887159,75.29182879377431
509,Left Back,3065,Paul Dummett,Newcastle United,37,2165,6.614785992217899,32.295719844357976,14.785992217898833,10.700389105058365,48.249027237354085,1.9455252918287937,27.626459143968873,4.669260700389105,10.700389105058365,21.98443579766537,8.171206225680933,71.78988326848248,16.731517509727624
514,Left Back,3086,Ben Davies,Tottenham Hotspur,38,1314,3.8910505836575875,15.56420233463035,9.72762645914397,44.16342412451362,47.47081712062256,86.7704280155642,51.75097276264592,52.918287937743195,75.68093385214007,19.45525291828794,54.6692607003891,29.18287937743191,87.7431906614786
526,Right Back,3205,Kyle Walker,Tottenham Hotspur,38,3093,57.58754863813229,70.42801556420234,69.26070038910505,32.295719844357976,56.809338521400775,81.90661478599222,58.36575875486382,35.21400778210117,65.1750972762646,68.09338521400778,25.291828793774318,60.311284046692606,49.61089494163424
535,Right Back,3270,Danny Simpson,Leicester City,22,2818,32.295719844357976,20.428015564202333,76.65369649805449,47.47081712062256,23.151750972762645,4.669260700389105,21.40077821011673,0.7782101167315175,2.529182879377432,17.704280155642024,29.18287937743191,29.18287937743191,16.731517509727624
550,Left Back,3306,Nathan Aké,Watford,23,1887,23.346303501945524,89.49416342412452,48.054474708171206,73.15175097276264,60.505836575875485,14.396887159533073,12.45136186770428,14.785992217898833,12.840466926070038,84.63035019455253,67.31517509727627,71.78988326848248,16.731517509727624
558,Right Back,3316,James Tomkins,West Ham United,40,2172,22.762645914396888,63.42412451361867,24.31906614785992,70.8171206225681,27.237354085603112,22.957198443579767,66.53696498054474,12.840466926070038,4.085603112840467,47.85992217898833,11.284046692607005,29.18287937743191,16.731517509727624
560,Left Back,3321,Patrick van Aanholt,Sunderland,41,3106,91.82879377431907,77.04280155642024,79.1828793774319,96.3035019455253,41.245136186770424,68.48249027237354,37.93774319066148,33.26848249027237,57.58754863813229,79.1828793774319,3.8910505836575875,95.71984435797665,79.76653696498055
564,Right Back,3329,Cédric Ricardo Alves Soares,Southampton,25,2168,77.82101167315176,85.60311284046692,39.688715953307394,97.27626459143968,62.2568093385214,83.46303501945526,8.560311284046692,36.964980544747085,93.57976653696498,89.29961089494164,23.151750972762645,29.18287937743191,65.75875486381322
568,Right Back,3340,Kyle Naughton,Swansea City,26,1788,14.785992217898833,39.688715953307394,52.14007782101168,98.44357976653697,63.42412451361867,79.37743190661479,69.64980544747081,58.754863813229576,53.69649805447471,47.47081712062256,44.94163424124514,29.18287937743191,91.24513618677042
572,Left Back,3345,Charlie Daniels,AFC Bournemouth,28,3484,11.284046692607005,24.708171206225682,7.782101167315175,73.15175097276264,24.124513618677042,77.82101167315176,77.04280155642024,86.38132295719845,72.95719844357976,29.571984435797667,0.7782101167315175,84.63035019455253,84.43579766536965
575,Right Back,3349,Michail Antonio,West Ham United,40,2170,85.99221789883269,60.505836575875485,84.04669260700389,52.918287937743195,56.42023346303502,76.65369649805449,5.058365758754864,57.97665369649806,70.8171206225681,56.42023346303502,38.52140077821012,100.0,84.43579766536965
588,Right Back,3443,Joel Ward,Crystal Palace,31,2819,63.035019455252915,49.416342412451364,63.81322957198443,62.45136186770428,53.30739299610895,27.626459143968873,41.245136186770424,34.24124513618677,35.992217898832685,53.89105058365759,65.1750972762646,80.93385214007782,38.13229571984436
590,Right Back,3448,Martin Kelly,Crystal Palace,31,1035,30.544747081712064,75.87548638132296,12.2568093385214,12.645914396887159,38.13229571984436,8.560311284046692,35.60311284046693,11.673151750972762,8.171206225680933,77.04280155642024,23.151750972762645,29.18287937743191,16.731517509727624
600,Left Back,3467,Erik Pieters,Stoke City,30,3286,27.626459143968873,78.40466926070039,71.78988326848248,29.18287937743191,80.93385214007782,35.21400778210117,45.91439688715953,46.88715953307393,32.1011673151751,80.93385214007782,87.7431906614786,29.18287937743191,34.43579766536965
619,Left Back,3498,Ignacio Monreal Eraso,Arsenal,1,3375,74.70817120622569,62.06225680933852,85.60311284046692,89.88326848249028,28.98832684824903,57.97665369649806,93.77431906614785,31.1284046692607,66.14785992217898,57.39299610894941,14.202334630350194,29.18287937743191,65.75875486381322
624,Right Back,3511,Héctor Bellerín Moruno,Arsenal,1,3374,50.97276264591439,24.708171206225682,14.785992217898833,13.229571984435799,11.478599221789883,48.63813229571984,94.16342412451361,84.04669260700389,59.143968871595334,29.571984435797667,6.031128404669261,60.311284046692606,87.7431906614786
626,Left Back,3515,Alberto Moreno Pérez,Liverpool,24,2635,53.69649805447471,77.62645914396887,38.32684824902724,15.56420233463035,64.59143968871595,98.44357976653697,70.42801556420234,42.4124513618677,95.52529182879378,80.93385214007782,44.3579766536965,65.75875486381322,87.7431906614786
628,Left Back,3518,Leighton Baines,Everton,29,1507,72.37354085603113,38.13229571984436,53.89105058365759,42.023346303501945,85.7976653696498,91.05058365758755,65.56420233463035,61.08949416342413,72.37354085603113,36.38132295719844,1.9455252918287937,95.71984435797665,49.61089494163424
629,Left Back,3520,Jeffrey Schlupp,Leicester City,22,1329,1.556420233463035,38.91050583657588,16.926070038910506,40.856031128404666,46.30350194552529,87.93774319066148,18.28793774319066,89.49416342412452,87.7431906614786,45.525291828793776,45.719844357976655,80.93385214007782,87.7431906614786
631,Right Back,3523,Craig Dawson,West Bromwich Albion,27,3577,29.961089494163424,31.712062256809336,27.431906614785994,36.57587548638132,25.680933852140075,40.46692607003891,2.3346303501945527,5.447470817120623,61.478599221789885,32.490272373540854,21.595330739299612,93.77431906614785,16.731517509727624
641,Left Back,3541,Chris Brunt,West Bromwich Albion,27,1890,16.147859922178988,8.365758754863812,7.782101167315175,39.88326848249027,11.478599221789883,75.09727626459144,7.782101167315175,14.007782101167315,77.431906614786,9.72762645914397,35.019455252918284,29.18287937743191,89.6887159533074
645,Left Back,3576,Martin Olsson,Norwich City,56,1880,20.622568093385212,19.26070038910506,64.78599221789884,86.7704280155642,10.505836575875486,18.482490272373543,1.1673151750972763,24.31906614785992,63.035019455252915,14.591439688715955,58.17120622568094,71.78988326848248,71.40077821011673
650,Right Back,3590,Rhu-endly Martina,Southampton,25,1033,37.93774319066148,75.87548638132296,84.8249027237354,16.926070038910506,70.42801556420234,84.24124513618678,33.07392996108949,19.06614785992218,94.3579766536965,82.10116731517509,54.6692607003891,88.13229571984435,65.75875486381322
651,Left Back,3594,Danny Rose,Tottenham Hotspur,38,2250,80.54474708171206,84.63035019455253,52.14007782101168,61.284046692607006,33.46303501945525,77.82101167315176,49.221789883268485,65.75875486381322,53.69649805447471,90.07782101167315,80.1556420233463,71.78988326848248,84.43579766536965
656,Left Back,3602,Faustino Marcos Alberto Rojo,Manchester United,39,1411,84.63035019455253,87.15953307392996,53.11284046692607,76.65369649805449,59.72762645914397,47.85992217898833,26.653696498054476,59.92217898832685,70.8171206225681,80.93385214007782,62.45136186770428,29.18287937743191,55.252918287937746
662,Right Back,3608,Simon Francis,AFC Bournemouth,28,3578,66.9260700389105,77.62645914396887,67.50972762645915,70.42801556420234,14.396887159533073,75.09727626459144,71.20622568093385,90.07782101167315,81.51750972762646,77.82101167315176,23.151750972762645,29.18287937743191,75.29182879377431
665,Right Back,3612,Ashley Young,Manchester United,39,1026,7.782101167315175,16.926070038910506,55.05836575875487,64.59143968871595,36.18677042801556,70.03891050583657,38.52140077821012,96.49805447470817,95.52529182879378,16.147859922178988,73.34630350194551,88.13229571984435,94.16342412451361
681,Right Back,3650,Daryl Janmaat,Newcastle United,37,3010,36.964980544747085,67.89883268482491,24.31906614785992,58.17120622568094,37.35408560311284,61.478599221789885,34.24124513618677,52.14007782101168,83.85214007782102,65.1750972762646,28.793774319066145,76.45914396887159,79.76653696498055
682,Left Back,3651,Matt Targett,Southampton,25,1223,16.731517509727624,3.8910505836575875,39.688715953307394,37.93774319066148,6.22568093385214,16.731517509727624,40.46692607003891,3.501945525291829,81.51750972762646,2.9182879377431905,1.1673151750972763,29.18287937743191,59.92217898832685
685,Right Back,3658,DeAndre Yedlin,Sunderland,41,1978,35.21400778210117,33.07392996108949,30.739299610894943,29.18287937743191,83.26848249027238,37.35408560311284,5.836575875486381,22.56809338521401,21.20622568093385,36.38132295719844,59.92217898832685,29.18287937743191,43.57976653696498
703,Left Back,3725,José Holebas,Watford,23,1029,63.81322957198443,59.33852140077821,90.27237354085604,99.22178988326849,17.509727626459142,45.3307392996109,31.1284046692607,74.31906614785993,23.73540856031128,51.36186770428015,25.291828793774318,29.18287937743191,16.731517509727624
707,Left Back,3812,Christian Fuchs,Leicester City,22,2818,96.49805447470817,97.47081712062257,74.31906614785993,17.509727626459142,76.65369649805449,93.96887159533074,11.478599221789883,8.560311284046692,35.992217898832685,97.27626459143968,45.719844357976655,29.18287937743191,84.43579766536965
719,Left Back,3957,César Azpilicueta Tanco,Chelsea,33,3401,29.18287937743191,86.57587548638132,29.18287937743191,9.33852140077821,82.87937743190662,38.52140077821012,88.52140077821011,19.844357976653697,38.32684824902724,90.07782101167315,51.55642023346303,76.45914396887159,75.29182879377431
728,Right Back,3973,Àngel Rangel Zaragoza,Swansea City,26,1878,99.61089494163424,72.568093385214,74.31906614785993,68.28793774319067,16.147859922178988,46.69260700389105,83.26848249027238,51.36186770428015,43.77431906614786,77.82101167315176,16.731517509727624,29.18287937743191,16.731517509727624
729,Right Back,3991,Allan Romeo Nyom,Watford,23,2734,72.37354085603113,90.46692607003891,36.77042801556421,69.45525291828794,27.82101167315175,8.560311284046692,6.614785992217899,22.17898832684825,18.09338521400778,90.6614785992218,48.44357976653696,29.18287937743191,38.13229571984436
748,Left Back,4347,Jordan Amavi,Aston Villa,59,852,51.55642023346303,98.83268482490273,50.583657587548636,29.18287937743191,80.1556420233463,67.12062256809338,46.88715953307393,90.6614785992218,84.43579766536965,97.66536964980544,90.6614785992218,29.18287937743191,98.0544747081712
753,Right Back,4587,Matteo Darmian,Manchester United,39,2250,67.50972762645915,94.94163424124513,44.16342412451362,19.06614785992218,54.86381322957199,27.626459143968873,70.8171206225681,39.494163424124515,45.719844357976655,94.16342412451361,47.276264591439684,71.78988326848248,16.731517509727624
754,Right Back,4589,Séamus Coleman,Everton,29,2537,82.87937743190662,70.42801556420234,58.754863813229576,78.59922178988327,32.68482490272373,36.38132295719844,84.04669260700389,91.82879377431907,56.22568093385214,73.15175097276264,14.785992217898833,65.75875486381322,59.92217898832685
755,Right Back,4590,Nathaniel Edwin Clyne,Liverpool,24,3106,56.03112840466926,49.416342412451364,20.233463035019454,25.680933852140075,41.82879377431907,65.56420233463035,72.17898832684824,77.23735408560312,30.544747081712064,51.36186770428015,5.058365758754864,60.311284046692606,16.731517509727624
761,Right Back,4724,Glen Johnson,Stoke City,30,2346,92.80155642023347,46.88715953307393,57.58754863813229,90.46692607003891,3.501945525291829,54.86381322957199,72.76264591439688,29.961089494163424,38.32684824902724,55.252918287937746,4.280155642023346,29.18287937743191,79.76653696498055
774,Left Back,4884,Pape N''Diaye Souaré,Crystal Palace,31,3196,1.9455252918287937,0.38910505836575876,60.11673151750973,29.18287937743191,1.9455252918287937,60.311284046692606,22.957198443579767,47.85992217898833,56.22568093385214,0.38910505836575876,18.09338521400778,29.18287937743191,34.43579766536965
789,Right Back,5594,Branislav Ivanović,Chelsea,33,3119,89.10505836575877,66.53696498054474,27.431906614785994,18.28793774319066,26.848249027237355,21.40077821011673,88.52140077821011,23.346303501945524,30.544747081712064,68.8715953307393,40.27237354085603,76.45914396887159,49.61089494163424
790,Left Back,5596,Aleksandar Kolarov,Manchester City,36,2340,49.0272373540856,10.700389105058365,34.43579766536965,79.1828793774319,4.669260700389105,92.99610894941634,52.723735408560316,64.59143968871595,87.7431906614786,12.45136186770428,20.038910505836576,95.71984435797665,79.76653696498055
793,Left Back,5836,Bryan Oviedo,Everton,29,1135,90.6614785992218,92.99610894941634,98.83268482490273,91.82879377431907,40.07782101167315,79.37743190661479,60.70038910505836,41.43968871595331,21.20622568093385,94.55252918287937,58.17120622568094,29.18287937743191,59.92217898832685
796,Right Back,6409,Adam Smith,AFC Bournemouth,28,2069,90.27237354085604,92.21789883268482,23.151750972762645,16.342412451361866,99.22178988326849,43.77431906614786,91.82879377431907,92.60700389105058,49.221789883268485,92.99610894941634,78.21011673151752,88.13229571984435,16.731517509727624
807,Right Back,7110,Bacary Sagna,Manchester City,36,2525,63.81322957198443,37.35408560311284,10.894941634241246,29.18287937743191,14.785992217898833,85.7976653696498,89.49416342412452,9.72762645914397,79.37743190661479,38.91050583657588,8.949416342412452,29.18287937743191,75.29182879377431
824,Right Back,9533,Leandro Bacuna,Aston Villa,59,2544,45.91439688715953,41.63424124513619,7.782101167315175,7.587548638132295,63.81322957198443,43.77431906614786,42.4124513618677,33.26848249027237,38.32684824902724,43.57976653696498,63.42412451361867,65.75875486381322,16.731517509727624
834,Left Back,9627,Neil Taylor,Swansea City,26,3105,25.680933852140075,8.365758754863812,6.809338521400778,9.72762645914397,14.007782101167315,29.377431906614788,74.31906614785993,48.44357976653696,42.4124513618677,13.424124513618677,41.43968871595331,29.18287937743191,34.43579766536965
839,Right Back,9642,Alan Hutton,Aston Villa,59,2459,59.143968871595334,52.52918287937744,36.77042801556421,87.15953307392996,34.824902723735406,70.03891050583657,22.17898832684825,69.8443579766537,77.431906614786,51.36186770428015,35.019455252918284,29.18287937743191,38.13229571984436
849,Right Back,10503,Billy Jones,Sunderland,41,2162,54.6692607003891,90.46692607003891,25.09727626459144,87.54863813229572,98.0544747081712,22.957198443579767,15.17509727626459,5.058365758754864,7.392996108949417,87.54863813229572,77.23735408560312,71.78988326848248,16.731517509727624
858,Left Back,10967,Robert Brady,Norwich City,56,3203,59.53307392996109,73.92996108949417,52.14007782101168,64.59143968871595,65.75875486381322,93.3852140077821,2.7237354085603114,71.98443579766537,75.68093385214007,74.90272373540856,65.1750972762646,88.13229571984435,49.61089494163424
865,Left Back,12325,Abdul Rahman Baba,Chelsea,33,1034,65.75875486381322,99.22178988326849,89.49416342412452,64.59143968871595,97.27626459143968,8.560311284046692,83.65758754863813,60.505836575875485,40.07782101167315,98.83268482490273,72.37354085603113,29.18287937743191,65.75875486381322
895,Left Back,20045,Ryan Bertrand,Southampton,25,3015,18.482490272373543,14.591439688715955,63.81322957198443,78.21011673151752,26.07003891050584,49.61089494163424,49.221789883268485,36.57587548638132,43.77431906614786,16.731517509727624,32.68482490272373,60.311284046692606,65.75875486381322
905,Left Back,20302,Gaël Clichy,Manchester City,36,1124,72.37354085603113,69.06614785992218,99.61089494163424,36.964980544747085,39.688715953307394,71.98443579766537,77.62645914396887,92.21789883268482,81.51750972762646,69.8443579766537,14.202334630350194,29.18287937743191,65.75875486381322
913,Right Back,21254,Carl Jenkinson,West Ham United,40,1226,19.45525291828794,35.019455252918284,5.836575875486381,73.15175097276264,16.147859922178988,27.626459143968873,33.85214007782101,49.221789883268485,59.143968871595334,23.540856031128403,36.964980544747085,97.85992217898833,16.731517509727624
930,Left Back,27146,Aly Cissokho,Aston Villa,59,1685,19.45525291828794,14.591439688715955,61.284046692607006,54.08560311284047,24.5136186770428,32.295719844357976,19.45525291828794,53.30739299610895,81.51750972762646,7.782101167315175,15.953307392996107,29.18287937743191,16.731517509727624
936,Left Back,30702,Brendan Joel Zibusiso Galloway,Everton,29,1317,72.37354085603113,94.55252918287937,25.09727626459144,93.3852140077821,82.10116731517509,15.56420233463035,84.8249027237354,19.45525291828794,4.863813229571985,85.99221789883269,15.369649805447471,29.18287937743191,55.252918287937746
940,Left Back,40118,Ikechi Anya,Watford,23,1601,58.17120622568094,3.11284046692607,34.43579766536965,81.32295719844358,28.404669260700388,73.54085603112841,25.291828793774318,85.01945525291829,56.22568093385214,2.9182879377431905,0.38910505836575876,29.18287937743191,49.61089494163424
977,Left Wing Back,3416,Gabriel Moisés Antunes da Silva,Genoa,233,2057,25.680933852140075,54.6692607003891,26.459143968871597,1.1673151750972763,77.82101167315176,32.295719844357976,8.171206225680933,50.583657587548636,56.22568093385214,61.86770428015564,81.90661478599222,29.18287937743191,65.75875486381322
985,Right Wing Back,3660,Davide Zappacosta,Torino,241,1217,9.33852140077821,4.669260700389105,13.618677042801556,29.18287937743191,98.44357976653697,83.46303501945526,30.35019455252918,95.3307392996109,99.22178988326849,4.669260700389105,94.55252918287937,84.63035019455253,59.92217898832685
989,Left Wing Back,3964,Marcos Alonso Mendoza,Fiorentina,239,2437,18.482490272373543,26.07003891050584,46.69260700389105,69.45525291828794,84.43579766536965,94.55252918287937,84.43579766536965,94.16342412451361,97.66536964980544,28.404669260700388,62.45136186770428,95.71984435797665,89.6887159533074
997,Right Back,5461,Šime Vrsaljko,Sassuolo,232,3279,12.840466926070038,26.848249027237355,27.431906614785994,14.007782101167315,31.517509727626457,84.24124513618678,43.57976653696498,79.37743190661479,98.0544747081712,25.680933852140075,79.1828793774319,29.18287937743191,65.75875486381322
1004,Right Wing Back,5541,Stephan Lichtsteiner,Juventus,224,2051,72.37354085603113,7.198443579766536,0.7782101167315175,2.7237354085603114,8.949416342412452,63.22957198443579,56.809338521400775,51.75097276264592,45.719844357976655,7.198443579766536,35.019455252918284,29.18287937743191,43.57976653696498
1022,Right Wing Back,5689,Juan Guillermo Cuadrado Bello,Juventus,224,1491,78.98832684824903,73.54085603112841,39.688715953307394,45.525291828793776,92.99610894941634,99.61089494163424,93.3852140077821,100.0,98.44357976653697,79.1828793774319,97.27626459143968,99.61089494163424,99.80544747081711
1023,Right Back,5690,Yuto Nagatomo,Inter Milan,238,1785,42.80155642023346,66.53696498054474,25.87548638132296,56.6147859922179,91.43968871595331,43.77431906614786,74.70817120622569,68.48249027237354,53.69649805447471,60.70038910505836,36.964980544747085,29.18287937743191,16.731517509727624
1024,Left Wing Back,5717,Diego Sebastián Laxalt Suárez,Genoa,233,3272,46.30350194552529,49.416342412451364,15.758754863813229,59.53307392996109,96.10894941634241,66.34241245136187,39.29961089494164,69.26070038910505,57.58754863813229,42.4124513618677,46.69260700389105,88.13229571984435,79.76653696498055
1044,Right Back,6830,Facundo Sebastián Roncaglia,Fiorentina,239,2431,64.59143968871595,91.43968871595331,46.69260700389105,61.284046692607006,87.54863813229572,10.700389105058365,98.83268482490273,55.252918287937746,1.9455252918287937,87.54863813229572,89.10505836575877,65.75875486381322,16.731517509727624
1045,Left Back,6849,Lucas Digne,AS Roma,229,2995,28.01556420233463,29.571984435797667,37.7431906614786,29.18287937743191,58.754863813229576,63.22957198443579,65.56420233463035,75.87548638132296,75.68093385214007,31.1284046692607,74.70817120622569,91.63424124513618,55.252918287937746
1052,Left Back,6944,Mattia De Sciglio,AC Milan,243,1972,35.21400778210117,33.07392996108949,20.817120622568094,68.28793774319067,49.416342412451364,66.34241245136187,48.63813229571984,54.86381322957199,83.26848249027238,36.38132295719844,85.60311284046692,29.18287937743191,43.57976653696498
1053,Left Wing Back,6945,Alex Sandro Lobo Silva,Juventus,224,1395,29.571984435797667,57.97665369649806,93.77431906614785,74.90272373540856,79.76653696498055,100.0,85.99221789883269,99.61089494163424,100.0,67.31517509727627,94.94163424124513,96.88715953307393,96.3035019455253
1062,Right Back,6964,Alessandro Florenzi,AS Roma,229,2902,62.06225680933852,20.428015564202333,88.52140077821011,84.43579766536965,52.52918287937744,89.10505836575877,63.42412451361867,90.07782101167315,89.6887159533074,23.540856031128403,12.840466926070038,98.83268482490273,71.40077821011673
1063,Right Wing Back,6965,Bruno da Silva Peres,Torino,241,2815,89.49416342412452,56.22568093385214,16.926070038910506,21.40077821011673,61.86770428015564,85.01945525291829,85.60311284046692,97.27626459143968,92.60700389105058,55.252918287937746,16.731517509727624,91.63424124513618,84.43579766536965
1064,Left Back,6969,Juan Guilherme Nunes Jesus,Inter Milan,238,1500,25.680933852140075,54.6692607003891,5.836575875486381,44.16342412451362,81.71206225680933,43.77431906614786,90.27237354085604,85.01945525291829,38.32684824902724,51.36186770428015,93.96887159533074,29.18287937743191,16.731517509727624
1070,Right Back,6984,Danilo D''Ambrosio,Inter Milan,238,1688,45.525291828793776,65.36964980544747,45.13618677042802,29.18287937743191,77.04280155642024,30.155642023346303,57.97665369649806,23.73540856031128,38.32684824902724,61.86770428015564,89.6887159533074,93.77431906614785,16.731517509727624
1074,Right Back,6992,Andrea Masiello,Atalanta,228,2533,36.57587548638132,14.591439688715955,55.05836575875487,21.011673151750973,20.622568093385212,20.038910505836576,59.53307392996109,8.171206225680933,38.32684824902724,18.67704280155642,29.766536964980546,29.18287937743191,38.13229571984436
1078,Right Back,6999,Davide Santon,Inter Milan,238,1030,58.17120622568094,16.926070038910506,0.38910505836575876,0.38910505836575876,32.295719844357976,35.21400778210117,95.3307392996109,99.22178988326849,69.06614785992218,15.369649805447471,73.34630350194551,29.18287937743191,65.75875486381322
1086,Left Back,7012,Vasco Regini,Napoli,227,1304,44.55252918287938,65.36964980544747,9.72762645914397,96.3035019455253,87.15953307392996,0.38910505836575876,92.21789883268482,78.59922178988327,0.5836575875486382,64.39688715953308,61.284046692607006,29.18287937743191,16.731517509727624
1091,Right Back,7020,Jacopo Sala,Sampdoria,234,1874,98.83268482490273,98.44357976653697,18.8715953307393,92.60700389105058,94.16342412451361,68.48249027237354,21.78988326848249,81.71206225680933,85.40856031128405,99.22178988326849,65.95330739299611,29.18287937743191,43.57976653696498
1100,Right Back,7031,Elseid Hysaj,Napoli,227,3443,77.04280155642024,53.11284046692607,13.618677042801556,83.26848249027238,36.964980544747085,51.9455252918288,96.88715953307393,87.93774319066148,10.700389105058365,46.69260700389105,8.171206225680933,29.18287937743191,49.61089494163424
1114,Right Back,7050,Fabrizio Cacciatore,Chievo,231,2338,84.63035019455253,38.13229571984436,1.9455252918287937,11.673151750972762,61.08949416342413,80.54474708171206,78.59922178988327,46.88715953307393,57.58754863813229,39.688715953307394,20.038910505836576,65.75875486381322,79.76653696498055
1125,Right Back,7114,Gaetano Letizia,Carpi,1683,3096,61.08949416342413,83.85214007782102,67.50972762645915,85.60311284046692,92.21789883268482,81.90661478599222,8.949416342412452,92.99610894941634,53.69649805447471,84.63035019455253,32.68482490272373,60.311284046692606,16.731517509727624
1126,Left Back,7118,Federico Peluso,Sassuolo,232,3182,60.311284046692606,43.77431906614786,53.11284046692607,15.953307392996107,36.57587548638132,42.217898832684824,40.856031128404666,44.55252918287938,41.245136186770424,44.55252918287938,76.65369649805449,60.311284046692606,34.43579766536965
1135,Right Back,7142,Luca Rossettini,Bologna,240,2626,70.03891050583657,54.6692607003891,77.23735408560312,79.1828793774319,34.24124513618677,7.392996108949417,52.14007782101168,37.35408560311284,3.11284046692607,51.36186770428015,71.59533073929961,93.77431906614785,38.13229571984436
1142,Left Back,7151,Mário Rui Silva Duarte,Empoli,290,3378,72.37354085603113,47.66536964980545,61.284046692607006,60.70038910505836,21.78988326848249,75.09727626459144,85.21400778210116,87.15953307392996,8.754863813229571,43.57976653696498,35.019455252918284,29.18287937743191,49.61089494163424
1143,Right Back,7155,Vincent Laurini,Empoli,290,2250,25.680933852140075,6.420233463035019,49.221789883268485,64.59143968871595,22.17898832684825,5.642023346303502,96.10894941634241,33.26848249027237,1.1673151750972763,8.754863813229571,20.038910505836576,71.78988326848248,16.731517509727624
1146,Right Back,7164,Ibrahima Mbaye,Bologna,240,1027,80.1556420233463,81.51750972762646,34.43579766536965,58.949416342412455,93.3852140077821,3.501945525291829,68.8715953307393,74.90272373540856,25.87548638132296,82.68482490272373,85.01945525291829,29.18287937743191,16.731517509727624
1150,Left Back,7169,Adam Masina,Bologna,240,2813,86.57587548638132,59.33852140077821,46.69260700389105,49.80544747081712,78.40466926070039,64.78599221789884,41.82879377431907,56.42023346303502,40.66147859922179,55.252918287937746,42.60700389105058,80.93385214007782,71.40077821011673
1161,Right Back,7462,Aleandro Rosi,Frosinone,291,2252,40.66147859922179,25.680933852140075,21.78988326848249,23.73540856031128,68.09338521400778,30.155642023346303,31.906614785992215,40.856031128404666,67.12062256809338,27.237354085603112,99.22178988326849,29.18287937743191,16.731517509727624
1162,Right Back,7463,Ignazio Abate,AC Milan,243,2531,83.26848249027238,91.43968871595331,32.1011673151751,34.43579766536965,57.97665369649806,51.9455252918288,63.81322957198443,82.10116731517509,50.0,92.21789883268482,68.8715953307393,65.75875486381322,38.13229571984436
1163,Right Wing Back,7464,Cristian Daniel Ansaldi,Genoa,233,2152,50.583657587548636,83.85214007782102,48.054474708171206,67.31517509727627,93.77431906614785,80.54474708171206,23.73540856031128,91.05058365758755,66.14785992217898,79.1828793774319,79.1828793774319,29.18287937743191,92.80155642023347
1169,Right Wing Back,7473,Lorenzo De Silvestri,Sampdoria,234,1593,42.80155642023346,1.1673151750972763,42.217898832684824,99.61089494163424,19.06614785992218,56.03112840466926,7.392996108949417,32.295719844357976,63.035019455252915,1.9455252918287937,89.6887159533074,76.45914396887159,79.76653696498055
1173,Left Wing Back,7479,Cristian Molinaro,Torino,241,2161,12.45136186770428,36.57587548638132,39.688715953307394,35.21400778210117,70.8171206225681,76.65369649805449,58.949416342412455,66.9260700389105,80.1556420233463,35.019455252918284,60.505836575875485,71.78988326848248,16.731517509727624
1174,Left Back,7695,Samuel Souprayen,Hellas Verona,226,1685,11.673151750972762,18.482490272373543,3.3073929961089497,19.844357976653697,52.14007782101168,57.97665369649806,64.2023346303502,77.82101167315176,50.0,18.67704280155642,81.90661478599222,29.18287937743191,16.731517509727624
1179,Right Back,7704,Alex Ferrari,Bologna,240,1216,66.14785992217898,98.0544747081712,97.85992217898833,71.78988326848248,98.83268482490273,10.700389105058365,75.4863813229572,72.76264591439688,5.642023346303502,96.49805447470817,96.88715953307393,29.18287937743191,16.731517509727624
1186,Right Wing Back,7777,Federico Bernardeschi,Fiorentina,239,2340,76.65369649805449,7.198443579766536,27.431906614785994,96.3035019455253,94.94163424124513,93.96887159533074,68.48249027237354,76.45914396887159,38.32684824902724,9.72762645914397,69.64980544747081,84.63035019455253,91.24513618677042
1187,Left Back,7778,Ştefan Daniel Radu,Lazio,236,1224,9.72762645914397,1.9455252918287937,57.58754863813229,87.93774319066148,16.731517509727624,87.15953307392996,91.05058365758755,83.65758754863813,28.21011673151751,1.1673151750972763,56.809338521400775,29.18287937743191,59.92217898832685
1188,Left Back,7785,Senad Lulić,Lazio,236,2619,60.70038910505836,78.40466926070039,66.53696498054474,98.83268482490273,88.715953307393,90.6614785992218,56.03112840466926,91.43968871595331,59.143968871595334,85.99221789883269,82.87937743190662,93.77431906614785,75.29182879377431
1193,Right Wing Back,7796,Silvan Widmer,Udinese,230,1963,53.30739299610895,29.571984435797667,38.32684824902724,98.0544747081712,95.3307392996109,61.478599221789885,6.22568093385214,58.36575875486382,68.09338521400778,31.1284046692607,75.87548638132296,29.18287937743191,71.40077821011673
1214,Left Wing Back,8191,Ali Adnan Kadhim Al Tameemi,Udinese,230,1958,98.0544747081712,96.10894941634241,74.31906614785993,94.55252918287937,78.98832684824903,76.65369649805449,4.280155642023346,63.42412451361867,95.52529182879378,96.10894941634241,86.57587548638132,71.78988326848248,43.57976653696498
1229,Right Back,8443,Dušan Basta,Lazio,236,1971,97.66536964980544,42.80155642023346,50.583657587548636,85.60311284046692,40.46692607003891,28.793774319066145,79.1828793774319,67.31517509727627,12.062256809338521,53.89105058365759,42.023346303501945,29.18287937743191,16.731517509727624
1234,Left Back,8645,Massimo Gobbi,Chievo,231,2898,55.252918287937746,35.019455252918284,12.2568093385214,16.926070038910506,63.035019455252915,35.21400778210117,46.88715953307393,68.09338521400778,49.221789883268485,35.40856031128405,73.92996108949417,29.18287937743191,38.13229571984436
1236,Right Back,8657,Andrea Conti,Atalanta,228,938,3.11284046692607,28.21011673151751,94.16342412451361,64.59143968871595,54.08560311284047,18.482490272373543,50.583657587548636,35.797665369649806,32.1011673151751,20.428015564202333,47.276264591439684,98.44357976653697,71.40077821011673
1237,Left Back,8661,Daniel Pavlovic,Frosinone,291,2057,67.50972762645915,41.63424124513619,23.151750972762645,19.844357976653697,70.03891050583657,98.83268482490273,4.669260700389105,4.280155642023346,86.38132295719845,31.1284046692607,81.90661478599222,29.18287937743191,98.0544747081712
1250,Left Back,8874,Luca Antonelli,AC Milan,243,2340,65.36964980544747,94.16342412451361,20.817120622568094,23.73540856031128,67.70428015564202,36.38132295719844,80.1556420233463,71.59533073929961,42.4124513618677,93.57976653696498,5.447470817120623,95.71984435797665,38.13229571984436
1252,Left Back,8876,Faouzi Ghoulam,Napoli,227,2977,80.93385214007782,26.848249027237355,45.13618677042802,71.78988326848248,1.556420233463035,78.59922178988327,92.60700389105058,96.10894941634241,64.2023346303502,33.85214007782101,9.53307392996109,29.18287937743191,71.40077821011673
1262,Left Back,10032,Achraf Lazaar,Palermo,2256,2427,78.59922178988327,69.06614785992218,53.89105058365759,90.46692607003891,83.85214007782102,50.583657587548636,10.505836575875486,94.55252918287937,70.8171206225681,71.20622568093385,68.28793774319067,65.75875486381322,38.13229571984436
1268,Left Back,11183,Alex Nicolao Telles,Inter Milan,238,1681,41.245136186770424,46.10894941634241,81.71206225680933,74.90272373540856,33.85214007782101,92.60700389105058,55.05836575875487,93.3852140077821,73.92996108949417,48.83268482490272,75.87548638132296,29.18287937743191,49.61089494163424
1270,Right Back,11342,Eros Pisano,Hellas Verona,226,3091,15.17509727626459,19.26070038910506,34.43579766536965,46.69260700389105,4.280155642023346,53.11284046692607,13.229571984435799,61.478599221789885,89.10505836575877,17.120622568093385,55.6420233463035,97.85992217898833,16.731517509727624
1279,Left Back,11516,Manuel Pasqual,Fiorentina,239,1118,49.0272373540856,29.571984435797667,8.949416342412452,29.18287937743191,49.0272373540856,97.66536964980544,70.03891050583657,53.69649805447471,94.3579766536965,32.490272373540854,40.27237354085603,29.18287937743191,92.80155642023347
1284,Left Back,11722,Boukary Dramé,Atalanta,228,2342,35.21400778210117,21.595330739299612,72.95719844357976,97.66536964980544,28.98832684824903,45.3307392996109,79.76653696498055,40.07782101167315,42.4124513618677,28.404669260700388,20.038910505836576,29.18287937743191,16.731517509727624
1308,Right Back,19299,Maicon Douglas Sisenando,AS Roma,229,1118,100.0,40.856031128404666,3.3073929961089497,29.18287937743191,7.782101167315175,71.98443579766537,87.54863813229572,98.24902723735408,87.7431906614786,48.83268482490272,25.291828793774318,88.13229571984435,92.80155642023347
1313,Left Wing Back,20008,Patrice Evra,Juventus,224,2239,76.26459143968872,72.568093385214,13.618677042801556,22.56809338521401,9.33852140077821,86.38132295719845,94.55252918287937,64.2023346303502,34.43579766536965,69.8443579766537,40.27237354085603,88.13229571984435,84.43579766536965
1327,Right Back,23324,Nicolas Sebastian Frey,Chievo,231,1589,0.38910505836575876,0.7782101167315175,4.085603112840467,5.058365758754864,29.961089494163424,6.614785992217899,36.964980544747085,6.614785992217899,12.062256809338521,0.7782101167315175,25.291828793774318,29.18287937743191,16.731517509727624
1332,Right Back,24061,Aljaž Struna,Palermo,2256,2053,46.69260700389105,39.29961089494164,5.058365758754864,39.88326848249027,64.2023346303502,16.342412451361866,51.36186770428015,30.739299610894943,25.87548638132296,39.688715953307394,92.80155642023347,71.78988326848248,16.731517509727624
1336,Right Wing Back,25116,Edenílson Andrade dos Santos,Udinese,230,2428,10.116731517509727,11.673151750972762,69.26070038910505,55.6420233463035,78.40466926070039,71.98443579766537,28.21011673151751,43.57976653696498,60.505836575875485,13.424124513618677,32.68482490272373,29.18287937743191,16.731517509727624
1340,Left Wing Back,25505,José Rodolfo Pires Ribeiro,Sampdoria,234,1501,8.949416342412452,4.669260700389105,83.46303501945526,85.60311284046692,41.82879377431907,79.37743190661479,64.98054474708171,69.8443579766537,88.715953307393,5.252918287937743,23.151750972762645,29.18287937743191,49.61089494163424
1346,Right Back,26683,Abdoulay Konko,Lazio,236,1599,15.56420233463035,57.97665369649806,71.78988326848248,79.76653696498055,94.55252918287937,20.038910505836576,64.59143968871595,96.88715953307393,33.26848249027237,48.83268482490272,96.49805447470817,29.18287937743191,16.731517509727624
1353,Left Wing Back,28289,Gastón Alexis Silva Perdomo,Torino,241,939,81.32295719844358,84.63035019455253,42.217898832684824,14.785992217898833,88.32684824902724,85.01945525291829,75.09727626459144,62.2568093385214,32.1011673151751,84.63035019455253,77.23735408560312,29.18287937743191,71.40077821011673
1364,Right Wing Back,30769,Andrea Rispoli,Palermo,2256,1497,49.0272373540856,12.645914396887159,60.11673151750973,48.44357976653696,19.45525291828794,82.87937743190662,18.67704280155642,81.32295719844358,96.49805447470817,13.424124513618677,50.19455252918288,29.18287937743191,99.80544747081711
1374,Left Back,31231,Davide Brivio,Atalanta,228,934,49.0272373540856,3.501945525291829,2.7237354085603114,29.18287937743191,43.190661478599225,40.46692607003891,57.19844357976653,87.54863813229572,45.719844357976655,3.8910505836575875,12.840466926070038,29.18287937743191,16.731517509727624
1375,Right Wing Back,31268,Michel Morganella,Palermo,2256,1025,5.252918287937743,17.704280155642024,12.2568093385214,29.18287937743191,89.88326848249028,26.07003891050584,16.342412451361866,39.494163424124515,14.785992217898833,16.147859922178988,98.44357976653697,29.18287937743191,65.75875486381322
1379,Right Back,31721,Matteo Ciofani,Frosinone,291,1295,72.37354085603113,36.57587548638132,18.8715953307393,29.18287937743191,23.73540856031128,2.3346303501945527,20.233463035019454,13.229571984435799,23.73540856031128,38.32684824902724,56.809338521400775,29.18287937743191,55.252918287937746
1384,Left Back,32525,Fabrizio Poli,Carpi,1683,939,54.6692607003891,28.21011673151751,16.926070038910506,18.28793774319066,50.19455252918288,4.669260700389105,15.953307392996107,2.3346303501945527,2.529182879377432,36.38132295719844,96.10894941634241,29.18287937743191,16.731517509727624
1406,Right Back,40250,Marco Zambelli,Empoli,290,1222,17.315175097276263,8.365758754863812,58.754863813229576,10.700389105058365,13.618677042801556,6.614785992217899,73.92996108949417,83.26848249027238,18.09338521400778,13.424124513618677,48.44357976653696,29.18287937743191,16.731517509727624
1438,Left Back,296873,Roberto Crivello,Frosinone,291,1490,79.76653696498055,60.505836575875485,10.894941634241246,4.085603112840467,48.63813229571984,54.86381322957199,50.97276264591439,10.505836575875486,28.21011673151751,53.89105058365759,56.809338521400775,29.18287937743191,55.252918287937746
1446,Right Back,386607,Gianpaolo Bellini,Atalanta,228,1028,56.03112840466926,50.97276264591439,23.151750972762645,6.809338521400778,49.80544747081712,0.9727626459143969,86.7704280155642,21.40077821011673,25.87548638132296,61.86770428015564,91.05058365758755,88.13229571984435,16.731517509727624
1455,Right Back,387300,Cristian Zaccardo,Carpi,1683,2443,22.762645914396888,49.416342412451364,60.11673151750973,66.53696498054474,47.85992217898833,10.700389105058365,24.90272373540856,7.392996108949417,22.17898832684825,57.39299610894941,29.766536964980546,65.75875486381322,16.731517509727624
1456,Right Back,387417,Mattia Cassani,Sampdoria,234,2150,38.91050583657588,8.365758754863812,56.42023346303502,43.190661478599225,10.894941634241246,14.396887159533073,77.62645914396887,68.8715953307393,14.007782101167315,11.089494163424124,74.70817120622569,29.18287937743191,43.57976653696498
1476,Left Back,3221,Markus Suttner,Ingolstadt,189,1396,30.544747081712064,44.94163424124514,80.73929961089495,44.16342412451362,73.92996108949417,80.54474708171206,1.9455252918287937,5.836575875486381,70.8171206225681,41.82879377431907,35.019455252918284,29.18287937743191,16.731517509727624
1481,Left Back,3510,Sead Kolašinac,Schalke 04,181,1662,33.26848249027237,57.97665369649806,46.69260700389105,23.73540856031128,83.85214007782102,65.56420233463035,61.478599221789885,26.459143968871597,75.68093385214007,59.53307392996109,91.82879377431907,76.45914396887159,16.731517509727624
1482,Right Back,3530,Hiroki Sakai,Hannover 96,178,2308,17.898832684824903,63.42412451361867,36.77042801556421,5.836575875486381,67.12062256809338,24.5136186770428,25.680933852140075,45.719844357976655,25.87548638132296,66.34241245136187,31.32295719844358,65.75875486381322,16.731517509727624
1504,Left Back,5544,Ricardo Iván Rodríguez Araya,Wolfsburg,179,2124,62.06225680933852,42.80155642023346,4.085603112840467,39.88326848249027,33.07392996108949,94.94163424124513,87.93774319066148,63.81322957198443,81.51750972762646,40.66147859922179,36.964980544747085,88.13229571984435,84.43579766536965
1511,Left Back,5569,Marvin Plattenhardt,Hertha Berlin,173,3047,21.20622568093385,6.420233463035019,30.739299610894943,80.35019455252919,8.560311284046692,81.32295719844358,62.2568093385214,42.023346303501945,63.035019455252915,5.252918287937743,43.96887159533074,76.45914396887159,79.76653696498055
1521,Right Back,5658,Łukasz Piszczek,Borussia Dortmund,180,1473,32.295719844357976,17.704280155642024,42.217898832684824,81.32295719844358,45.13618677042802,88.715953307393,91.43968871595331,80.73929961089495,67.12062256809338,17.704280155642024,10.505836575875486,29.18287937743191,95.3307392996109
1525,Right Back,5681,Makoto Hasebe,Eintracht Frankfurt,184,2868,99.22178988326849,53.11284046692607,6.809338521400778,54.08560311284047,75.87548638132296,70.03891050583657,45.3307392996109,35.21400778210117,8.754863813229571,46.69260700389105,52.723735408560316,65.75875486381322,55.252918287937746
1532,Left Back,6040,Jonas Hector,FC Köln,186,2968,39.88326848249027,27.626459143968873,55.05836575875487,38.52140077821012,76.26459143968872,95.71984435797665,81.90661478599222,71.20622568093385,66.14785992217898,33.85214007782101,11.673151750972762,29.18287937743191,84.43579766536965
1533,Right Back,6309,Tin Jedvaj,Bayer Leverkusen,904,1038,25.680933852140075,22.56809338521401,62.45136186770428,47.081712062256805,71.98443579766537,15.56420233463035,12.840466926070038,52.52918287937744,23.73540856031128,21.98443579766537,67.31517509727627,29.18287937743191,16.731517509727624
1539,Right Back,6339,Gotoku Sakai,Hamburger SV,171,1952,92.21789883268482,87.54863813229572,75.29182879377431,45.13618677042802,61.478599221789885,48.63813229571984,38.91050583657588,28.01556420233463,28.21011673151751,89.29961089494164,20.038910505836576,29.18287937743191,43.57976653696498
1547,Left Back,7993,Filip Mladenović,FC Köln,186,923,37.93774319066148,23.346303501945524,8.560311284046692,10.116731517509727,71.20622568093385,91.82879377431907,29.18287937743191,43.96887159533074,90.85603112840467,31.1284046692607,50.19455252918288,29.18287937743191,96.3035019455253
1551,Right Back,8209,Márcio Rafael Ferreira de Souza,Bayern Munich,169,1650,95.13618677042801,48.249027237354085,12.2568093385214,3.501945525291829,5.836575875486381,77.82101167315176,100.0,98.83268482490273,86.38132295719845,41.82879377431907,48.44357976653696,29.18287937743191,75.29182879377431
1554,Left Back,8212,Wendell Nascimento Borges,Bayer Leverkusen,904,2422,14.396887159533073,66.53696498054474,76.07003891050583,15.17509727626459,86.7704280155642,50.583657587548636,58.949416342412455,89.10505836575877,18.09338521400778,61.86770428015564,98.0544747081712,29.18287937743191,16.731517509727624
1571,Right Back,8237,Paul Verhaegh,Augsburg,172,2318,72.37354085603113,10.700389105058365,29.18287937743191,82.49027237354085,9.72762645914397,53.11284046692607,87.15953307392996,24.90272373540856,51.16731517509727,11.089494163424124,3.501945525291829,99.22178988326849,59.92217898832685
1589,Right Back,8316,Dennis Diekmeier,Hamburger SV,171,1393,4.280155642023346,24.708171206225682,14.785992217898833,58.949416342412455,57.58754863813229,34.24124513618677,43.96887159533074,29.18287937743191,78.40466926070039,27.237354085603112,12.840466926070038,29.18287937743191,16.731517509727624
1592,Left Back,8319,Philipp Max,Augsburg,172,2125,3.501945525291829,18.482490272373543,10.894941634241246,8.949416342412452,73.54085603112841,42.217898832684824,40.07782101167315,56.03112840466926,90.85603112840467,8.171206225680933,71.20622568093385,29.18287937743191,16.731517509727624
1602,Left Back,8392,Jeremy Toljan,Hoffenheim,175,1487,25.680933852140075,12.645914396887159,49.221789883268485,29.18287937743191,22.56809338521401,12.2568093385214,37.35408560311284,50.0,1.556420233463035,3.8910505836575875,1.556420233463035,80.93385214007782,16.731517509727624
1604,Left Back,8394,Robert Bauer,Ingolstadt,189,1664,10.894941634241246,71.20622568093385,62.45136186770428,70.03891050583657,89.49416342412452,17.120622568093385,3.8910505836575875,3.11284046692607,16.147859922178988,64.39688715953308,90.27237354085604,76.45914396887159,16.731517509727624
1606,Right Back,8396,Theodor Gebre Selassie,Werder Bremen,176,3064,68.48249027237354,60.505836575875485,15.758754863813229,8.365758754863812,79.37743190661479,56.03112840466926,36.57587548638132,15.17509727626459,62.2568093385214,63.42412451361867,59.143968871595334,60.311284046692606,49.61089494163424
1614,Left Back,8504,Bastian Oczipka,Eintracht Frankfurt,184,2775,96.88715953307393,54.6692607003891,76.07003891050583,91.05058365758755,19.844357976653697,53.89105058365759,61.08949416342413,80.1556420233463,45.719844357976655,51.36186770428015,22.17898832684825,29.18287937743191,16.731517509727624
1626,Right Back,8545,Julian Korb,Borussia Mönchengladbach,185,1297,6.614785992217899,10.700389105058365,81.71206225680933,94.16342412451361,68.8715953307393,32.295719844357976,67.70428015564202,20.428015564202333,10.700389105058365,11.089494163424124,83.85214007782102,80.93385214007782,55.252918287937746
1627,Left Back,8547,Matthias Ostrzolek,Hamburger SV,171,2975,33.85214007782101,35.019455252918284,58.754863813229576,20.622568093385212,43.57976653696498,54.86381322957199,29.961089494163424,55.6420233463035,61.478599221789885,33.85214007782101,13.618677042801556,29.18287937743191,55.252918287937746
1628,Right Back,8548,Daniel Brosinski,FSV Mainz 05,177,2218,5.252918287937743,13.618677042801556,5.836575875486381,3.11284046692607,30.35019455252918,73.54085603112841,14.007782101167315,60.505836575875485,68.09338521400778,6.614785992217899,10.505836575875486,71.78988326848248,65.75875486381322
1629,Right Back,8549,Giulio Donati,FSV Mainz 05,177,1944,75.09727626459144,72.568093385214,66.53696498054474,73.15175097276264,51.75097276264592,22.957198443579767,17.509727626459142,15.953307392996107,16.147859922178988,72.17898832684824,53.89105058365759,29.18287937743191,43.57976653696498
1645,Right Back,8576,Mitchell Weiser,Hertha Berlin,173,2494,47.276264591439684,62.06225680933852,34.43579766536965,51.55642023346303,96.49805447470817,59.53307392996109,32.490272373540854,75.4863813229572,33.26848249027237,67.31517509727627,42.60700389105058,84.63035019455253,89.6887159533074
1653,Right Back,8676,Danny Vieira da Costa,Ingolstadt,189,1573,22.17898832684825,79.76653696498055,51.36186770428015,42.023346303501945,95.71984435797665,57.97665369649806,11.478599221789883,26.07003891050584,34.43579766536965,71.20622568093385,18.67704280155642,29.18287937743191,94.16342412451361
1661,Right Back,8808,Matthias Ginter,Borussia Dortmund,180,1945,95.13618677042801,33.85214007782101,9.72762645914397,49.221789883268485,12.840466926070038,63.22957198443579,89.49416342412452,61.86770428015564,79.37743190661479,38.32684824902724,38.52140077821012,97.27626459143968,95.3307392996109
1662,Left Back,8809,Oscar Wendt,Borussia Mönchengladbach,185,2769,31.517509727626457,33.07392996108949,34.43579766536965,77.62645914396887,18.67704280155642,70.03891050583657,71.59533073929961,57.19844357976653,59.143968871595334,24.5136186770428,7.003891050583658,91.63424124513618,55.252918287937746
1672,Right Back,8823,Marcel Risse,FC Köln,186,3057,72.37354085603113,82.49027237354085,50.583657587548636,61.86770428015564,75.4863813229572,98.0544747081712,0.38910505836575876,85.99221789883269,93.57976653696498,75.4863813229572,31.32295719844358,88.13229571984435,89.6887159533074
1689,Left Back,8958,Dennis Aogo,Schalke 04,181,1847,2.7237354085603114,1.556420233463035,1.556420233463035,1.556420233463035,7.003891050583658,91.82879377431907,86.38132295719845,36.18677042801556,92.60700389105058,1.556420233463035,55.6420233463035,29.18287937743191,43.57976653696498
1699,Right Back,9134,Aleksandar Ignjovski,Eintracht Frankfurt,184,1200,21.20622568093385,79.76653696498055,71.01167315175097,42.023346303501945,99.61089494163424,43.77431906614786,9.72762645914397,67.70428015564202,75.68093385214007,86.7704280155642,69.64980544747081,29.18287937743191,59.92217898832685
1706,Left Back,9222,Fabian Holland,Darmstadt 98,872,1478,68.09338521400778,85.99221789883269,65.56420233463035,73.15175097276264,96.88715953307393,12.2568093385214,3.11284046692607,1.556420233463035,4.085603112840467,91.63424124513618,97.66536964980544,29.18287937743191,16.731517509727624
1712,Right Back,9397,Pavel Kadeřábek,Hoffenheim,175,2321,20.233463035019454,5.836575875486381,36.77042801556421,25.291828793774318,15.56420233463035,24.5136186770428,24.5136186770428,26.848249027237355,42.4124513618677,5.836575875486381,28.404669260700388,29.18287937743191,38.13229571984436
1722,Right Back,9459,Paweł Olkowski,FC Köln,186,1204,10.505836575875486,14.591439688715955,42.217898832684824,64.59143968871595,38.52140077821012,2.9182879377431905,16.731517509727624,50.97276264591439,18.09338521400778,18.67704280155642,17.509727626459142,29.18287937743191,16.731517509727624
1726,Right Back,9722,Peter Pekarík,Hertha Berlin,173,1115,56.03112840466926,41.63424124513619,18.8715953307393,19.844357976653697,57.19844357976653,32.295719844357976,69.26070038910505,46.88715953307393,87.7431906614786,51.36186770428015,30.544747081712064,29.18287937743191,65.75875486381322
1728,Right Back,9728,Florian Klein,VfB Stuttgart,174,1574,1.1673151750972763,22.17898832684825,71.01167315175097,83.26848249027238,92.21789883268482,57.97665369649806,28.21011673151751,7.782101167315175,73.92996108949417,23.540856031128403,44.94163424124514,29.18287937743191,49.61089494163424
1735,Right Back,10790,Adelino André Vieira Freitas,Wolfsburg,179,2036,69.45525291828794,64.39688715953308,56.42023346303502,71.20622568093385,43.96887159533074,95.3307392996109,53.30739299610895,76.45914396887159,75.68093385214007,59.53307392996109,8.171206225680933,71.78988326848248,98.83268482490273
1753,Left Back,11458,Marcel Schmelzer,Borussia Dortmund,180,2021,62.64591439688716,35.019455252918284,18.8715953307393,56.6147859922179,66.34241245136187,87.93774319066148,92.99610894941634,78.21011673151752,90.85603112840467,28.404669260700388,38.52140077821012,29.18287937743191,94.16342412451361
1759,Left Back,12316,Oliver Sorg,Hannover 96,178,1751,8.365758754863812,23.346303501945524,21.78988326848249,12.645914396887159,34.824902723735406,12.2568093385214,20.622568093385212,7.003891050583658,6.420233463035019,25.680933852140075,20.038910505836576,29.18287937743191,16.731517509727624
1764,Right Back,12383,Florian Jungwirth,Darmstadt 98,872,1481,77.431906614786,91.43968871595331,56.42023346303502,4.669260700389105,97.66536964980544,12.2568093385214,0.7782101167315175,2.7237354085603114,28.21011673151751,85.99221789883269,27.237354085603112,29.18287937743191,16.731517509727624
1770,Left Back,12626,Emiliano Adrián Insúa Zapata,VfB Stuttgart,174,3046,86.57587548638132,49.416342412451364,78.40466926070039,95.3307392996109,82.49027237354085,71.98443579766537,36.18677042801556,65.1750972762646,70.8171206225681,58.36575875486382,65.95330739299611,29.18287937743191,34.43579766536965
1772,Left Back,13126,Miiko Martín Albornoz Inola,Hannover 96,178,2128,41.82879377431907,50.97276264591439,57.58754863813229,77.62645914396887,68.48249027237354,91.82879377431907,27.237354085603112,48.44357976653696,51.16731517509727,53.89105058365759,35.019455252918284,29.18287937743191,43.57976653696498
1773,Left Back,13206,Erik Durm,Borussia Dortmund,180,923,83.65758754863813,46.10894941634241,18.8715953307393,18.28793774319066,42.80155642023346,63.22957198443579,62.64591439688716,66.14785992217898,45.719844357976655,44.55252918287938,50.19455252918288,91.63424124513618,71.40077821011673
1780,Left Back,15651,Juan Bernat Velasco,Bayern Munich,169,1194,17.315175097276263,9.53307392996109,42.217898832684824,88.91050583657587,8.171206225680933,43.77431906614786,99.22178988326849,66.53696498054474,20.038910505836576,14.591439688715955,15.369649805447471,29.18287937743191,59.92217898832685
1785,Left Back,18399,Gaëtan Bussmann,FSV Mainz 05,177,1204,42.80155642023346,75.87548638132296,30.739299610894943,8.365758754863812,90.27237354085604,57.97665369649806,7.003891050583658,10.116731517509727,18.09338521400778,73.92996108949417,64.39688715953308,84.63035019455253,16.731517509727624
1787,Right Back,19295,Philipp Lahm,Bayern Munich,169,2287,72.37354085603113,4.669260700389105,16.926070038910506,76.65369649805449,3.11284046692607,97.27626459143968,99.61089494163424,95.71984435797665,53.69649805447471,6.22568093385214,2.7237354085603114,65.75875486381322,38.13229571984436
1799,Right Back,20522,György Garics,Darmstadt 98,872,1853,91.24513618677042,30.93385214007782,29.18287937743191,44.16342412451362,62.64591439688716,2.9182879377431905,3.501945525291829,0.38910505836575876,13.424124513618677,25.680933852140075,50.19455252918288,29.18287937743191,16.731517509727624
1800,Right Back,20665,Kevin Großkreutz,VfB Stuttgart,174,917,2.3346303501945527,31.712062256809336,44.16342412451362,100.0,55.252918287937746,41.43968871595331,57.58754863813229,17.509727626459142,68.09338521400778,21.98443579766537,51.55642023346303,29.18287937743191,16.731517509727624
1801,Left Back,20871,Pierre Bengtsson,FSV Mainz 05,177,1289,51.55642023346303,16.147859922178988,2.3346303501945527,0.7782101167315175,67.12062256809338,46.69260700389105,24.124513618677042,15.56420233463035,23.73540856031128,20.428015564202333,27.237354085603112,29.18287937743191,16.731517509727624
1802,Right Back,20950,Yanni Regäsel,Eintracht Frankfurt,184,1292,91.24513618677042,30.93385214007782,4.669260700389105,92.60700389105058,64.98054474708171,32.295719844357976,44.74708171206226,9.33852140077821,23.73540856031128,33.85214007782101,27.237354085603112,29.18287937743191,16.731517509727624
1810,Right Back,23266,Christian Träsch,Wolfsburg,179,2118,61.478599221789885,79.76653696498055,42.217898832684824,46.30350194552529,87.93774319066148,85.7976653696498,76.45914396887159,93.77431906614785,90.85603112840467,77.82101167315176,59.143968871595334,29.18287937743191,43.57976653696498
1828,Right Back,25003,Sascha Riether,Schalke 04,181,1287,35.21400778210117,16.147859922178988,25.87548638132296,21.78988326848249,31.517509727626457,60.311284046692606,81.32295719844358,34.63035019455253,53.69649805447471,20.428015564202333,38.52140077821012,29.18287937743191,16.731517509727624
1830,Left Back,26359,Santiago García,Werder Bremen,176,2693,39.29961089494164,58.754863813229576,77.82101167315176,53.30739299610895,42.4124513618677,82.49027237354085,14.785992217898833,28.01556420233463,70.8171206225681,63.42412451361867,83.85214007782102,29.18287937743191,55.252918287937746
1839,Right Back,30312,Uilson de Souza Paula Júnior,Schalke 04,181,2040,41.82879377431907,56.22568093385214,34.43579766536965,24.90272373540856,75.09727626459144,96.88715953307393,44.3579766536965,80.73929961089495,91.82879377431907,42.80155642023346,87.7431906614786,29.18287937743191,87.7431906614786
1855,Right Back,40460,Tobias Levels,Ingolstadt,189,1486,5.836575875486381,43.77431906614786,55.05836575875487,82.10116731517509,90.6614785992218,24.5136186770428,72.17898832684824,33.26848249027237,28.21011673151751,33.85214007782101,70.62256809338521,80.93385214007782,84.43579766536965
1861,Left Back,40469,Marcel Schäfer,Wolfsburg,179,1295,49.0272373540856,20.428015564202333,1.1673151750972763,96.3035019455253,21.011673151750973,99.22178988326849,61.86770428015564,56.809338521400775,96.88715953307393,11.089494163424124,12.062256809338521,80.93385214007782,87.7431906614786
1867,Right Back,40480,Markus Feulner,Augsburg,172,928,56.809338521400775,96.88715953307393,29.18287937743191,85.60311284046692,100.0,51.9455252918288,29.571984435797667,45.719844357976655,59.143968871595334,98.44357976653697,99.61089494163424,91.63424124513618,16.731517509727624
1869,Left Back,40538,Jin-Su Kim,Hoffenheim,175,1303,0.7782101167315175,2.529182879377432,86.38132295719845,58.17120622568094,81.32295719844358,9.53307392996109,35.60311284046693,42.80155642023346,23.73540856031128,3.8910505836575875,61.284046692607006,29.18287937743191,16.731517509727624
1888,Left Back,6593,Martín Montoya Torralbo,Real Betis,218,1211,8.365758754863812,54.6692607003891,73.54085603112841,11.673151750972762,89.10505836575877,10.700389105058365,80.54474708171206,50.0,5.642023346303502,37.54863813229572,25.291828793774318,29.18287937743191,59.92217898832685
